# ./configure --disable-all --disable-gpl --disable-iconv --enable-static --enable-pic --enable-avcodec --enable-avformat --enable-avutil --enable-vulkan --enable-videotoolbox --enable-decoder=h264 --enable-decoder=hevc --enable-hwaccel=h264_vulkan --enable-hwaccel=hevc_vulkan --enable-hwaccel=h264_videotoolbox --enable-hwaccel=hevc_videotoolbox --arch=x86_64 --extra-cflags='-fPIC -arch x86_64 -mmacosx-version-min=11.0 -Wno-error=asm-operand-widths -I/Users/runner/work/ffmpeg-build/ffmpeg-build/vulkan-headers/include' --extra-ldflags='-arch x86_64 -mmacosx-version-min=11.0'
ACTIONS_ORCHESTRATION_ID=f7081a39-b1dc-4468-bf8e-5c482a9d14c3.build-binaries-macos.x86_64
ACTIONS_RUNNER_ACTION_ARCHIVE_CACHE=/Users/runner/actionarchivecache
AGENT_TOOLSDIRECTORY=/Users/runner/hostedtoolcache
ALL_COMPONENTS='
    
    aac_adtstoasc_bsf
ahx_to_mp2_bsf
apv_metadata_bsf
av1_frame_merge_bsf
av1_frame_split_bsf
av1_metadata_bsf
chomp_bsf
dump_extradata_bsf
dca_core_bsf
dovi_rpu_bsf
dts2pts_bsf
dv_error_marker_bsf
eac3_core_bsf
eia608_to_smpte436m_bsf
evc_frame_merge_bsf
extract_extradata_bsf
filter_units_bsf
h264_metadata_bsf
h264_mp4toannexb_bsf
h264_redundant_pps_bsf
hapqa_extract_bsf
hevc_metadata_bsf
hevc_mp4toannexb_bsf
imx_dump_header_bsf
lcevc_metadata_bsf
media100_to_mjpegb_bsf
mjpeg2jpeg_bsf
mjpega_dump_header_bsf
mpeg2_metadata_bsf
mpeg4_unpack_bframes_bsf
mov2textsub_bsf
noise_bsf
null_bsf
opus_metadata_bsf
pcm_rechunk_bsf
pgs_frame_merge_bsf
prores_metadata_bsf
remove_extradata_bsf
setts_bsf
showinfo_bsf
smpte436m_to_eia608_bsf
text2movsub_bsf
trace_headers_bsf
truehd_core_bsf
vp9_metadata_bsf
vp9_raw_reorder_bsf
vp9_superframe_bsf
vp9_superframe_split_bsf
vvc_metadata_bsf
vvc_mp4toannexb_bsf
    aasc_decoder
aic_decoder
alias_pix_decoder
agm_decoder
amv_decoder
anm_decoder
ansi_decoder
apng_decoder
apv_decoder
arbc_decoder
argo_decoder
asv1_decoder
asv2_decoder
aura_decoder
aura2_decoder
avrp_decoder
avrn_decoder
avs_decoder
avui_decoder
bethsoftvid_decoder
bfi_decoder
bink_decoder
bitpacked_decoder
bmp_decoder
bmv_video_decoder
brender_pix_decoder
c93_decoder
cavs_decoder
cdgraphics_decoder
cdtoons_decoder
cdxl_decoder
cfhd_decoder
cinepak_decoder
clearvideo_decoder
cljr_decoder
cllc_decoder
comfortnoise_decoder
cpia_decoder
cri_decoder
cscd_decoder
cyuv_decoder
dds_decoder
dfa_decoder
dirac_decoder
dnxhd_decoder
dpx_decoder
dsicinvideo_decoder
dvaudio_decoder
dvvideo_decoder
dxa_decoder
dxtory_decoder
dxv_decoder
eacmv_decoder
eamad_decoder
eatgq_decoder
eatgv_decoder
eatqi_decoder
eightbps_decoder
eightsvx_exp_decoder
eightsvx_fib_decoder
escape124_decoder
escape130_decoder
exr_decoder
ffv1_decoder
ffvhuff_decoder
fic_decoder
fits_decoder
flashsv_decoder
flashsv2_decoder
flic_decoder
flv_decoder
fmvc_decoder
fourxm_decoder
fraps_decoder
frwu_decoder
g2m_decoder
gdv_decoder
gem_decoder
gif_decoder
h261_decoder
h263_decoder
h263i_decoder
h263p_decoder
h263_v4l2m2m_decoder
h264_decoder
h264_v4l2m2m_decoder
h264_mediacodec_decoder
h264_mmal_decoder
h264_qsv_decoder
h264_rkmpp_decoder
hap_decoder
hevc_decoder
hevc_qsv_decoder
hevc_rkmpp_decoder
hevc_v4l2m2m_decoder
hnm4_video_decoder
hq_hqa_decoder
hqx_decoder
huffyuv_decoder
hymt_decoder
idcin_decoder
iff_ilbm_decoder
imm4_decoder
imm5_decoder
indeo2_decoder
indeo3_decoder
indeo4_decoder
indeo5_decoder
interplay_video_decoder
ipu_decoder
jpeg2000_decoder
jpegls_decoder
jv_decoder
kgv1_decoder
kmvc_decoder
lagarith_decoder
lead_decoder
loco_decoder
lscr_decoder
m101_decoder
magicyuv_decoder
mdec_decoder
media100_decoder
mimic_decoder
mjpeg_decoder
mjpegb_decoder
mmvideo_decoder
mobiclip_decoder
motionpixels_decoder
mpeg1video_decoder
mpeg2video_decoder
mpeg4_decoder
mpeg4_v4l2m2m_decoder
mpeg4_mmal_decoder
mpegvideo_decoder
mpeg1_v4l2m2m_decoder
mpeg2_mmal_decoder
mpeg2_v4l2m2m_decoder
mpeg2_qsv_decoder
mpeg2_mediacodec_decoder
msa1_decoder
mscc_decoder
msmpeg4v1_decoder
msmpeg4v2_decoder
msmpeg4v3_decoder
msp2_decoder
msrle_decoder
mss1_decoder
mss2_decoder
msvideo1_decoder
mszh_decoder
mts2_decoder
mv30_decoder
mvc1_decoder
mvc2_decoder
mvdv_decoder
mvha_decoder
mwsc_decoder
mxpeg_decoder
notchlc_decoder
nuv_decoder
paf_video_decoder
pam_decoder
pbm_decoder
pcx_decoder
pdv_decoder
pfm_decoder
pgm_decoder
pgmyuv_decoder
pgx_decoder
phm_decoder
photocd_decoder
pictor_decoder
pixlet_decoder
png_decoder
ppm_decoder
prores_decoder
prores_raw_decoder
prosumer_decoder
psd_decoder
ptx_decoder
qdraw_decoder
qoi_decoder
qpeg_decoder
qtrle_decoder
r10k_decoder
r210_decoder
rasc_decoder
rawvideo_decoder
rka_decoder
rl2_decoder
roq_decoder
rpza_decoder
rscc_decoder
rtv1_decoder
rv10_decoder
rv20_decoder
rv30_decoder
rv40_decoder
rv60_decoder
s302m_decoder
sanm_decoder
scpr_decoder
screenpresso_decoder
sga_decoder
sgi_decoder
sgirle_decoder
sheervideo_decoder
simbiosis_imx_decoder
smacker_decoder
smc_decoder
smvjpeg_decoder
snow_decoder
sp5x_decoder
speedhq_decoder
speex_decoder
srgc_decoder
sunrast_decoder
svq1_decoder
svq3_decoder
targa_decoder
targa_y216_decoder
tdsc_decoder
theora_decoder
thp_decoder
tiertexseqvideo_decoder
tiff_decoder
tmv_decoder
truemotion1_decoder
truemotion2_decoder
truemotion2rt_decoder
tscc_decoder
tscc2_decoder
txd_decoder
ulti_decoder
utvideo_decoder
v210_decoder
v210x_decoder
v308_decoder
v408_decoder
v410_decoder
vb_decoder
vbn_decoder
vble_decoder
vc1_decoder
vc1image_decoder
vc1_mmal_decoder
vc1_qsv_decoder
vc1_v4l2m2m_decoder
vcr1_decoder
vmdvideo_decoder
vmix_decoder
vmnc_decoder
vp3_decoder
vp4_decoder
vp5_decoder
vp6_decoder
vp6a_decoder
vp6f_decoder
vp7_decoder
vp8_decoder
vp8_rkmpp_decoder
vp8_v4l2m2m_decoder
vp9_decoder
vp9_rkmpp_decoder
vp9_v4l2m2m_decoder
vqa_decoder
vqc_decoder
vvc_decoder
wbmp_decoder
webp_decoder
wcmv_decoder
wrapped_avframe_decoder
wmv1_decoder
wmv2_decoder
wmv3_decoder
wmv3image_decoder
wnv1_decoder
xan_wc3_decoder
xan_wc4_decoder
xbm_decoder
xface_decoder
xl_decoder
xpm_decoder
xwd_decoder
y41p_decoder
ylc_decoder
yop_decoder
yuv4_decoder
zero12v_decoder
zerocodec_decoder
zlib_decoder
zmbv_decoder
aac_decoder
aac_fixed_decoder
aac_latm_decoder
ac3_decoder
ac3_fixed_decoder
acelp_kelvin_decoder
ahx_decoder
alac_decoder
als_decoder
amrnb_decoder
amrwb_decoder
apac_decoder
ape_decoder
aptx_decoder
aptx_hd_decoder
atrac1_decoder
atrac3_decoder
atrac3al_decoder
atrac3p_decoder
atrac3pal_decoder
atrac9_decoder
binkaudio_dct_decoder
binkaudio_rdft_decoder
bmv_audio_decoder
bonk_decoder
cook_decoder
dca_decoder
dfpwm_decoder
dolby_e_decoder
dsd_lsbf_decoder
dsd_msbf_decoder
dsd_lsbf_planar_decoder
dsd_msbf_planar_decoder
dsicinaudio_decoder
dss_sp_decoder
dst_decoder
eac3_decoder
evrc_decoder
fastaudio_decoder
ffwavesynth_decoder
flac_decoder
ftr_decoder
g723_1_decoder
g728_decoder
g729_decoder
gsm_decoder
gsm_ms_decoder
hca_decoder
hcom_decoder
hdr_decoder
iac_decoder
ilbc_decoder
imc_decoder
interplay_acm_decoder
mace3_decoder
mace6_decoder
metasound_decoder
misc4_decoder
mlp_decoder
mp1_decoder
mp1float_decoder
mp2_decoder
mp2float_decoder
mp3float_decoder
mp3_decoder
mp3adufloat_decoder
mp3adu_decoder
mp3on4float_decoder
mp3on4_decoder
mpc7_decoder
mpc8_decoder
msnsiren_decoder
nellymoser_decoder
on2avc_decoder
opus_decoder
osq_decoder
paf_audio_decoder
qcelp_decoder
qdm2_decoder
qdmc_decoder
qoa_decoder
ra_144_decoder
ra_288_decoder
ralf_decoder
sbc_decoder
shorten_decoder
sipr_decoder
siren_decoder
smackaud_decoder
sonic_decoder
tak_decoder
truehd_decoder
truespeech_decoder
tta_decoder
twinvq_decoder
vmdaudio_decoder
vorbis_decoder
wavarc_decoder
wavpack_decoder
wmalossless_decoder
wmapro_decoder
wmav1_decoder
wmav2_decoder
wmavoice_decoder
ws_snd1_decoder
xma1_decoder
xma2_decoder
pcm_alaw_decoder
pcm_bluray_decoder
pcm_dvd_decoder
pcm_f16le_decoder
pcm_f24le_decoder
pcm_f32be_decoder
pcm_f32le_decoder
pcm_f64be_decoder
pcm_f64le_decoder
pcm_lxf_decoder
pcm_mulaw_decoder
pcm_s8_decoder
pcm_s8_planar_decoder
pcm_s16be_decoder
pcm_s16be_planar_decoder
pcm_s16le_decoder
pcm_s16le_planar_decoder
pcm_s24be_decoder
pcm_s24daud_decoder
pcm_s24le_decoder
pcm_s24le_planar_decoder
pcm_s32be_decoder
pcm_s32le_decoder
pcm_s32le_planar_decoder
pcm_s64be_decoder
pcm_s64le_decoder
pcm_sga_decoder
pcm_u8_decoder
pcm_u16be_decoder
pcm_u16le_decoder
pcm_u24be_decoder
pcm_u24le_decoder
pcm_u32be_decoder
pcm_u32le_decoder
pcm_vidc_decoder
cbd2_dpcm_decoder
derf_dpcm_decoder
gremlin_dpcm_decoder
interplay_dpcm_decoder
roq_dpcm_decoder
sdx2_dpcm_decoder
sol_dpcm_decoder
xan_dpcm_decoder
wady_dpcm_decoder
adpcm_4xm_decoder
adpcm_adx_decoder
adpcm_afc_decoder
adpcm_agm_decoder
adpcm_aica_decoder
adpcm_argo_decoder
adpcm_circus_decoder
adpcm_ct_decoder
adpcm_dtk_decoder
adpcm_ea_decoder
adpcm_ea_maxis_xa_decoder
adpcm_ea_r1_decoder
adpcm_ea_r2_decoder
adpcm_ea_r3_decoder
adpcm_ea_xas_decoder
adpcm_g722_decoder
adpcm_g726_decoder
adpcm_g726le_decoder
adpcm_ima_acorn_decoder
adpcm_ima_amv_decoder
adpcm_ima_alp_decoder
adpcm_ima_apc_decoder
adpcm_ima_apm_decoder
adpcm_ima_cunning_decoder
adpcm_ima_dat4_decoder
adpcm_ima_dk3_decoder
adpcm_ima_dk4_decoder
adpcm_ima_ea_eacs_decoder
adpcm_ima_ea_sead_decoder
adpcm_ima_escape_decoder
adpcm_ima_hvqm2_decoder
adpcm_ima_hvqm4_decoder
adpcm_ima_iss_decoder
adpcm_ima_magix_decoder
adpcm_ima_moflex_decoder
adpcm_ima_mtf_decoder
adpcm_ima_oki_decoder
adpcm_ima_pda_decoder
adpcm_ima_qt_decoder
adpcm_ima_rad_decoder
adpcm_ima_ssi_decoder
adpcm_ima_smjpeg_decoder
adpcm_ima_wav_decoder
adpcm_ima_ws_decoder
adpcm_ima_xbox_decoder
adpcm_ms_decoder
adpcm_mtaf_decoder
adpcm_n64_decoder
adpcm_psx_decoder
adpcm_psxc_decoder
adpcm_sanyo_decoder
adpcm_sbpro_2_decoder
adpcm_sbpro_3_decoder
adpcm_sbpro_4_decoder
adpcm_swf_decoder
adpcm_thp_decoder
adpcm_thp_le_decoder
adpcm_vima_decoder
adpcm_xa_decoder
adpcm_xmd_decoder
adpcm_yamaha_decoder
adpcm_zork_decoder
ssa_decoder
ass_decoder
ccaption_decoder
dvbsub_decoder
dvdsub_decoder
jacosub_decoder
microdvd_decoder
movtext_decoder
mpl2_decoder
pgssub_decoder
pjs_decoder
realtext_decoder
sami_decoder
srt_decoder
stl_decoder
subrip_decoder
subviewer_decoder
subviewer1_decoder
text_decoder
vplayer_decoder
webvtt_decoder
xsub_decoder
aac_at_decoder
ac3_at_decoder
adpcm_ima_qt_at_decoder
alac_at_decoder
amr_nb_at_decoder
eac3_at_decoder
gsm_ms_at_decoder
ilbc_at_decoder
mp1_at_decoder
mp2_at_decoder
mp3_at_decoder
pcm_alaw_at_decoder
pcm_mulaw_at_decoder
qdmc_at_decoder
qdm2_at_decoder
libaribcaption_decoder
libaribb24_decoder
libcelt_decoder
libcodec2_decoder
libdav1d_decoder
libdavs2_decoder
libfdk_aac_decoder
libgsm_decoder
libgsm_ms_decoder
libilbc_decoder
libjxl_anim_decoder
libjxl_decoder
liblc3_decoder
libmpeghdec_decoder
libopencore_amrnb_decoder
libopencore_amrwb_decoder
libopus_decoder
librsvg_decoder
libspeex_decoder
libsvtjpegxs_decoder
libuavs3d_decoder
libvorbis_decoder
libvpx_vp8_decoder
libvpx_vp9_decoder
libxevd_decoder
libzvbi_teletext_decoder
bintext_decoder
xbin_decoder
idf_decoder
aac_mediacodec_decoder
amrnb_mediacodec_decoder
amrwb_mediacodec_decoder
libaom_av1_decoder
av1_decoder
av1_cuvid_decoder
av1_mediacodec_decoder
av1_qsv_decoder
av1_amf_decoder
libopenh264_decoder
h264_amf_decoder
h264_cuvid_decoder
h264_oh_decoder
hevc_amf_decoder
hevc_cuvid_decoder
hevc_mediacodec_decoder
hevc_oh_decoder
mjpeg_cuvid_decoder
mjpeg_qsv_decoder
mp3_mediacodec_decoder
mpeg1_cuvid_decoder
mpeg2_cuvid_decoder
mpeg4_cuvid_decoder
mpeg4_mediacodec_decoder
vc1_cuvid_decoder
vp8_cuvid_decoder
vp8_mediacodec_decoder
vp8_qsv_decoder
vp9_amf_decoder
vp9_cuvid_decoder
vp9_mediacodec_decoder
vp9_qsv_decoder
vvc_qsv_decoder
vnull_decoder
anull_decoder
    a64multi_encoder
a64multi5_encoder
alias_pix_encoder
amv_encoder
apng_encoder
asv1_encoder
asv2_encoder
avrp_encoder
avui_encoder
bitpacked_encoder
bmp_encoder
cfhd_encoder
cinepak_encoder
cljr_encoder
comfortnoise_encoder
dnxhd_encoder
dpx_encoder
dvvideo_encoder
dxv_encoder
exr_encoder
ffv1_encoder
ffv1_vulkan_encoder
ffvhuff_encoder
fits_encoder
flashsv_encoder
flashsv2_encoder
flv_encoder
gif_encoder
h261_encoder
h263_encoder
h263p_encoder
h264_mediacodec_encoder
h264_rkmpp_encoder
hap_encoder
hevc_rkmpp_encoder
huffyuv_encoder
jpeg2000_encoder
jpegls_encoder
ljpeg_encoder
magicyuv_encoder
mjpeg_encoder
mpeg1video_encoder
mpeg2video_encoder
mpeg4_encoder
msmpeg4v2_encoder
msmpeg4v3_encoder
msrle_encoder
msvideo1_encoder
pam_encoder
pbm_encoder
pcx_encoder
pfm_encoder
pgm_encoder
pgmyuv_encoder
phm_encoder
png_encoder
ppm_encoder
prores_encoder
prores_aw_encoder
prores_ks_encoder
prores_ks_vulkan_encoder
qoi_encoder
qtrle_encoder
r10k_encoder
r210_encoder
rawvideo_encoder
roq_encoder
rpza_encoder
rv10_encoder
rv20_encoder
s302m_encoder
sgi_encoder
smc_encoder
snow_encoder
speedhq_encoder
sunrast_encoder
svq1_encoder
targa_encoder
tiff_encoder
utvideo_encoder
v210_encoder
v308_encoder
v408_encoder
v410_encoder
vbn_encoder
vc2_encoder
wbmp_encoder
wrapped_avframe_encoder
wmv1_encoder
wmv2_encoder
xbm_encoder
xface_encoder
xwd_encoder
y41p_encoder
yuv4_encoder
zlib_encoder
zmbv_encoder
aac_encoder
ac3_encoder
ac3_fixed_encoder
alac_encoder
aptx_encoder
aptx_hd_encoder
dca_encoder
dfpwm_encoder
eac3_encoder
flac_encoder
g723_1_encoder
hdr_encoder
mlp_encoder
mp2_encoder
mp2fixed_encoder
nellymoser_encoder
opus_encoder
ra_144_encoder
sbc_encoder
sonic_encoder
sonic_ls_encoder
truehd_encoder
tta_encoder
vorbis_encoder
wavpack_encoder
wmav1_encoder
wmav2_encoder
pcm_alaw_encoder
pcm_bluray_encoder
pcm_dvd_encoder
pcm_f32be_encoder
pcm_f32le_encoder
pcm_f64be_encoder
pcm_f64le_encoder
pcm_mulaw_encoder
pcm_s8_encoder
pcm_s8_planar_encoder
pcm_s16be_encoder
pcm_s16be_planar_encoder
pcm_s16le_encoder
pcm_s16le_planar_encoder
pcm_s24be_encoder
pcm_s24daud_encoder
pcm_s24le_encoder
pcm_s24le_planar_encoder
pcm_s32be_encoder
pcm_s32le_encoder
pcm_s32le_planar_encoder
pcm_s64be_encoder
pcm_s64le_encoder
pcm_u8_encoder
pcm_u16be_encoder
pcm_u16le_encoder
pcm_u24be_encoder
pcm_u24le_encoder
pcm_u32be_encoder
pcm_u32le_encoder
pcm_vidc_encoder
roq_dpcm_encoder
adpcm_adx_encoder
adpcm_argo_encoder
adpcm_g722_encoder
adpcm_g726_encoder
adpcm_g726le_encoder
adpcm_ima_amv_encoder
adpcm_ima_alp_encoder
adpcm_ima_apm_encoder
adpcm_ima_qt_encoder
adpcm_ima_ssi_encoder
adpcm_ima_wav_encoder
adpcm_ima_ws_encoder
adpcm_ms_encoder
adpcm_swf_encoder
adpcm_yamaha_encoder
ssa_encoder
ass_encoder
dvbsub_encoder
dvdsub_encoder
movtext_encoder
srt_encoder
subrip_encoder
text_encoder
ttml_encoder
webvtt_encoder
xsub_encoder
aac_at_encoder
alac_at_encoder
ilbc_at_encoder
pcm_alaw_at_encoder
pcm_mulaw_at_encoder
libaom_av1_encoder
libcodec2_encoder
libfdk_aac_encoder
libgsm_encoder
libgsm_ms_encoder
libilbc_encoder
libjxl_anim_encoder
libjxl_encoder
liblc3_encoder
libmp3lame_encoder
liboapv_encoder
libopencore_amrnb_encoder
libopenjpeg_encoder
libopus_encoder
librav1e_encoder
libshine_encoder
libspeex_encoder
libsvtav1_encoder
libsvtjpegxs_encoder
libtheora_encoder
libtwolame_encoder
libvo_amrwbenc_encoder
libvorbis_encoder
libvpx_vp8_encoder
libvpx_vp9_encoder
libvvenc_encoder
libwebp_anim_encoder
libwebp_encoder
libx262_encoder
libx264_encoder
libx264rgb_encoder
libx265_encoder
libxeve_encoder
libxavs_encoder
libxavs2_encoder
libxvid_encoder
aac_mf_encoder
ac3_mf_encoder
h263_v4l2m2m_encoder
av1_d3d12va_encoder
av1_mediacodec_encoder
av1_nvenc_encoder
av1_qsv_encoder
av1_amf_encoder
av1_mf_encoder
av1_vaapi_encoder
av1_vulkan_encoder
libopenh264_encoder
h264_amf_encoder
h264_d3d12va_encoder
h264_mf_encoder
h264_nvenc_encoder
h264_oh_encoder
h264_omx_encoder
h264_qsv_encoder
h264_v4l2m2m_encoder
h264_vaapi_encoder
h264_videotoolbox_encoder
h264_vulkan_encoder
hevc_amf_encoder
hevc_d3d12va_encoder
hevc_mediacodec_encoder
hevc_mf_encoder
hevc_nvenc_encoder
hevc_oh_encoder
hevc_qsv_encoder
hevc_v4l2m2m_encoder
hevc_vaapi_encoder
hevc_videotoolbox_encoder
hevc_vulkan_encoder
libkvazaar_encoder
mjpeg_qsv_encoder
mjpeg_vaapi_encoder
mp3_mf_encoder
mpeg2_qsv_encoder
mpeg2_vaapi_encoder
mpeg4_mediacodec_encoder
mpeg4_omx_encoder
mpeg4_v4l2m2m_encoder
prores_videotoolbox_encoder
vp8_mediacodec_encoder
vp8_v4l2m2m_encoder
vp8_vaapi_encoder
vp9_mediacodec_encoder
vp9_vaapi_encoder
vp9_qsv_encoder
vnull_encoder
anull_encoder
    av1_d3d11va_hwaccel
av1_d3d11va2_hwaccel
av1_d3d12va_hwaccel
av1_dxva2_hwaccel
av1_nvdec_hwaccel
av1_vaapi_hwaccel
av1_vdpau_hwaccel
av1_videotoolbox_hwaccel
av1_vulkan_hwaccel
dpx_vulkan_hwaccel
ffv1_vulkan_hwaccel
h263_vaapi_hwaccel
h263_videotoolbox_hwaccel
h264_d3d11va_hwaccel
h264_d3d11va2_hwaccel
h264_d3d12va_hwaccel
h264_dxva2_hwaccel
h264_nvdec_hwaccel
h264_vaapi_hwaccel
h264_vdpau_hwaccel
h264_videotoolbox_hwaccel
h264_vulkan_hwaccel
hevc_d3d11va_hwaccel
hevc_d3d11va2_hwaccel
hevc_d3d12va_hwaccel
hevc_dxva2_hwaccel
hevc_nvdec_hwaccel
hevc_vaapi_hwaccel
hevc_vdpau_hwaccel
hevc_videotoolbox_hwaccel
hevc_vulkan_hwaccel
mjpeg_nvdec_hwaccel
mjpeg_vaapi_hwaccel
mpeg1_nvdec_hwaccel
mpeg1_vdpau_hwaccel
mpeg1_videotoolbox_hwaccel
mpeg2_d3d11va_hwaccel
mpeg2_d3d11va2_hwaccel
mpeg2_d3d12va_hwaccel
mpeg2_dxva2_hwaccel
mpeg2_nvdec_hwaccel
mpeg2_vaapi_hwaccel
mpeg2_vdpau_hwaccel
mpeg2_videotoolbox_hwaccel
mpeg4_nvdec_hwaccel
mpeg4_vaapi_hwaccel
mpeg4_vdpau_hwaccel
mpeg4_videotoolbox_hwaccel
prores_videotoolbox_hwaccel
prores_vulkan_hwaccel
prores_raw_vulkan_hwaccel
vc1_d3d11va_hwaccel
vc1_d3d11va2_hwaccel
vc1_d3d12va_hwaccel
vc1_dxva2_hwaccel
vc1_nvdec_hwaccel
vc1_vaapi_hwaccel
vc1_vdpau_hwaccel
vp8_nvdec_hwaccel
vp8_vaapi_hwaccel
vp9_d3d11va_hwaccel
vp9_d3d11va2_hwaccel
vp9_d3d12va_hwaccel
vp9_dxva2_hwaccel
vp9_nvdec_hwaccel
vp9_vaapi_hwaccel
vp9_vdpau_hwaccel
vp9_videotoolbox_hwaccel
vp9_vulkan_hwaccel
vvc_vaapi_hwaccel
wmv3_d3d11va_hwaccel
wmv3_d3d11va2_hwaccel
wmv3_d3d12va_hwaccel
wmv3_dxva2_hwaccel
wmv3_nvdec_hwaccel
wmv3_vaapi_hwaccel
wmv3_vdpau_hwaccel
    aac_parser
aac_latm_parser
ac3_parser
adx_parser
ahx_parser
amr_parser
apv_parser
av1_parser
avs2_parser
avs3_parser
bmp_parser
cavsvideo_parser
cook_parser
cri_parser
dca_parser
dirac_parser
dnxhd_parser
dnxuc_parser
dolby_e_parser
dpx_parser
dvaudio_parser
dvbsub_parser
dvdsub_parser
dvd_nav_parser
evc_parser
flac_parser
ftr_parser
ffv1_parser
g723_1_parser
g729_parser
gif_parser
gsm_parser
h261_parser
h263_parser
h264_parser
hevc_parser
hdr_parser
ipu_parser
jpeg2000_parser
jpegxl_parser
jpegxs_parser
lcevc_parser
misc4_parser
mjpeg_parser
mlp_parser
mpeg4video_parser
mpegaudio_parser
mpegvideo_parser
opus_parser
prores_parser
png_parser
pnm_parser
prores_raw_parser
qoi_parser
rv34_parser
sbc_parser
sipr_parser
tak_parser
vc1_parser
vorbis_parser
vp3_parser
vp8_parser
vp9_parser
vvc_parser
webp_parser
xbm_parser
xma_parser
xwd_parser

    
    alsa_indev
android_camera_indev
avfoundation_indev
decklink_indev
dshow_indev
fbdev_indev
gdigrab_indev
iec61883_indev
jack_indev
kmsgrab_indev
lavfi_indev
openal_indev
oss_indev
pulse_indev
sndio_indev
v4l2_indev
vfwcap_indev
xcbgrab_indev
libcdio_indev
libdc1394_indev
    alsa_outdev
audiotoolbox_outdev
caca_outdev
decklink_outdev
fbdev_outdev
oss_outdev
pulse_outdev
sndio_outdev
v4l2_outdev
xv_outdev

    
    aap_filter
abench_filter
acompressor_filter
acontrast_filter
acopy_filter
acue_filter
acrossfade_filter
acrossover_filter
acrusher_filter
adeclick_filter
adeclip_filter
adecorrelate_filter
adelay_filter
adenorm_filter
aderivative_filter
adrc_filter
adynamicequalizer_filter
adynamicsmooth_filter
aecho_filter
aemphasis_filter
aeval_filter
aexciter_filter
afade_filter
afftdn_filter
afftfilt_filter
afir_filter
aformat_filter
afreqshift_filter
afwtdn_filter
agate_filter
aiir_filter
aintegral_filter
ainterleave_filter
alatency_filter
alimiter_filter
allpass_filter
aloop_filter
amerge_filter
ametadata_filter
amix_filter
amultiply_filter
anequalizer_filter
anlmdn_filter
anlmf_filter
anlms_filter
anull_filter
apad_filter
aperms_filter
aphaser_filter
aphaseshift_filter
apsnr_filter
apsyclip_filter
apulsator_filter
arealtime_filter
aresample_filter
areverse_filter
arls_filter
arnndn_filter
asdr_filter
asegment_filter
aselect_filter
asendcmd_filter
asetnsamples_filter
asetpts_filter
asetrate_filter
asettb_filter
ashowinfo_filter
asidedata_filter
asisdr_filter
asoftclip_filter
aspectralstats_filter
asplit_filter
asr_filter
astats_filter
astreamselect_filter
asubboost_filter
asubcut_filter
asupercut_filter
asuperpass_filter
asuperstop_filter
atempo_filter
atilt_filter
atrim_filter
axcorrelate_filter
azmq_filter
bandpass_filter
bandreject_filter
bass_filter
biquad_filter
bs2b_filter
channelmap_filter
channelsplit_filter
chorus_filter
compand_filter
compensationdelay_filter
crossfeed_filter
crystalizer_filter
dcshift_filter
deesser_filter
dialoguenhance_filter
drmeter_filter
dynaudnorm_filter
earwax_filter
ebur128_filter
equalizer_filter
extrastereo_filter
firequalizer_filter
flanger_filter
haas_filter
hdcd_filter
headphone_filter
highpass_filter
highshelf_filter
join_filter
ladspa_filter
loudnorm_filter
lowpass_filter
lowshelf_filter
lv2_filter
mcompand_filter
pan_filter
replaygain_filter
rubberband_filter
sidechaincompress_filter
sidechaingate_filter
silencedetect_filter
silenceremove_filter
sofalizer_filter
speechnorm_filter
stereotools_filter
stereowiden_filter
superequalizer_filter
surround_filter
tiltshelf_filter
treble_filter
tremolo_filter
vibrato_filter
virtualbass_filter
volume_filter
volumedetect_filter
whisper_filter
aevalsrc_filter
afdelaysrc_filter
afireqsrc_filter
afirsrc_filter
anoisesrc_filter
anullsrc_filter
flite_filter
hilbert_filter
sinc_filter
sine_filter
anullsink_filter
addroi_filter
alphaextract_filter
alphamerge_filter
amplify_filter
ass_filter
atadenoise_filter
avgblur_filter
avgblur_opencl_filter
avgblur_vulkan_filter
backgroundkey_filter
bbox_filter
bench_filter
bilateral_filter
bilateral_cuda_filter
bitplanenoise_filter
blackdetect_filter
blackdetect_vulkan_filter
blackframe_filter
blend_filter
blend_vulkan_filter
blockdetect_filter
blurdetect_filter
bm3d_filter
boxblur_filter
boxblur_opencl_filter
bwdif_filter
bwdif_cuda_filter
bwdif_vulkan_filter
cas_filter
ccrepack_filter
chromaber_vulkan_filter
chromahold_filter
chromakey_filter
chromakey_cuda_filter
chromanr_filter
chromashift_filter
ciescope_filter
codecview_filter
colorbalance_filter
colorchannelmixer_filter
colorcontrast_filter
colorcorrect_filter
colordetect_filter
colorize_filter
colorkey_filter
colorkey_opencl_filter
colorhold_filter
colorlevels_filter
colormap_filter
colormatrix_filter
colorspace_filter
colorspace_cuda_filter
colortemperature_filter
convolution_filter
convolution_opencl_filter
convolve_filter
copy_filter
coreimage_filter
corr_filter
cover_rect_filter
crop_filter
cropdetect_filter
cue_filter
curves_filter
datascope_filter
dblur_filter
dctdnoiz_filter
deband_filter
deblock_filter
decimate_filter
deconvolve_filter
dedot_filter
deflate_filter
deflicker_filter
deinterlace_qsv_filter
deinterlace_d3d12_filter
deinterlace_vaapi_filter
dejudder_filter
delogo_filter
denoise_vaapi_filter
derain_filter
deshake_filter
deshake_opencl_filter
despill_filter
detelecine_filter
dilation_filter
dilation_opencl_filter
displace_filter
dnn_classify_filter
dnn_detect_filter
dnn_processing_filter
doubleweave_filter
drawbox_filter
drawgraph_filter
drawgrid_filter
drawtext_filter
drawvg_filter
edgedetect_filter
elbg_filter
entropy_filter
epx_filter
eq_filter
erosion_filter
erosion_opencl_filter
estdif_filter
exposure_filter
extractplanes_filter
fade_filter
feedback_filter
fftdnoiz_filter
fftfilt_filter
field_filter
fieldhint_filter
fieldmatch_filter
fieldorder_filter
fillborders_filter
find_rect_filter
flip_vulkan_filter
floodfill_filter
format_filter
fps_filter
framepack_filter
framerate_filter
framestep_filter
freezedetect_filter
freezeframes_filter
frei0r_filter
fspp_filter
fsync_filter
gblur_filter
gblur_vulkan_filter
geq_filter
gradfun_filter
graphmonitor_filter
grayworld_filter
greyedge_filter
guided_filter
haldclut_filter
hflip_filter
hflip_vulkan_filter
histeq_filter
histogram_filter
hqdn3d_filter
hqx_filter
hstack_filter
hsvhold_filter
hsvkey_filter
hue_filter
huesaturation_filter
hwdownload_filter
hwmap_filter
hwupload_filter
hwupload_cuda_filter
hysteresis_filter
iccdetect_filter
iccgen_filter
identity_filter
idet_filter
il_filter
inflate_filter
interlace_filter
interlace_vulkan_filter
interleave_filter
kerndeint_filter
kirsch_filter
lagfun_filter
latency_filter
lcevc_filter
lenscorrection_filter
lensfun_filter
libplacebo_filter
libvmaf_filter
libvmaf_cuda_filter
limitdiff_filter
limiter_filter
loop_filter
lumakey_filter
lut_filter
lut1d_filter
lut2_filter
lut3d_filter
lutrgb_filter
lutyuv_filter
maskedclamp_filter
maskedmax_filter
maskedmerge_filter
maskedmin_filter
maskedthreshold_filter
maskfun_filter
mcdeint_filter
median_filter
mergeplanes_filter
mestimate_filter
mestimate_d3d12_filter
metadata_filter
midequalizer_filter
minterpolate_filter
mix_filter
monochrome_filter
morpho_filter
mpdecimate_filter
msad_filter
multiply_filter
negate_filter
nlmeans_filter
nlmeans_opencl_filter
nlmeans_vulkan_filter
nnedi_filter
noformat_filter
noise_filter
normalize_filter
null_filter
ocr_filter
ocv_filter
oscilloscope_filter
ocio_filter
overlay_filter
overlay_opencl_filter
overlay_qsv_filter
overlay_vaapi_filter
overlay_vulkan_filter
overlay_cuda_filter
owdenoise_filter
pad_filter
pad_cuda_filter
pad_opencl_filter
palettegen_filter
paletteuse_filter
perms_filter
perspective_filter
phase_filter
photosensitivity_filter
pixdesctest_filter
pixelize_filter
pixscope_filter
pp7_filter
premultiply_filter
premultiply_dynamic_filter
prewitt_filter
prewitt_opencl_filter
procamp_vaapi_filter
program_opencl_filter
pseudocolor_filter
psnr_filter
pullup_filter
qp_filter
qrencode_filter
quirc_filter
random_filter
readeia608_filter
readvitc_filter
realtime_filter
remap_filter
remap_opencl_filter
removegrain_filter
removelogo_filter
repeatfields_filter
reverse_filter
rgbashift_filter
roberts_filter
roberts_opencl_filter
rotate_filter
sab_filter
scale_filter
vpp_amf_filter
sr_amf_filter
scale_cuda_filter
scale_d3d11_filter
scale_d3d12_filter
scale_npp_filter
scale_qsv_filter
scale_vaapi_filter
scale_vt_filter
scale_vulkan_filter
scale2ref_filter
scale2ref_npp_filter
scdet_filter
scdet_vulkan_filter
scharr_filter
scroll_filter
segment_filter
select_filter
selectivecolor_filter
sendcmd_filter
separatefields_filter
setdar_filter
setfield_filter
setparams_filter
setpts_filter
setrange_filter
setsar_filter
settb_filter
sharpen_npp_filter
sharpness_vaapi_filter
shear_filter
showinfo_filter
showpalette_filter
shuffleframes_filter
shufflepixels_filter
shuffleplanes_filter
sidedata_filter
signalstats_filter
signature_filter
siti_filter
smartblur_filter
sobel_filter
sobel_opencl_filter
split_filter
spp_filter
sr_filter
ssim_filter
ssim360_filter
stereo3d_filter
streamselect_filter
subtitles_filter
super2xsai_filter
swaprect_filter
swapuv_filter
tblend_filter
telecine_filter
thistogram_filter
threshold_filter
thumbnail_filter
thumbnail_cuda_filter
tile_filter
tiltandshift_filter
tinterlace_filter
tlut2_filter
tmedian_filter
tmidequalizer_filter
tmix_filter
tonemap_filter
tonemap_opencl_filter
tonemap_vaapi_filter
tpad_filter
transpose_filter
transpose_npp_filter
transpose_opencl_filter
transpose_vaapi_filter
transpose_vt_filter
transpose_vulkan_filter
trim_filter
unpremultiply_filter
unsharp_filter
unsharp_opencl_filter
untile_filter
uspp_filter
v360_filter
vaguedenoiser_filter
varblur_filter
vectorscope_filter
vflip_filter
vflip_vulkan_filter
vfrdet_filter
vibrance_filter
vidstabdetect_filter
vidstabtransform_filter
vif_filter
vignette_filter
vmafmotion_filter
vpp_qsv_filter
vstack_filter
w3fdif_filter
waveform_filter
weave_filter
xbr_filter
xcorrelate_filter
xfade_filter
xfade_opencl_filter
xfade_vulkan_filter
xmedian_filter
xpsnr_filter
xstack_filter
yadif_filter
yadif_cuda_filter
yadif_videotoolbox_filter
yaepblur_filter
zmq_filter
zoompan_filter
zscale_filter
hstack_vaapi_filter
vstack_vaapi_filter
xstack_vaapi_filter
hstack_qsv_filter
vstack_qsv_filter
xstack_qsv_filter
pad_vaapi_filter
drawbox_vaapi_filter
allrgb_filter
allyuv_filter
amf_capture_filter
cellauto_filter
color_filter
color_vulkan_filter
colorchart_filter
colorspectrum_filter
coreimagesrc_filter
ddagrab_filter
frei0r_src_filter
gfxcapture_filter
gradients_filter
haldclutsrc_filter
life_filter
mandelbrot_filter
mptestsrc_filter
nullsrc_filter
openclsrc_filter
qrencodesrc_filter
pal75bars_filter
pal100bars_filter
perlin_filter
rgbtestsrc_filter
sierpinski_filter
smptebars_filter
smptehdbars_filter
testsrc_filter
testsrc2_filter
yuvtestsrc_filter
zoneplate_filter
nullsink_filter
a3dscope_filter
abitscope_filter
adrawgraph_filter
agraphmonitor_filter
ahistogram_filter
aphasemeter_filter
avectorscope_filter
concat_filter
showcqt_filter
showcwt_filter
showfreqs_filter
showspatial_filter
showspectrum_filter
showspectrumpic_filter
showvolume_filter
showwaves_filter
showwavespic_filter
spectrumsynth_filter
avsynctest_filter
amovie_filter
movie_filter

    
    aa_demuxer
aac_demuxer
aax_demuxer
ac3_demuxer
ac4_demuxer
ace_demuxer
acm_demuxer
act_demuxer
adf_demuxer
adp_demuxer
ads_demuxer
adx_demuxer
aea_demuxer
afc_demuxer
aiff_demuxer
aix_demuxer
alp_demuxer
amr_demuxer
amrnb_demuxer
amrwb_demuxer
anm_demuxer
apac_demuxer
apc_demuxer
ape_demuxer
apm_demuxer
apng_demuxer
aptx_demuxer
aptx_hd_demuxer
apv_demuxer
aqtitle_demuxer
argo_asf_demuxer
argo_brp_demuxer
argo_cvg_demuxer
asf_demuxer
asf_o_demuxer
ass_demuxer
ast_demuxer
au_demuxer
av1_demuxer
avi_demuxer
avr_demuxer
avs_demuxer
avs2_demuxer
avs3_demuxer
bethsoftvid_demuxer
bfi_demuxer
bintext_demuxer
bink_demuxer
binka_demuxer
bit_demuxer
bitpacked_demuxer
bmv_demuxer
bfstm_demuxer
brstm_demuxer
boa_demuxer
bonk_demuxer
c93_demuxer
caf_demuxer
cavsvideo_demuxer
cdg_demuxer
cdxl_demuxer
cine_demuxer
codec2_demuxer
codec2raw_demuxer
concat_demuxer
dash_demuxer
data_demuxer
daud_demuxer
dcstr_demuxer
derf_demuxer
dfa_demuxer
dfpwm_demuxer
dhav_demuxer
dirac_demuxer
dnxhd_demuxer
dsf_demuxer
dsicin_demuxer
dss_demuxer
dts_demuxer
dtshd_demuxer
dv_demuxer
dvbsub_demuxer
dvbtxt_demuxer
dxa_demuxer
ea_demuxer
ea_cdata_demuxer
eac3_demuxer
epaf_demuxer
evc_demuxer
ffmetadata_demuxer
filmstrip_demuxer
fits_demuxer
flac_demuxer
flic_demuxer
flv_demuxer
live_flv_demuxer
fourxm_demuxer
frm_demuxer
fsb_demuxer
fwse_demuxer
g722_demuxer
g723_1_demuxer
g726_demuxer
g726le_demuxer
g728_demuxer
g729_demuxer
gdv_demuxer
genh_demuxer
gif_demuxer
gsm_demuxer
gxf_demuxer
h261_demuxer
h263_demuxer
h264_demuxer
hca_demuxer
hcom_demuxer
hevc_demuxer
hls_demuxer
hnm_demuxer
hxvs_demuxer
iamf_demuxer
ico_demuxer
idcin_demuxer
idf_demuxer
iff_demuxer
ifv_demuxer
ilbc_demuxer
image2_demuxer
image2pipe_demuxer
image2_alias_pix_demuxer
image2_brender_pix_demuxer
imf_demuxer
ingenient_demuxer
ipmovie_demuxer
ipu_demuxer
ircam_demuxer
iss_demuxer
iv8_demuxer
ivf_demuxer
ivr_demuxer
jacosub_demuxer
jv_demuxer
jpegxl_anim_demuxer
kux_demuxer
kvag_demuxer
laf_demuxer
lc3_demuxer
lmlm4_demuxer
loas_demuxer
luodat_demuxer
lrc_demuxer
lvf_demuxer
lxf_demuxer
m4v_demuxer
mca_demuxer
mcc_demuxer
matroska_demuxer
mgsts_demuxer
microdvd_demuxer
mjpeg_demuxer
mjpeg_2000_demuxer
mlp_demuxer
mlv_demuxer
mm_demuxer
mmf_demuxer
mods_demuxer
moflex_demuxer
mov_demuxer
mp3_demuxer
mpc_demuxer
mpc8_demuxer
mpegps_demuxer
mpegts_demuxer
mpegtsraw_demuxer
mpegvideo_demuxer
mpjpeg_demuxer
mpl2_demuxer
mpsub_demuxer
msf_demuxer
msnwc_tcp_demuxer
msp_demuxer
mtaf_demuxer
mtv_demuxer
musx_demuxer
mv_demuxer
mvi_demuxer
mxf_demuxer
mxg_demuxer
nc_demuxer
nistsphere_demuxer
nsp_demuxer
nsv_demuxer
nut_demuxer
nuv_demuxer
obu_demuxer
ogg_demuxer
oma_demuxer
osq_demuxer
paf_demuxer
pcm_alaw_demuxer
pcm_mulaw_demuxer
pcm_vidc_demuxer
pcm_f64be_demuxer
pcm_f64le_demuxer
pcm_f32be_demuxer
pcm_f32le_demuxer
pcm_s32be_demuxer
pcm_s32le_demuxer
pcm_s24be_demuxer
pcm_s24le_demuxer
pcm_s16be_demuxer
pcm_s16le_demuxer
pcm_s8_demuxer
pcm_u32be_demuxer
pcm_u32le_demuxer
pcm_u24be_demuxer
pcm_u24le_demuxer
pcm_u16be_demuxer
pcm_u16le_demuxer
pcm_u8_demuxer
pdv_demuxer
pjs_demuxer
pmp_demuxer
pp_bnk_demuxer
pva_demuxer
pvf_demuxer
qcp_demuxer
qoa_demuxer
r3d_demuxer
rawvideo_demuxer
rcwt_demuxer
realtext_demuxer
redspark_demuxer
rka_demuxer
rl2_demuxer
rm_demuxer
roq_demuxer
rpl_demuxer
rsd_demuxer
rso_demuxer
rtp_demuxer
rtsp_demuxer
s337m_demuxer
sami_demuxer
sap_demuxer
sbc_demuxer
sbg_demuxer
scc_demuxer
scd_demuxer
sdns_demuxer
sdp_demuxer
sdr2_demuxer
sds_demuxer
sdx_demuxer
segafilm_demuxer
ser_demuxer
sga_demuxer
shorten_demuxer
siff_demuxer
simbiosis_imx_demuxer
sln_demuxer
smacker_demuxer
smjpeg_demuxer
smush_demuxer
sol_demuxer
sox_demuxer
spdif_demuxer
srt_demuxer
str_demuxer
stl_demuxer
subviewer1_demuxer
subviewer_demuxer
sup_demuxer
svag_demuxer
svs_demuxer
swf_demuxer
tak_demuxer
tedcaptions_demuxer
thp_demuxer
threedostr_demuxer
tiertexseq_demuxer
tmv_demuxer
truehd_demuxer
tta_demuxer
txd_demuxer
tty_demuxer
ty_demuxer
usm_demuxer
v210_demuxer
v210x_demuxer
vag_demuxer
vc1_demuxer
vc1t_demuxer
vividas_demuxer
vivo_demuxer
vmd_demuxer
vobsub_demuxer
voc_demuxer
vpk_demuxer
vplayer_demuxer
vqf_demuxer
vvc_demuxer
w64_demuxer
wady_demuxer
wavarc_demuxer
wav_demuxer
wc3_demuxer
webm_dash_manifest_demuxer
webvtt_demuxer
wsaud_demuxer
wsd_demuxer
wsvqa_demuxer
wtv_demuxer
wve_demuxer
wv_demuxer
xa_demuxer
xbin_demuxer
xmd_demuxer
xmv_demuxer
xvag_demuxer
xwma_demuxer
yop_demuxer
yuv4mpegpipe_demuxer
image_bmp_pipe_demuxer
image_cri_pipe_demuxer
image_dds_pipe_demuxer
image_dpx_pipe_demuxer
image_exr_pipe_demuxer
image_gem_pipe_demuxer
image_gif_pipe_demuxer
image_hdr_pipe_demuxer
image_j2k_pipe_demuxer
image_jpeg_pipe_demuxer
image_jpegls_pipe_demuxer
image_jpegxl_pipe_demuxer
image_jpegxs_pipe_demuxer
image_pam_pipe_demuxer
image_pbm_pipe_demuxer
image_pcx_pipe_demuxer
image_pfm_pipe_demuxer
image_pgmyuv_pipe_demuxer
image_pgm_pipe_demuxer
image_pgx_pipe_demuxer
image_phm_pipe_demuxer
image_photocd_pipe_demuxer
image_pictor_pipe_demuxer
image_png_pipe_demuxer
image_ppm_pipe_demuxer
image_psd_pipe_demuxer
image_qdraw_pipe_demuxer
image_qoi_pipe_demuxer
image_sgi_pipe_demuxer
image_svg_pipe_demuxer
image_sunrast_pipe_demuxer
image_tiff_pipe_demuxer
image_vbn_pipe_demuxer
image_webp_pipe_demuxer
image_xbm_pipe_demuxer
image_xpm_pipe_demuxer
image_xwd_pipe_demuxer
avisynth_demuxer
dvdvideo_demuxer
libgme_demuxer
libmodplug_demuxer
libopenmpt_demuxer
vapoursynth_demuxer
    a64_muxer
ac3_muxer
ac4_muxer
adts_muxer
adx_muxer
aea_muxer
aiff_muxer
alp_muxer
amr_muxer
amv_muxer
apm_muxer
apng_muxer
aptx_muxer
aptx_hd_muxer
apv_muxer
argo_asf_muxer
argo_cvg_muxer
asf_muxer
ass_muxer
ast_muxer
asf_stream_muxer
au_muxer
avi_muxer
avif_muxer
avm2_muxer
avs2_muxer
avs3_muxer
bit_muxer
caf_muxer
cavsvideo_muxer
codec2_muxer
codec2raw_muxer
crc_muxer
dash_muxer
data_muxer
daud_muxer
dfpwm_muxer
dirac_muxer
dnxhd_muxer
dts_muxer
dv_muxer
eac3_muxer
evc_muxer
f4v_muxer
ffmetadata_muxer
fifo_muxer
filmstrip_muxer
fits_muxer
flac_muxer
flv_muxer
framecrc_muxer
framehash_muxer
framemd5_muxer
g722_muxer
g723_1_muxer
g726_muxer
g726le_muxer
gif_muxer
gsm_muxer
gxf_muxer
h261_muxer
h263_muxer
h264_muxer
hash_muxer
hds_muxer
hevc_muxer
hls_muxer
iamf_muxer
ico_muxer
ilbc_muxer
image2_muxer
image2pipe_muxer
ipod_muxer
ircam_muxer
ismv_muxer
ivf_muxer
jacosub_muxer
kvag_muxer
latm_muxer
lc3_muxer
lrc_muxer
m4v_muxer
mcc_muxer
md5_muxer
matroska_muxer
matroska_audio_muxer
microdvd_muxer
mjpeg_muxer
mlp_muxer
mmf_muxer
mov_muxer
mp2_muxer
mp3_muxer
mp4_muxer
mpeg1system_muxer
mpeg1vcd_muxer
mpeg1video_muxer
mpeg2dvd_muxer
mpeg2svcd_muxer
mpeg2video_muxer
mpeg2vob_muxer
mpegts_muxer
mpjpeg_muxer
mxf_muxer
mxf_d10_muxer
mxf_opatom_muxer
null_muxer
nut_muxer
obu_muxer
oga_muxer
ogg_muxer
ogv_muxer
oma_muxer
opus_muxer
pcm_alaw_muxer
pcm_mulaw_muxer
pcm_vidc_muxer
pcm_f64be_muxer
pcm_f64le_muxer
pcm_f32be_muxer
pcm_f32le_muxer
pcm_s32be_muxer
pcm_s32le_muxer
pcm_s24be_muxer
pcm_s24le_muxer
pcm_s16be_muxer
pcm_s16le_muxer
pcm_s8_muxer
pcm_u32be_muxer
pcm_u32le_muxer
pcm_u24be_muxer
pcm_u24le_muxer
pcm_u16be_muxer
pcm_u16le_muxer
pcm_u8_muxer
psp_muxer
rawvideo_muxer
rcwt_muxer
rm_muxer
roq_muxer
rso_muxer
rtp_muxer
rtp_mpegts_muxer
rtsp_muxer
sap_muxer
sbc_muxer
scc_muxer
segafilm_muxer
segment_muxer
stream_segment_muxer
smjpeg_muxer
smoothstreaming_muxer
sox_muxer
spx_muxer
spdif_muxer
srt_muxer
streamhash_muxer
sup_muxer
swf_muxer
tee_muxer
tg2_muxer
tgp_muxer
mkvtimestamp_v2_muxer
truehd_muxer
tta_muxer
ttml_muxer
uncodedframecrc_muxer
vc1_muxer
vc1t_muxer
voc_muxer
vvc_muxer
w64_muxer
wav_muxer
webm_muxer
webm_dash_manifest_muxer
webm_chunk_muxer
webp_muxer
webvtt_muxer
whip_muxer
wsaud_muxer
wtv_muxer
wv_muxer
yuv4mpegpipe_muxer
chromaprint_muxer
    android_content_protocol
async_protocol
bluray_protocol
cache_protocol
concat_protocol
concatf_protocol
crypto_protocol
data_protocol
fd_protocol
ffrtmpcrypt_protocol
ffrtmphttp_protocol
file_protocol
ftp_protocol
gopher_protocol
gophers_protocol
http_protocol
httpproxy_protocol
https_protocol
icecast_protocol
mmsh_protocol
mmst_protocol
md5_protocol
pipe_protocol
prompeg_protocol
rtmp_protocol
rtmpe_protocol
rtmps_protocol
rtmpt_protocol
rtmpte_protocol
rtmpts_protocol
rtp_protocol
sctp_protocol
srtp_protocol
subfile_protocol
tee_protocol
tcp_protocol
tls_protocol
dtls_protocol
udp_protocol
udplite_protocol
unix_protocol
libamqp_protocol
librist_protocol
librtmp_protocol
librtmpe_protocol
librtmps_protocol
librtmpt_protocol
librtmpte_protocol
libsrt_protocol
libssh_protocol
libsmbclient_protocol
libzmq_protocol
ipfs_gateway_protocol
ipns_gateway_protocol

'
ANDROID_HOME=/Users/runner/Library/Android/sdk
ANDROID_NDK=/Users/runner/Library/Android/sdk/ndk/27.3.13750724
ANDROID_NDK_HOME=/Users/runner/Library/Android/sdk/ndk/27.3.13750724
ANDROID_NDK_LATEST_HOME=/Users/runner/Library/Android/sdk/ndk/29.0.14206865
ANDROID_NDK_ROOT=/Users/runner/Library/Android/sdk/ndk/27.3.13750724
ANDROID_SDK_ROOT=/Users/runner/Library/Android/sdk
ARCH_EXT_LIST='
    
    armv5te
    armv6
    armv6t2
    armv8
    arm_crc
    dotprod
    i8mm
    neon
    vfp
    vfpv3
    setend
    sve
    sve2
    sme
    sme_i16i64
    sme2

    
    altivec
    dcbzl
    ldbrx
    power8
    ppc4xx
    vec_xl
    vsx

    
    rv
    rvv
    rv_zicbop
    rv_zvbb

    
    simd128

    
    
    aesni
    clmul
    amd3dnow
    amd3dnowext
    avx
    avx2
    avx512
    avx512icl
    fma3
    fma4
    mmx
    mmxext
    sse
    sse2
    sse3
    sse4
    sse42
    ssse3
    xop

    i686

    
    mipsfpu
    mips32r2
    mips32r5
    mips64r2
    mips32r6
    mips64r6
    mipsdsp
    mipsdspr2
    msa

    
    loongson2
    loongson3
    mmi
    lsx
    lasx

'
ARCH_EXT_LIST_ARM='
    armv5te
    armv6
    armv6t2
    armv8
    arm_crc
    dotprod
    i8mm
    neon
    vfp
    vfpv3
    setend
    sve
    sve2
    sme
    sme_i16i64
    sme2
'
ARCH_EXT_LIST_LOONGSON='
    loongson2
    loongson3
    mmi
    lsx
    lasx
'
ARCH_EXT_LIST_MIPS='
    mipsfpu
    mips32r2
    mips32r5
    mips64r2
    mips32r6
    mips64r6
    mipsdsp
    mipsdspr2
    msa
'
ARCH_EXT_LIST_PPC='
    altivec
    dcbzl
    ldbrx
    power8
    ppc4xx
    vec_xl
    vsx
'
ARCH_EXT_LIST_RISCV='
    rv
    rvv
    rv_zicbop
    rv_zvbb
'
ARCH_EXT_LIST_WASM='
    simd128
'
ARCH_EXT_LIST_X86='
    
    aesni
    clmul
    amd3dnow
    amd3dnowext
    avx
    avx2
    avx512
    avx512icl
    fma3
    fma4
    mmx
    mmxext
    sse
    sse2
    sse3
    sse4
    sse42
    ssse3
    xop

    i686
'
ARCH_EXT_LIST_X86_SIMD='
    aesni
    clmul
    amd3dnow
    amd3dnowext
    avx
    avx2
    avx512
    avx512icl
    fma3
    fma4
    mmx
    mmxext
    sse
    sse2
    sse3
    sse4
    sse42
    ssse3
    xop
'
ARCH_FEATURES='
    aligned_stack
    fast_64bit
    fast_clz
    fast_cmov
    fast_float16
    simd_align_16
    simd_align_32
    simd_align_64
'
ARCH_LIST='
    aarch64
    arm
    ia64
    loongarch
    loongarch32
    loongarch64
    m68k
    mips
    mips64
    parisc
    ppc
    ppc64
    riscv
    s390
    sparc
    sparc64
    tilegx
    tilepro
    wasm
    x86
    x86_32
    x86_64
'
AS_C=-c
AS_O='-o $@'
ATOMICS_LIST='
    atomics_win32
'
AUTODETECT_LIBS='
    
    alsa
    appkit
    avfoundation
    bzlib
    coreimage
    iconv
    libxcb
    libxcb_shm
    libxcb_shape
    libxcb_xfixes
    lzma
    mediafoundation
    metal
    schannel
    sdl2
    securetransport
    sndio
    xlib
    zlib

    
    amf
    audiotoolbox
    cuda
    cuda_llvm
    cuvid
    d3d11va
    d3d12va
    dxva2
    ffnvcodec
    libdrm
    nvdec
    nvenc
    vaapi
    vdpau
    videotoolbox
    vulkan
    v4l2_m2m

    
    pthreads
    os2threads
    w32threads

'
AVCODEC_COMPONENTS='
    bsfs
    decoders
    encoders
    hwaccels
    parsers
'
AVCODEC_COMPONENTS_LIST='
    aac_adtstoasc_bsf
ahx_to_mp2_bsf
apv_metadata_bsf
av1_frame_merge_bsf
av1_frame_split_bsf
av1_metadata_bsf
chomp_bsf
dump_extradata_bsf
dca_core_bsf
dovi_rpu_bsf
dts2pts_bsf
dv_error_marker_bsf
eac3_core_bsf
eia608_to_smpte436m_bsf
evc_frame_merge_bsf
extract_extradata_bsf
filter_units_bsf
h264_metadata_bsf
h264_mp4toannexb_bsf
h264_redundant_pps_bsf
hapqa_extract_bsf
hevc_metadata_bsf
hevc_mp4toannexb_bsf
imx_dump_header_bsf
lcevc_metadata_bsf
media100_to_mjpegb_bsf
mjpeg2jpeg_bsf
mjpega_dump_header_bsf
mpeg2_metadata_bsf
mpeg4_unpack_bframes_bsf
mov2textsub_bsf
noise_bsf
null_bsf
opus_metadata_bsf
pcm_rechunk_bsf
pgs_frame_merge_bsf
prores_metadata_bsf
remove_extradata_bsf
setts_bsf
showinfo_bsf
smpte436m_to_eia608_bsf
text2movsub_bsf
trace_headers_bsf
truehd_core_bsf
vp9_metadata_bsf
vp9_raw_reorder_bsf
vp9_superframe_bsf
vp9_superframe_split_bsf
vvc_metadata_bsf
vvc_mp4toannexb_bsf
    aasc_decoder
aic_decoder
alias_pix_decoder
agm_decoder
amv_decoder
anm_decoder
ansi_decoder
apng_decoder
apv_decoder
arbc_decoder
argo_decoder
asv1_decoder
asv2_decoder
aura_decoder
aura2_decoder
avrp_decoder
avrn_decoder
avs_decoder
avui_decoder
bethsoftvid_decoder
bfi_decoder
bink_decoder
bitpacked_decoder
bmp_decoder
bmv_video_decoder
brender_pix_decoder
c93_decoder
cavs_decoder
cdgraphics_decoder
cdtoons_decoder
cdxl_decoder
cfhd_decoder
cinepak_decoder
clearvideo_decoder
cljr_decoder
cllc_decoder
comfortnoise_decoder
cpia_decoder
cri_decoder
cscd_decoder
cyuv_decoder
dds_decoder
dfa_decoder
dirac_decoder
dnxhd_decoder
dpx_decoder
dsicinvideo_decoder
dvaudio_decoder
dvvideo_decoder
dxa_decoder
dxtory_decoder
dxv_decoder
eacmv_decoder
eamad_decoder
eatgq_decoder
eatgv_decoder
eatqi_decoder
eightbps_decoder
eightsvx_exp_decoder
eightsvx_fib_decoder
escape124_decoder
escape130_decoder
exr_decoder
ffv1_decoder
ffvhuff_decoder
fic_decoder
fits_decoder
flashsv_decoder
flashsv2_decoder
flic_decoder
flv_decoder
fmvc_decoder
fourxm_decoder
fraps_decoder
frwu_decoder
g2m_decoder
gdv_decoder
gem_decoder
gif_decoder
h261_decoder
h263_decoder
h263i_decoder
h263p_decoder
h263_v4l2m2m_decoder
h264_decoder
h264_v4l2m2m_decoder
h264_mediacodec_decoder
h264_mmal_decoder
h264_qsv_decoder
h264_rkmpp_decoder
hap_decoder
hevc_decoder
hevc_qsv_decoder
hevc_rkmpp_decoder
hevc_v4l2m2m_decoder
hnm4_video_decoder
hq_hqa_decoder
hqx_decoder
huffyuv_decoder
hymt_decoder
idcin_decoder
iff_ilbm_decoder
imm4_decoder
imm5_decoder
indeo2_decoder
indeo3_decoder
indeo4_decoder
indeo5_decoder
interplay_video_decoder
ipu_decoder
jpeg2000_decoder
jpegls_decoder
jv_decoder
kgv1_decoder
kmvc_decoder
lagarith_decoder
lead_decoder
loco_decoder
lscr_decoder
m101_decoder
magicyuv_decoder
mdec_decoder
media100_decoder
mimic_decoder
mjpeg_decoder
mjpegb_decoder
mmvideo_decoder
mobiclip_decoder
motionpixels_decoder
mpeg1video_decoder
mpeg2video_decoder
mpeg4_decoder
mpeg4_v4l2m2m_decoder
mpeg4_mmal_decoder
mpegvideo_decoder
mpeg1_v4l2m2m_decoder
mpeg2_mmal_decoder
mpeg2_v4l2m2m_decoder
mpeg2_qsv_decoder
mpeg2_mediacodec_decoder
msa1_decoder
mscc_decoder
msmpeg4v1_decoder
msmpeg4v2_decoder
msmpeg4v3_decoder
msp2_decoder
msrle_decoder
mss1_decoder
mss2_decoder
msvideo1_decoder
mszh_decoder
mts2_decoder
mv30_decoder
mvc1_decoder
mvc2_decoder
mvdv_decoder
mvha_decoder
mwsc_decoder
mxpeg_decoder
notchlc_decoder
nuv_decoder
paf_video_decoder
pam_decoder
pbm_decoder
pcx_decoder
pdv_decoder
pfm_decoder
pgm_decoder
pgmyuv_decoder
pgx_decoder
phm_decoder
photocd_decoder
pictor_decoder
pixlet_decoder
png_decoder
ppm_decoder
prores_decoder
prores_raw_decoder
prosumer_decoder
psd_decoder
ptx_decoder
qdraw_decoder
qoi_decoder
qpeg_decoder
qtrle_decoder
r10k_decoder
r210_decoder
rasc_decoder
rawvideo_decoder
rka_decoder
rl2_decoder
roq_decoder
rpza_decoder
rscc_decoder
rtv1_decoder
rv10_decoder
rv20_decoder
rv30_decoder
rv40_decoder
rv60_decoder
s302m_decoder
sanm_decoder
scpr_decoder
screenpresso_decoder
sga_decoder
sgi_decoder
sgirle_decoder
sheervideo_decoder
simbiosis_imx_decoder
smacker_decoder
smc_decoder
smvjpeg_decoder
snow_decoder
sp5x_decoder
speedhq_decoder
speex_decoder
srgc_decoder
sunrast_decoder
svq1_decoder
svq3_decoder
targa_decoder
targa_y216_decoder
tdsc_decoder
theora_decoder
thp_decoder
tiertexseqvideo_decoder
tiff_decoder
tmv_decoder
truemotion1_decoder
truemotion2_decoder
truemotion2rt_decoder
tscc_decoder
tscc2_decoder
txd_decoder
ulti_decoder
utvideo_decoder
v210_decoder
v210x_decoder
v308_decoder
v408_decoder
v410_decoder
vb_decoder
vbn_decoder
vble_decoder
vc1_decoder
vc1image_decoder
vc1_mmal_decoder
vc1_qsv_decoder
vc1_v4l2m2m_decoder
vcr1_decoder
vmdvideo_decoder
vmix_decoder
vmnc_decoder
vp3_decoder
vp4_decoder
vp5_decoder
vp6_decoder
vp6a_decoder
vp6f_decoder
vp7_decoder
vp8_decoder
vp8_rkmpp_decoder
vp8_v4l2m2m_decoder
vp9_decoder
vp9_rkmpp_decoder
vp9_v4l2m2m_decoder
vqa_decoder
vqc_decoder
vvc_decoder
wbmp_decoder
webp_decoder
wcmv_decoder
wrapped_avframe_decoder
wmv1_decoder
wmv2_decoder
wmv3_decoder
wmv3image_decoder
wnv1_decoder
xan_wc3_decoder
xan_wc4_decoder
xbm_decoder
xface_decoder
xl_decoder
xpm_decoder
xwd_decoder
y41p_decoder
ylc_decoder
yop_decoder
yuv4_decoder
zero12v_decoder
zerocodec_decoder
zlib_decoder
zmbv_decoder
aac_decoder
aac_fixed_decoder
aac_latm_decoder
ac3_decoder
ac3_fixed_decoder
acelp_kelvin_decoder
ahx_decoder
alac_decoder
als_decoder
amrnb_decoder
amrwb_decoder
apac_decoder
ape_decoder
aptx_decoder
aptx_hd_decoder
atrac1_decoder
atrac3_decoder
atrac3al_decoder
atrac3p_decoder
atrac3pal_decoder
atrac9_decoder
binkaudio_dct_decoder
binkaudio_rdft_decoder
bmv_audio_decoder
bonk_decoder
cook_decoder
dca_decoder
dfpwm_decoder
dolby_e_decoder
dsd_lsbf_decoder
dsd_msbf_decoder
dsd_lsbf_planar_decoder
dsd_msbf_planar_decoder
dsicinaudio_decoder
dss_sp_decoder
dst_decoder
eac3_decoder
evrc_decoder
fastaudio_decoder
ffwavesynth_decoder
flac_decoder
ftr_decoder
g723_1_decoder
g728_decoder
g729_decoder
gsm_decoder
gsm_ms_decoder
hca_decoder
hcom_decoder
hdr_decoder
iac_decoder
ilbc_decoder
imc_decoder
interplay_acm_decoder
mace3_decoder
mace6_decoder
metasound_decoder
misc4_decoder
mlp_decoder
mp1_decoder
mp1float_decoder
mp2_decoder
mp2float_decoder
mp3float_decoder
mp3_decoder
mp3adufloat_decoder
mp3adu_decoder
mp3on4float_decoder
mp3on4_decoder
mpc7_decoder
mpc8_decoder
msnsiren_decoder
nellymoser_decoder
on2avc_decoder
opus_decoder
osq_decoder
paf_audio_decoder
qcelp_decoder
qdm2_decoder
qdmc_decoder
qoa_decoder
ra_144_decoder
ra_288_decoder
ralf_decoder
sbc_decoder
shorten_decoder
sipr_decoder
siren_decoder
smackaud_decoder
sonic_decoder
tak_decoder
truehd_decoder
truespeech_decoder
tta_decoder
twinvq_decoder
vmdaudio_decoder
vorbis_decoder
wavarc_decoder
wavpack_decoder
wmalossless_decoder
wmapro_decoder
wmav1_decoder
wmav2_decoder
wmavoice_decoder
ws_snd1_decoder
xma1_decoder
xma2_decoder
pcm_alaw_decoder
pcm_bluray_decoder
pcm_dvd_decoder
pcm_f16le_decoder
pcm_f24le_decoder
pcm_f32be_decoder
pcm_f32le_decoder
pcm_f64be_decoder
pcm_f64le_decoder
pcm_lxf_decoder
pcm_mulaw_decoder
pcm_s8_decoder
pcm_s8_planar_decoder
pcm_s16be_decoder
pcm_s16be_planar_decoder
pcm_s16le_decoder
pcm_s16le_planar_decoder
pcm_s24be_decoder
pcm_s24daud_decoder
pcm_s24le_decoder
pcm_s24le_planar_decoder
pcm_s32be_decoder
pcm_s32le_decoder
pcm_s32le_planar_decoder
pcm_s64be_decoder
pcm_s64le_decoder
pcm_sga_decoder
pcm_u8_decoder
pcm_u16be_decoder
pcm_u16le_decoder
pcm_u24be_decoder
pcm_u24le_decoder
pcm_u32be_decoder
pcm_u32le_decoder
pcm_vidc_decoder
cbd2_dpcm_decoder
derf_dpcm_decoder
gremlin_dpcm_decoder
interplay_dpcm_decoder
roq_dpcm_decoder
sdx2_dpcm_decoder
sol_dpcm_decoder
xan_dpcm_decoder
wady_dpcm_decoder
adpcm_4xm_decoder
adpcm_adx_decoder
adpcm_afc_decoder
adpcm_agm_decoder
adpcm_aica_decoder
adpcm_argo_decoder
adpcm_circus_decoder
adpcm_ct_decoder
adpcm_dtk_decoder
adpcm_ea_decoder
adpcm_ea_maxis_xa_decoder
adpcm_ea_r1_decoder
adpcm_ea_r2_decoder
adpcm_ea_r3_decoder
adpcm_ea_xas_decoder
adpcm_g722_decoder
adpcm_g726_decoder
adpcm_g726le_decoder
adpcm_ima_acorn_decoder
adpcm_ima_amv_decoder
adpcm_ima_alp_decoder
adpcm_ima_apc_decoder
adpcm_ima_apm_decoder
adpcm_ima_cunning_decoder
adpcm_ima_dat4_decoder
adpcm_ima_dk3_decoder
adpcm_ima_dk4_decoder
adpcm_ima_ea_eacs_decoder
adpcm_ima_ea_sead_decoder
adpcm_ima_escape_decoder
adpcm_ima_hvqm2_decoder
adpcm_ima_hvqm4_decoder
adpcm_ima_iss_decoder
adpcm_ima_magix_decoder
adpcm_ima_moflex_decoder
adpcm_ima_mtf_decoder
adpcm_ima_oki_decoder
adpcm_ima_pda_decoder
adpcm_ima_qt_decoder
adpcm_ima_rad_decoder
adpcm_ima_ssi_decoder
adpcm_ima_smjpeg_decoder
adpcm_ima_wav_decoder
adpcm_ima_ws_decoder
adpcm_ima_xbox_decoder
adpcm_ms_decoder
adpcm_mtaf_decoder
adpcm_n64_decoder
adpcm_psx_decoder
adpcm_psxc_decoder
adpcm_sanyo_decoder
adpcm_sbpro_2_decoder
adpcm_sbpro_3_decoder
adpcm_sbpro_4_decoder
adpcm_swf_decoder
adpcm_thp_decoder
adpcm_thp_le_decoder
adpcm_vima_decoder
adpcm_xa_decoder
adpcm_xmd_decoder
adpcm_yamaha_decoder
adpcm_zork_decoder
ssa_decoder
ass_decoder
ccaption_decoder
dvbsub_decoder
dvdsub_decoder
jacosub_decoder
microdvd_decoder
movtext_decoder
mpl2_decoder
pgssub_decoder
pjs_decoder
realtext_decoder
sami_decoder
srt_decoder
stl_decoder
subrip_decoder
subviewer_decoder
subviewer1_decoder
text_decoder
vplayer_decoder
webvtt_decoder
xsub_decoder
aac_at_decoder
ac3_at_decoder
adpcm_ima_qt_at_decoder
alac_at_decoder
amr_nb_at_decoder
eac3_at_decoder
gsm_ms_at_decoder
ilbc_at_decoder
mp1_at_decoder
mp2_at_decoder
mp3_at_decoder
pcm_alaw_at_decoder
pcm_mulaw_at_decoder
qdmc_at_decoder
qdm2_at_decoder
libaribcaption_decoder
libaribb24_decoder
libcelt_decoder
libcodec2_decoder
libdav1d_decoder
libdavs2_decoder
libfdk_aac_decoder
libgsm_decoder
libgsm_ms_decoder
libilbc_decoder
libjxl_anim_decoder
libjxl_decoder
liblc3_decoder
libmpeghdec_decoder
libopencore_amrnb_decoder
libopencore_amrwb_decoder
libopus_decoder
librsvg_decoder
libspeex_decoder
libsvtjpegxs_decoder
libuavs3d_decoder
libvorbis_decoder
libvpx_vp8_decoder
libvpx_vp9_decoder
libxevd_decoder
libzvbi_teletext_decoder
bintext_decoder
xbin_decoder
idf_decoder
aac_mediacodec_decoder
amrnb_mediacodec_decoder
amrwb_mediacodec_decoder
libaom_av1_decoder
av1_decoder
av1_cuvid_decoder
av1_mediacodec_decoder
av1_qsv_decoder
av1_amf_decoder
libopenh264_decoder
h264_amf_decoder
h264_cuvid_decoder
h264_oh_decoder
hevc_amf_decoder
hevc_cuvid_decoder
hevc_mediacodec_decoder
hevc_oh_decoder
mjpeg_cuvid_decoder
mjpeg_qsv_decoder
mp3_mediacodec_decoder
mpeg1_cuvid_decoder
mpeg2_cuvid_decoder
mpeg4_cuvid_decoder
mpeg4_mediacodec_decoder
vc1_cuvid_decoder
vp8_cuvid_decoder
vp8_mediacodec_decoder
vp8_qsv_decoder
vp9_amf_decoder
vp9_cuvid_decoder
vp9_mediacodec_decoder
vp9_qsv_decoder
vvc_qsv_decoder
vnull_decoder
anull_decoder
    a64multi_encoder
a64multi5_encoder
alias_pix_encoder
amv_encoder
apng_encoder
asv1_encoder
asv2_encoder
avrp_encoder
avui_encoder
bitpacked_encoder
bmp_encoder
cfhd_encoder
cinepak_encoder
cljr_encoder
comfortnoise_encoder
dnxhd_encoder
dpx_encoder
dvvideo_encoder
dxv_encoder
exr_encoder
ffv1_encoder
ffv1_vulkan_encoder
ffvhuff_encoder
fits_encoder
flashsv_encoder
flashsv2_encoder
flv_encoder
gif_encoder
h261_encoder
h263_encoder
h263p_encoder
h264_mediacodec_encoder
h264_rkmpp_encoder
hap_encoder
hevc_rkmpp_encoder
huffyuv_encoder
jpeg2000_encoder
jpegls_encoder
ljpeg_encoder
magicyuv_encoder
mjpeg_encoder
mpeg1video_encoder
mpeg2video_encoder
mpeg4_encoder
msmpeg4v2_encoder
msmpeg4v3_encoder
msrle_encoder
msvideo1_encoder
pam_encoder
pbm_encoder
pcx_encoder
pfm_encoder
pgm_encoder
pgmyuv_encoder
phm_encoder
png_encoder
ppm_encoder
prores_encoder
prores_aw_encoder
prores_ks_encoder
prores_ks_vulkan_encoder
qoi_encoder
qtrle_encoder
r10k_encoder
r210_encoder
rawvideo_encoder
roq_encoder
rpza_encoder
rv10_encoder
rv20_encoder
s302m_encoder
sgi_encoder
smc_encoder
snow_encoder
speedhq_encoder
sunrast_encoder
svq1_encoder
targa_encoder
tiff_encoder
utvideo_encoder
v210_encoder
v308_encoder
v408_encoder
v410_encoder
vbn_encoder
vc2_encoder
wbmp_encoder
wrapped_avframe_encoder
wmv1_encoder
wmv2_encoder
xbm_encoder
xface_encoder
xwd_encoder
y41p_encoder
yuv4_encoder
zlib_encoder
zmbv_encoder
aac_encoder
ac3_encoder
ac3_fixed_encoder
alac_encoder
aptx_encoder
aptx_hd_encoder
dca_encoder
dfpwm_encoder
eac3_encoder
flac_encoder
g723_1_encoder
hdr_encoder
mlp_encoder
mp2_encoder
mp2fixed_encoder
nellymoser_encoder
opus_encoder
ra_144_encoder
sbc_encoder
sonic_encoder
sonic_ls_encoder
truehd_encoder
tta_encoder
vorbis_encoder
wavpack_encoder
wmav1_encoder
wmav2_encoder
pcm_alaw_encoder
pcm_bluray_encoder
pcm_dvd_encoder
pcm_f32be_encoder
pcm_f32le_encoder
pcm_f64be_encoder
pcm_f64le_encoder
pcm_mulaw_encoder
pcm_s8_encoder
pcm_s8_planar_encoder
pcm_s16be_encoder
pcm_s16be_planar_encoder
pcm_s16le_encoder
pcm_s16le_planar_encoder
pcm_s24be_encoder
pcm_s24daud_encoder
pcm_s24le_encoder
pcm_s24le_planar_encoder
pcm_s32be_encoder
pcm_s32le_encoder
pcm_s32le_planar_encoder
pcm_s64be_encoder
pcm_s64le_encoder
pcm_u8_encoder
pcm_u16be_encoder
pcm_u16le_encoder
pcm_u24be_encoder
pcm_u24le_encoder
pcm_u32be_encoder
pcm_u32le_encoder
pcm_vidc_encoder
roq_dpcm_encoder
adpcm_adx_encoder
adpcm_argo_encoder
adpcm_g722_encoder
adpcm_g726_encoder
adpcm_g726le_encoder
adpcm_ima_amv_encoder
adpcm_ima_alp_encoder
adpcm_ima_apm_encoder
adpcm_ima_qt_encoder
adpcm_ima_ssi_encoder
adpcm_ima_wav_encoder
adpcm_ima_ws_encoder
adpcm_ms_encoder
adpcm_swf_encoder
adpcm_yamaha_encoder
ssa_encoder
ass_encoder
dvbsub_encoder
dvdsub_encoder
movtext_encoder
srt_encoder
subrip_encoder
text_encoder
ttml_encoder
webvtt_encoder
xsub_encoder
aac_at_encoder
alac_at_encoder
ilbc_at_encoder
pcm_alaw_at_encoder
pcm_mulaw_at_encoder
libaom_av1_encoder
libcodec2_encoder
libfdk_aac_encoder
libgsm_encoder
libgsm_ms_encoder
libilbc_encoder
libjxl_anim_encoder
libjxl_encoder
liblc3_encoder
libmp3lame_encoder
liboapv_encoder
libopencore_amrnb_encoder
libopenjpeg_encoder
libopus_encoder
librav1e_encoder
libshine_encoder
libspeex_encoder
libsvtav1_encoder
libsvtjpegxs_encoder
libtheora_encoder
libtwolame_encoder
libvo_amrwbenc_encoder
libvorbis_encoder
libvpx_vp8_encoder
libvpx_vp9_encoder
libvvenc_encoder
libwebp_anim_encoder
libwebp_encoder
libx262_encoder
libx264_encoder
libx264rgb_encoder
libx265_encoder
libxeve_encoder
libxavs_encoder
libxavs2_encoder
libxvid_encoder
aac_mf_encoder
ac3_mf_encoder
h263_v4l2m2m_encoder
av1_d3d12va_encoder
av1_mediacodec_encoder
av1_nvenc_encoder
av1_qsv_encoder
av1_amf_encoder
av1_mf_encoder
av1_vaapi_encoder
av1_vulkan_encoder
libopenh264_encoder
h264_amf_encoder
h264_d3d12va_encoder
h264_mf_encoder
h264_nvenc_encoder
h264_oh_encoder
h264_omx_encoder
h264_qsv_encoder
h264_v4l2m2m_encoder
h264_vaapi_encoder
h264_videotoolbox_encoder
h264_vulkan_encoder
hevc_amf_encoder
hevc_d3d12va_encoder
hevc_mediacodec_encoder
hevc_mf_encoder
hevc_nvenc_encoder
hevc_oh_encoder
hevc_qsv_encoder
hevc_v4l2m2m_encoder
hevc_vaapi_encoder
hevc_videotoolbox_encoder
hevc_vulkan_encoder
libkvazaar_encoder
mjpeg_qsv_encoder
mjpeg_vaapi_encoder
mp3_mf_encoder
mpeg2_qsv_encoder
mpeg2_vaapi_encoder
mpeg4_mediacodec_encoder
mpeg4_omx_encoder
mpeg4_v4l2m2m_encoder
prores_videotoolbox_encoder
vp8_mediacodec_encoder
vp8_v4l2m2m_encoder
vp8_vaapi_encoder
vp9_mediacodec_encoder
vp9_vaapi_encoder
vp9_qsv_encoder
vnull_encoder
anull_encoder
    av1_d3d11va_hwaccel
av1_d3d11va2_hwaccel
av1_d3d12va_hwaccel
av1_dxva2_hwaccel
av1_nvdec_hwaccel
av1_vaapi_hwaccel
av1_vdpau_hwaccel
av1_videotoolbox_hwaccel
av1_vulkan_hwaccel
dpx_vulkan_hwaccel
ffv1_vulkan_hwaccel
h263_vaapi_hwaccel
h263_videotoolbox_hwaccel
h264_d3d11va_hwaccel
h264_d3d11va2_hwaccel
h264_d3d12va_hwaccel
h264_dxva2_hwaccel
h264_nvdec_hwaccel
h264_vaapi_hwaccel
h264_vdpau_hwaccel
h264_videotoolbox_hwaccel
h264_vulkan_hwaccel
hevc_d3d11va_hwaccel
hevc_d3d11va2_hwaccel
hevc_d3d12va_hwaccel
hevc_dxva2_hwaccel
hevc_nvdec_hwaccel
hevc_vaapi_hwaccel
hevc_vdpau_hwaccel
hevc_videotoolbox_hwaccel
hevc_vulkan_hwaccel
mjpeg_nvdec_hwaccel
mjpeg_vaapi_hwaccel
mpeg1_nvdec_hwaccel
mpeg1_vdpau_hwaccel
mpeg1_videotoolbox_hwaccel
mpeg2_d3d11va_hwaccel
mpeg2_d3d11va2_hwaccel
mpeg2_d3d12va_hwaccel
mpeg2_dxva2_hwaccel
mpeg2_nvdec_hwaccel
mpeg2_vaapi_hwaccel
mpeg2_vdpau_hwaccel
mpeg2_videotoolbox_hwaccel
mpeg4_nvdec_hwaccel
mpeg4_vaapi_hwaccel
mpeg4_vdpau_hwaccel
mpeg4_videotoolbox_hwaccel
prores_videotoolbox_hwaccel
prores_vulkan_hwaccel
prores_raw_vulkan_hwaccel
vc1_d3d11va_hwaccel
vc1_d3d11va2_hwaccel
vc1_d3d12va_hwaccel
vc1_dxva2_hwaccel
vc1_nvdec_hwaccel
vc1_vaapi_hwaccel
vc1_vdpau_hwaccel
vp8_nvdec_hwaccel
vp8_vaapi_hwaccel
vp9_d3d11va_hwaccel
vp9_d3d11va2_hwaccel
vp9_d3d12va_hwaccel
vp9_dxva2_hwaccel
vp9_nvdec_hwaccel
vp9_vaapi_hwaccel
vp9_vdpau_hwaccel
vp9_videotoolbox_hwaccel
vp9_vulkan_hwaccel
vvc_vaapi_hwaccel
wmv3_d3d11va_hwaccel
wmv3_d3d11va2_hwaccel
wmv3_d3d12va_hwaccel
wmv3_dxva2_hwaccel
wmv3_nvdec_hwaccel
wmv3_vaapi_hwaccel
wmv3_vdpau_hwaccel
    aac_parser
aac_latm_parser
ac3_parser
adx_parser
ahx_parser
amr_parser
apv_parser
av1_parser
avs2_parser
avs3_parser
bmp_parser
cavsvideo_parser
cook_parser
cri_parser
dca_parser
dirac_parser
dnxhd_parser
dnxuc_parser
dolby_e_parser
dpx_parser
dvaudio_parser
dvbsub_parser
dvdsub_parser
dvd_nav_parser
evc_parser
flac_parser
ftr_parser
ffv1_parser
g723_1_parser
g729_parser
gif_parser
gsm_parser
h261_parser
h263_parser
h264_parser
hevc_parser
hdr_parser
ipu_parser
jpeg2000_parser
jpegxl_parser
jpegxs_parser
lcevc_parser
misc4_parser
mjpeg_parser
mlp_parser
mpeg4video_parser
mpegaudio_parser
mpegvideo_parser
opus_parser
prores_parser
png_parser
pnm_parser
prores_raw_parser
qoi_parser
rv34_parser
sbc_parser
sipr_parser
tak_parser
vc1_parser
vorbis_parser
vp3_parser
vp8_parser
vp9_parser
vvc_parser
webp_parser
xbm_parser
xma_parser
xwd_parser
'
AVDEVICE_COMPONENTS='
    indevs
    outdevs
'
AVDEVICE_COMPONENTS_LIST='
    alsa_indev
android_camera_indev
avfoundation_indev
decklink_indev
dshow_indev
fbdev_indev
gdigrab_indev
iec61883_indev
jack_indev
kmsgrab_indev
lavfi_indev
openal_indev
oss_indev
pulse_indev
sndio_indev
v4l2_indev
vfwcap_indev
xcbgrab_indev
libcdio_indev
libdc1394_indev
    alsa_outdev
audiotoolbox_outdev
caca_outdev
decklink_outdev
fbdev_outdev
oss_outdev
pulse_outdev
sndio_outdev
v4l2_outdev
xv_outdev
'
AVFILTER_COMPONENTS='
    filters
'
AVFILTER_COMPONENTS_LIST='
    aap_filter
abench_filter
acompressor_filter
acontrast_filter
acopy_filter
acue_filter
acrossfade_filter
acrossover_filter
acrusher_filter
adeclick_filter
adeclip_filter
adecorrelate_filter
adelay_filter
adenorm_filter
aderivative_filter
adrc_filter
adynamicequalizer_filter
adynamicsmooth_filter
aecho_filter
aemphasis_filter
aeval_filter
aexciter_filter
afade_filter
afftdn_filter
afftfilt_filter
afir_filter
aformat_filter
afreqshift_filter
afwtdn_filter
agate_filter
aiir_filter
aintegral_filter
ainterleave_filter
alatency_filter
alimiter_filter
allpass_filter
aloop_filter
amerge_filter
ametadata_filter
amix_filter
amultiply_filter
anequalizer_filter
anlmdn_filter
anlmf_filter
anlms_filter
anull_filter
apad_filter
aperms_filter
aphaser_filter
aphaseshift_filter
apsnr_filter
apsyclip_filter
apulsator_filter
arealtime_filter
aresample_filter
areverse_filter
arls_filter
arnndn_filter
asdr_filter
asegment_filter
aselect_filter
asendcmd_filter
asetnsamples_filter
asetpts_filter
asetrate_filter
asettb_filter
ashowinfo_filter
asidedata_filter
asisdr_filter
asoftclip_filter
aspectralstats_filter
asplit_filter
asr_filter
astats_filter
astreamselect_filter
asubboost_filter
asubcut_filter
asupercut_filter
asuperpass_filter
asuperstop_filter
atempo_filter
atilt_filter
atrim_filter
axcorrelate_filter
azmq_filter
bandpass_filter
bandreject_filter
bass_filter
biquad_filter
bs2b_filter
channelmap_filter
channelsplit_filter
chorus_filter
compand_filter
compensationdelay_filter
crossfeed_filter
crystalizer_filter
dcshift_filter
deesser_filter
dialoguenhance_filter
drmeter_filter
dynaudnorm_filter
earwax_filter
ebur128_filter
equalizer_filter
extrastereo_filter
firequalizer_filter
flanger_filter
haas_filter
hdcd_filter
headphone_filter
highpass_filter
highshelf_filter
join_filter
ladspa_filter
loudnorm_filter
lowpass_filter
lowshelf_filter
lv2_filter
mcompand_filter
pan_filter
replaygain_filter
rubberband_filter
sidechaincompress_filter
sidechaingate_filter
silencedetect_filter
silenceremove_filter
sofalizer_filter
speechnorm_filter
stereotools_filter
stereowiden_filter
superequalizer_filter
surround_filter
tiltshelf_filter
treble_filter
tremolo_filter
vibrato_filter
virtualbass_filter
volume_filter
volumedetect_filter
whisper_filter
aevalsrc_filter
afdelaysrc_filter
afireqsrc_filter
afirsrc_filter
anoisesrc_filter
anullsrc_filter
flite_filter
hilbert_filter
sinc_filter
sine_filter
anullsink_filter
addroi_filter
alphaextract_filter
alphamerge_filter
amplify_filter
ass_filter
atadenoise_filter
avgblur_filter
avgblur_opencl_filter
avgblur_vulkan_filter
backgroundkey_filter
bbox_filter
bench_filter
bilateral_filter
bilateral_cuda_filter
bitplanenoise_filter
blackdetect_filter
blackdetect_vulkan_filter
blackframe_filter
blend_filter
blend_vulkan_filter
blockdetect_filter
blurdetect_filter
bm3d_filter
boxblur_filter
boxblur_opencl_filter
bwdif_filter
bwdif_cuda_filter
bwdif_vulkan_filter
cas_filter
ccrepack_filter
chromaber_vulkan_filter
chromahold_filter
chromakey_filter
chromakey_cuda_filter
chromanr_filter
chromashift_filter
ciescope_filter
codecview_filter
colorbalance_filter
colorchannelmixer_filter
colorcontrast_filter
colorcorrect_filter
colordetect_filter
colorize_filter
colorkey_filter
colorkey_opencl_filter
colorhold_filter
colorlevels_filter
colormap_filter
colormatrix_filter
colorspace_filter
colorspace_cuda_filter
colortemperature_filter
convolution_filter
convolution_opencl_filter
convolve_filter
copy_filter
coreimage_filter
corr_filter
cover_rect_filter
crop_filter
cropdetect_filter
cue_filter
curves_filter
datascope_filter
dblur_filter
dctdnoiz_filter
deband_filter
deblock_filter
decimate_filter
deconvolve_filter
dedot_filter
deflate_filter
deflicker_filter
deinterlace_qsv_filter
deinterlace_d3d12_filter
deinterlace_vaapi_filter
dejudder_filter
delogo_filter
denoise_vaapi_filter
derain_filter
deshake_filter
deshake_opencl_filter
despill_filter
detelecine_filter
dilation_filter
dilation_opencl_filter
displace_filter
dnn_classify_filter
dnn_detect_filter
dnn_processing_filter
doubleweave_filter
drawbox_filter
drawgraph_filter
drawgrid_filter
drawtext_filter
drawvg_filter
edgedetect_filter
elbg_filter
entropy_filter
epx_filter
eq_filter
erosion_filter
erosion_opencl_filter
estdif_filter
exposure_filter
extractplanes_filter
fade_filter
feedback_filter
fftdnoiz_filter
fftfilt_filter
field_filter
fieldhint_filter
fieldmatch_filter
fieldorder_filter
fillborders_filter
find_rect_filter
flip_vulkan_filter
floodfill_filter
format_filter
fps_filter
framepack_filter
framerate_filter
framestep_filter
freezedetect_filter
freezeframes_filter
frei0r_filter
fspp_filter
fsync_filter
gblur_filter
gblur_vulkan_filter
geq_filter
gradfun_filter
graphmonitor_filter
grayworld_filter
greyedge_filter
guided_filter
haldclut_filter
hflip_filter
hflip_vulkan_filter
histeq_filter
histogram_filter
hqdn3d_filter
hqx_filter
hstack_filter
hsvhold_filter
hsvkey_filter
hue_filter
huesaturation_filter
hwdownload_filter
hwmap_filter
hwupload_filter
hwupload_cuda_filter
hysteresis_filter
iccdetect_filter
iccgen_filter
identity_filter
idet_filter
il_filter
inflate_filter
interlace_filter
interlace_vulkan_filter
interleave_filter
kerndeint_filter
kirsch_filter
lagfun_filter
latency_filter
lcevc_filter
lenscorrection_filter
lensfun_filter
libplacebo_filter
libvmaf_filter
libvmaf_cuda_filter
limitdiff_filter
limiter_filter
loop_filter
lumakey_filter
lut_filter
lut1d_filter
lut2_filter
lut3d_filter
lutrgb_filter
lutyuv_filter
maskedclamp_filter
maskedmax_filter
maskedmerge_filter
maskedmin_filter
maskedthreshold_filter
maskfun_filter
mcdeint_filter
median_filter
mergeplanes_filter
mestimate_filter
mestimate_d3d12_filter
metadata_filter
midequalizer_filter
minterpolate_filter
mix_filter
monochrome_filter
morpho_filter
mpdecimate_filter
msad_filter
multiply_filter
negate_filter
nlmeans_filter
nlmeans_opencl_filter
nlmeans_vulkan_filter
nnedi_filter
noformat_filter
noise_filter
normalize_filter
null_filter
ocr_filter
ocv_filter
oscilloscope_filter
ocio_filter
overlay_filter
overlay_opencl_filter
overlay_qsv_filter
overlay_vaapi_filter
overlay_vulkan_filter
overlay_cuda_filter
owdenoise_filter
pad_filter
pad_cuda_filter
pad_opencl_filter
palettegen_filter
paletteuse_filter
perms_filter
perspective_filter
phase_filter
photosensitivity_filter
pixdesctest_filter
pixelize_filter
pixscope_filter
pp7_filter
premultiply_filter
premultiply_dynamic_filter
prewitt_filter
prewitt_opencl_filter
procamp_vaapi_filter
program_opencl_filter
pseudocolor_filter
psnr_filter
pullup_filter
qp_filter
qrencode_filter
quirc_filter
random_filter
readeia608_filter
readvitc_filter
realtime_filter
remap_filter
remap_opencl_filter
removegrain_filter
removelogo_filter
repeatfields_filter
reverse_filter
rgbashift_filter
roberts_filter
roberts_opencl_filter
rotate_filter
sab_filter
scale_filter
vpp_amf_filter
sr_amf_filter
scale_cuda_filter
scale_d3d11_filter
scale_d3d12_filter
scale_npp_filter
scale_qsv_filter
scale_vaapi_filter
scale_vt_filter
scale_vulkan_filter
scale2ref_filter
scale2ref_npp_filter
scdet_filter
scdet_vulkan_filter
scharr_filter
scroll_filter
segment_filter
select_filter
selectivecolor_filter
sendcmd_filter
separatefields_filter
setdar_filter
setfield_filter
setparams_filter
setpts_filter
setrange_filter
setsar_filter
settb_filter
sharpen_npp_filter
sharpness_vaapi_filter
shear_filter
showinfo_filter
showpalette_filter
shuffleframes_filter
shufflepixels_filter
shuffleplanes_filter
sidedata_filter
signalstats_filter
signature_filter
siti_filter
smartblur_filter
sobel_filter
sobel_opencl_filter
split_filter
spp_filter
sr_filter
ssim_filter
ssim360_filter
stereo3d_filter
streamselect_filter
subtitles_filter
super2xsai_filter
swaprect_filter
swapuv_filter
tblend_filter
telecine_filter
thistogram_filter
threshold_filter
thumbnail_filter
thumbnail_cuda_filter
tile_filter
tiltandshift_filter
tinterlace_filter
tlut2_filter
tmedian_filter
tmidequalizer_filter
tmix_filter
tonemap_filter
tonemap_opencl_filter
tonemap_vaapi_filter
tpad_filter
transpose_filter
transpose_npp_filter
transpose_opencl_filter
transpose_vaapi_filter
transpose_vt_filter
transpose_vulkan_filter
trim_filter
unpremultiply_filter
unsharp_filter
unsharp_opencl_filter
untile_filter
uspp_filter
v360_filter
vaguedenoiser_filter
varblur_filter
vectorscope_filter
vflip_filter
vflip_vulkan_filter
vfrdet_filter
vibrance_filter
vidstabdetect_filter
vidstabtransform_filter
vif_filter
vignette_filter
vmafmotion_filter
vpp_qsv_filter
vstack_filter
w3fdif_filter
waveform_filter
weave_filter
xbr_filter
xcorrelate_filter
xfade_filter
xfade_opencl_filter
xfade_vulkan_filter
xmedian_filter
xpsnr_filter
xstack_filter
yadif_filter
yadif_cuda_filter
yadif_videotoolbox_filter
yaepblur_filter
zmq_filter
zoompan_filter
zscale_filter
hstack_vaapi_filter
vstack_vaapi_filter
xstack_vaapi_filter
hstack_qsv_filter
vstack_qsv_filter
xstack_qsv_filter
pad_vaapi_filter
drawbox_vaapi_filter
allrgb_filter
allyuv_filter
amf_capture_filter
cellauto_filter
color_filter
color_vulkan_filter
colorchart_filter
colorspectrum_filter
coreimagesrc_filter
ddagrab_filter
frei0r_src_filter
gfxcapture_filter
gradients_filter
haldclutsrc_filter
life_filter
mandelbrot_filter
mptestsrc_filter
nullsrc_filter
openclsrc_filter
qrencodesrc_filter
pal75bars_filter
pal100bars_filter
perlin_filter
rgbtestsrc_filter
sierpinski_filter
smptebars_filter
smptehdbars_filter
testsrc_filter
testsrc2_filter
yuvtestsrc_filter
zoneplate_filter
nullsink_filter
a3dscope_filter
abitscope_filter
adrawgraph_filter
agraphmonitor_filter
ahistogram_filter
aphasemeter_filter
avectorscope_filter
concat_filter
showcqt_filter
showcwt_filter
showfreqs_filter
showspatial_filter
showspectrum_filter
showspectrumpic_filter
showvolume_filter
showwaves_filter
showwavespic_filter
spectrumsynth_filter
avsynctest_filter
amovie_filter
movie_filter
'
AVFORMAT_COMPONENTS='
    demuxers
    muxers
    protocols
'
AVFORMAT_COMPONENTS_LIST='
    aa_demuxer
aac_demuxer
aax_demuxer
ac3_demuxer
ac4_demuxer
ace_demuxer
acm_demuxer
act_demuxer
adf_demuxer
adp_demuxer
ads_demuxer
adx_demuxer
aea_demuxer
afc_demuxer
aiff_demuxer
aix_demuxer
alp_demuxer
amr_demuxer
amrnb_demuxer
amrwb_demuxer
anm_demuxer
apac_demuxer
apc_demuxer
ape_demuxer
apm_demuxer
apng_demuxer
aptx_demuxer
aptx_hd_demuxer
apv_demuxer
aqtitle_demuxer
argo_asf_demuxer
argo_brp_demuxer
argo_cvg_demuxer
asf_demuxer
asf_o_demuxer
ass_demuxer
ast_demuxer
au_demuxer
av1_demuxer
avi_demuxer
avr_demuxer
avs_demuxer
avs2_demuxer
avs3_demuxer
bethsoftvid_demuxer
bfi_demuxer
bintext_demuxer
bink_demuxer
binka_demuxer
bit_demuxer
bitpacked_demuxer
bmv_demuxer
bfstm_demuxer
brstm_demuxer
boa_demuxer
bonk_demuxer
c93_demuxer
caf_demuxer
cavsvideo_demuxer
cdg_demuxer
cdxl_demuxer
cine_demuxer
codec2_demuxer
codec2raw_demuxer
concat_demuxer
dash_demuxer
data_demuxer
daud_demuxer
dcstr_demuxer
derf_demuxer
dfa_demuxer
dfpwm_demuxer
dhav_demuxer
dirac_demuxer
dnxhd_demuxer
dsf_demuxer
dsicin_demuxer
dss_demuxer
dts_demuxer
dtshd_demuxer
dv_demuxer
dvbsub_demuxer
dvbtxt_demuxer
dxa_demuxer
ea_demuxer
ea_cdata_demuxer
eac3_demuxer
epaf_demuxer
evc_demuxer
ffmetadata_demuxer
filmstrip_demuxer
fits_demuxer
flac_demuxer
flic_demuxer
flv_demuxer
live_flv_demuxer
fourxm_demuxer
frm_demuxer
fsb_demuxer
fwse_demuxer
g722_demuxer
g723_1_demuxer
g726_demuxer
g726le_demuxer
g728_demuxer
g729_demuxer
gdv_demuxer
genh_demuxer
gif_demuxer
gsm_demuxer
gxf_demuxer
h261_demuxer
h263_demuxer
h264_demuxer
hca_demuxer
hcom_demuxer
hevc_demuxer
hls_demuxer
hnm_demuxer
hxvs_demuxer
iamf_demuxer
ico_demuxer
idcin_demuxer
idf_demuxer
iff_demuxer
ifv_demuxer
ilbc_demuxer
image2_demuxer
image2pipe_demuxer
image2_alias_pix_demuxer
image2_brender_pix_demuxer
imf_demuxer
ingenient_demuxer
ipmovie_demuxer
ipu_demuxer
ircam_demuxer
iss_demuxer
iv8_demuxer
ivf_demuxer
ivr_demuxer
jacosub_demuxer
jv_demuxer
jpegxl_anim_demuxer
kux_demuxer
kvag_demuxer
laf_demuxer
lc3_demuxer
lmlm4_demuxer
loas_demuxer
luodat_demuxer
lrc_demuxer
lvf_demuxer
lxf_demuxer
m4v_demuxer
mca_demuxer
mcc_demuxer
matroska_demuxer
mgsts_demuxer
microdvd_demuxer
mjpeg_demuxer
mjpeg_2000_demuxer
mlp_demuxer
mlv_demuxer
mm_demuxer
mmf_demuxer
mods_demuxer
moflex_demuxer
mov_demuxer
mp3_demuxer
mpc_demuxer
mpc8_demuxer
mpegps_demuxer
mpegts_demuxer
mpegtsraw_demuxer
mpegvideo_demuxer
mpjpeg_demuxer
mpl2_demuxer
mpsub_demuxer
msf_demuxer
msnwc_tcp_demuxer
msp_demuxer
mtaf_demuxer
mtv_demuxer
musx_demuxer
mv_demuxer
mvi_demuxer
mxf_demuxer
mxg_demuxer
nc_demuxer
nistsphere_demuxer
nsp_demuxer
nsv_demuxer
nut_demuxer
nuv_demuxer
obu_demuxer
ogg_demuxer
oma_demuxer
osq_demuxer
paf_demuxer
pcm_alaw_demuxer
pcm_mulaw_demuxer
pcm_vidc_demuxer
pcm_f64be_demuxer
pcm_f64le_demuxer
pcm_f32be_demuxer
pcm_f32le_demuxer
pcm_s32be_demuxer
pcm_s32le_demuxer
pcm_s24be_demuxer
pcm_s24le_demuxer
pcm_s16be_demuxer
pcm_s16le_demuxer
pcm_s8_demuxer
pcm_u32be_demuxer
pcm_u32le_demuxer
pcm_u24be_demuxer
pcm_u24le_demuxer
pcm_u16be_demuxer
pcm_u16le_demuxer
pcm_u8_demuxer
pdv_demuxer
pjs_demuxer
pmp_demuxer
pp_bnk_demuxer
pva_demuxer
pvf_demuxer
qcp_demuxer
qoa_demuxer
r3d_demuxer
rawvideo_demuxer
rcwt_demuxer
realtext_demuxer
redspark_demuxer
rka_demuxer
rl2_demuxer
rm_demuxer
roq_demuxer
rpl_demuxer
rsd_demuxer
rso_demuxer
rtp_demuxer
rtsp_demuxer
s337m_demuxer
sami_demuxer
sap_demuxer
sbc_demuxer
sbg_demuxer
scc_demuxer
scd_demuxer
sdns_demuxer
sdp_demuxer
sdr2_demuxer
sds_demuxer
sdx_demuxer
segafilm_demuxer
ser_demuxer
sga_demuxer
shorten_demuxer
siff_demuxer
simbiosis_imx_demuxer
sln_demuxer
smacker_demuxer
smjpeg_demuxer
smush_demuxer
sol_demuxer
sox_demuxer
spdif_demuxer
srt_demuxer
str_demuxer
stl_demuxer
subviewer1_demuxer
subviewer_demuxer
sup_demuxer
svag_demuxer
svs_demuxer
swf_demuxer
tak_demuxer
tedcaptions_demuxer
thp_demuxer
threedostr_demuxer
tiertexseq_demuxer
tmv_demuxer
truehd_demuxer
tta_demuxer
txd_demuxer
tty_demuxer
ty_demuxer
usm_demuxer
v210_demuxer
v210x_demuxer
vag_demuxer
vc1_demuxer
vc1t_demuxer
vividas_demuxer
vivo_demuxer
vmd_demuxer
vobsub_demuxer
voc_demuxer
vpk_demuxer
vplayer_demuxer
vqf_demuxer
vvc_demuxer
w64_demuxer
wady_demuxer
wavarc_demuxer
wav_demuxer
wc3_demuxer
webm_dash_manifest_demuxer
webvtt_demuxer
wsaud_demuxer
wsd_demuxer
wsvqa_demuxer
wtv_demuxer
wve_demuxer
wv_demuxer
xa_demuxer
xbin_demuxer
xmd_demuxer
xmv_demuxer
xvag_demuxer
xwma_demuxer
yop_demuxer
yuv4mpegpipe_demuxer
image_bmp_pipe_demuxer
image_cri_pipe_demuxer
image_dds_pipe_demuxer
image_dpx_pipe_demuxer
image_exr_pipe_demuxer
image_gem_pipe_demuxer
image_gif_pipe_demuxer
image_hdr_pipe_demuxer
image_j2k_pipe_demuxer
image_jpeg_pipe_demuxer
image_jpegls_pipe_demuxer
image_jpegxl_pipe_demuxer
image_jpegxs_pipe_demuxer
image_pam_pipe_demuxer
image_pbm_pipe_demuxer
image_pcx_pipe_demuxer
image_pfm_pipe_demuxer
image_pgmyuv_pipe_demuxer
image_pgm_pipe_demuxer
image_pgx_pipe_demuxer
image_phm_pipe_demuxer
image_photocd_pipe_demuxer
image_pictor_pipe_demuxer
image_png_pipe_demuxer
image_ppm_pipe_demuxer
image_psd_pipe_demuxer
image_qdraw_pipe_demuxer
image_qoi_pipe_demuxer
image_sgi_pipe_demuxer
image_svg_pipe_demuxer
image_sunrast_pipe_demuxer
image_tiff_pipe_demuxer
image_vbn_pipe_demuxer
image_webp_pipe_demuxer
image_xbm_pipe_demuxer
image_xpm_pipe_demuxer
image_xwd_pipe_demuxer
avisynth_demuxer
dvdvideo_demuxer
libgme_demuxer
libmodplug_demuxer
libopenmpt_demuxer
vapoursynth_demuxer
    a64_muxer
ac3_muxer
ac4_muxer
adts_muxer
adx_muxer
aea_muxer
aiff_muxer
alp_muxer
amr_muxer
amv_muxer
apm_muxer
apng_muxer
aptx_muxer
aptx_hd_muxer
apv_muxer
argo_asf_muxer
argo_cvg_muxer
asf_muxer
ass_muxer
ast_muxer
asf_stream_muxer
au_muxer
avi_muxer
avif_muxer
avm2_muxer
avs2_muxer
avs3_muxer
bit_muxer
caf_muxer
cavsvideo_muxer
codec2_muxer
codec2raw_muxer
crc_muxer
dash_muxer
data_muxer
daud_muxer
dfpwm_muxer
dirac_muxer
dnxhd_muxer
dts_muxer
dv_muxer
eac3_muxer
evc_muxer
f4v_muxer
ffmetadata_muxer
fifo_muxer
filmstrip_muxer
fits_muxer
flac_muxer
flv_muxer
framecrc_muxer
framehash_muxer
framemd5_muxer
g722_muxer
g723_1_muxer
g726_muxer
g726le_muxer
gif_muxer
gsm_muxer
gxf_muxer
h261_muxer
h263_muxer
h264_muxer
hash_muxer
hds_muxer
hevc_muxer
hls_muxer
iamf_muxer
ico_muxer
ilbc_muxer
image2_muxer
image2pipe_muxer
ipod_muxer
ircam_muxer
ismv_muxer
ivf_muxer
jacosub_muxer
kvag_muxer
latm_muxer
lc3_muxer
lrc_muxer
m4v_muxer
mcc_muxer
md5_muxer
matroska_muxer
matroska_audio_muxer
microdvd_muxer
mjpeg_muxer
mlp_muxer
mmf_muxer
mov_muxer
mp2_muxer
mp3_muxer
mp4_muxer
mpeg1system_muxer
mpeg1vcd_muxer
mpeg1video_muxer
mpeg2dvd_muxer
mpeg2svcd_muxer
mpeg2video_muxer
mpeg2vob_muxer
mpegts_muxer
mpjpeg_muxer
mxf_muxer
mxf_d10_muxer
mxf_opatom_muxer
null_muxer
nut_muxer
obu_muxer
oga_muxer
ogg_muxer
ogv_muxer
oma_muxer
opus_muxer
pcm_alaw_muxer
pcm_mulaw_muxer
pcm_vidc_muxer
pcm_f64be_muxer
pcm_f64le_muxer
pcm_f32be_muxer
pcm_f32le_muxer
pcm_s32be_muxer
pcm_s32le_muxer
pcm_s24be_muxer
pcm_s24le_muxer
pcm_s16be_muxer
pcm_s16le_muxer
pcm_s8_muxer
pcm_u32be_muxer
pcm_u32le_muxer
pcm_u24be_muxer
pcm_u24le_muxer
pcm_u16be_muxer
pcm_u16le_muxer
pcm_u8_muxer
psp_muxer
rawvideo_muxer
rcwt_muxer
rm_muxer
roq_muxer
rso_muxer
rtp_muxer
rtp_mpegts_muxer
rtsp_muxer
sap_muxer
sbc_muxer
scc_muxer
segafilm_muxer
segment_muxer
stream_segment_muxer
smjpeg_muxer
smoothstreaming_muxer
sox_muxer
spx_muxer
spdif_muxer
srt_muxer
streamhash_muxer
sup_muxer
swf_muxer
tee_muxer
tg2_muxer
tgp_muxer
mkvtimestamp_v2_muxer
truehd_muxer
tta_muxer
ttml_muxer
uncodedframecrc_muxer
vc1_muxer
vc1t_muxer
voc_muxer
vvc_muxer
w64_muxer
wav_muxer
webm_muxer
webm_dash_manifest_muxer
webm_chunk_muxer
webp_muxer
webvtt_muxer
whip_muxer
wsaud_muxer
wtv_muxer
wv_muxer
yuv4mpegpipe_muxer
chromaprint_muxer
    android_content_protocol
async_protocol
bluray_protocol
cache_protocol
concat_protocol
concatf_protocol
crypto_protocol
data_protocol
fd_protocol
ffrtmpcrypt_protocol
ffrtmphttp_protocol
file_protocol
ftp_protocol
gopher_protocol
gophers_protocol
http_protocol
httpproxy_protocol
https_protocol
icecast_protocol
mmsh_protocol
mmst_protocol
md5_protocol
pipe_protocol
prompeg_protocol
rtmp_protocol
rtmpe_protocol
rtmps_protocol
rtmpt_protocol
rtmpte_protocol
rtmpts_protocol
rtp_protocol
sctp_protocol
srtp_protocol
subfile_protocol
tee_protocol
tcp_protocol
tls_protocol
dtls_protocol
udp_protocol
udplite_protocol
unix_protocol
libamqp_protocol
librist_protocol
librtmp_protocol
librtmpe_protocol
librtmps_protocol
librtmpt_protocol
librtmpte_protocol
libsrt_protocol
libssh_protocol
libsmbclient_protocol
libzmq_protocol
ipfs_gateway_protocol
ipns_gateway_protocol
'
BASH=/bin/sh
BASH_ARGC=([0]="19")
BASH_ARGV=([0]="--extra-ldflags=-arch x86_64 -mmacosx-version-min=11.0" [1]="--extra-cflags=-fPIC -arch x86_64 -mmacosx-version-min=11.0 -Wno-error=asm-operand-widths -I/Users/runner/work/ffmpeg-build/ffmpeg-build/vulkan-headers/include" [2]="--arch=x86_64" [3]="--enable-hwaccel=hevc_videotoolbox" [4]="--enable-hwaccel=h264_videotoolbox" [5]="--enable-hwaccel=hevc_vulkan" [6]="--enable-hwaccel=h264_vulkan" [7]="--enable-decoder=hevc" [8]="--enable-decoder=h264" [9]="--enable-videotoolbox" [10]="--enable-vulkan" [11]="--enable-avutil" [12]="--enable-avformat" [13]="--enable-avcodec" [14]="--enable-pic" [15]="--enable-static" [16]="--disable-iconv" [17]="--disable-gpl" [18]="--disable-all")
BASH_LINENO=([0]="0")
BASH_SOURCE=([0]="./configure")
BASH_VERSINFO=([0]="3" [1]="2" [2]="57" [3]="1" [4]="release" [5]="x86_64-apple-darwin23")
BASH_VERSION='3.2.57(1)-release'
BOOTSTRAP_HASKELL_INSTALL_NO_STACK_HOOK=1
BOOTSTRAP_HASKELL_NONINTERACTIVE=1
BSF_LIST='aac_adtstoasc_bsf
ahx_to_mp2_bsf
apv_metadata_bsf
av1_frame_merge_bsf
av1_frame_split_bsf
av1_metadata_bsf
chomp_bsf
dump_extradata_bsf
dca_core_bsf
dovi_rpu_bsf
dts2pts_bsf
dv_error_marker_bsf
eac3_core_bsf
eia608_to_smpte436m_bsf
evc_frame_merge_bsf
extract_extradata_bsf
filter_units_bsf
h264_metadata_bsf
h264_mp4toannexb_bsf
h264_redundant_pps_bsf
hapqa_extract_bsf
hevc_metadata_bsf
hevc_mp4toannexb_bsf
imx_dump_header_bsf
lcevc_metadata_bsf
media100_to_mjpegb_bsf
mjpeg2jpeg_bsf
mjpega_dump_header_bsf
mpeg2_metadata_bsf
mpeg4_unpack_bframes_bsf
mov2textsub_bsf
noise_bsf
null_bsf
opus_metadata_bsf
pcm_rechunk_bsf
pgs_frame_merge_bsf
prores_metadata_bsf
remove_extradata_bsf
setts_bsf
showinfo_bsf
smpte436m_to_eia608_bsf
text2movsub_bsf
trace_headers_bsf
truehd_core_bsf
vp9_metadata_bsf
vp9_raw_reorder_bsf
vp9_superframe_bsf
vp9_superframe_split_bsf
vvc_metadata_bsf
vvc_mp4toannexb_bsf'
BUILTIN_LIST='
    MemoryBarrier
    mm_empty
    rdtsc
    sem_timedwait
'
CC_C=-c
CC_E='-E -o $@'
CC_O='-o $@'
CHROMEWEBDRIVER=/usr/local/share/chromedriver-mac-x64
CI=true
CMDLINE_APPEND='
    extra_cflags
    extra_cxxflags
    extra_objcflags
    host_cppflags
'
CMDLINE_SELECT='
    
    
    armv5te
    armv6
    armv6t2
    armv8
    arm_crc
    dotprod
    i8mm
    neon
    vfp
    vfpv3
    setend
    sve
    sve2
    sme
    sme_i16i64
    sme2

    
    altivec
    dcbzl
    ldbrx
    power8
    ppc4xx
    vec_xl
    vsx

    
    rv
    rvv
    rv_zicbop
    rv_zvbb

    
    simd128

    
    
    aesni
    clmul
    amd3dnow
    amd3dnowext
    avx
    avx2
    avx512
    avx512icl
    fma3
    fma4
    mmx
    mmxext
    sse
    sse2
    sse3
    sse4
    sse42
    ssse3
    xop

    i686

    
    mipsfpu
    mips32r2
    mips32r5
    mips64r2
    mips32r6
    mips64r6
    mipsdsp
    mipsdspr2
    msa

    
    loongson2
    loongson3
    mmi
    lsx
    lasx


    
    
    doc
    htmlpages
    manpages
    podpages
    txtpages

    
    avio_http_serve_files_example
    avio_list_dir_example
    avio_read_callback_example
    decode_audio_example
    decode_filter_audio_example
    decode_filter_video_example
    decode_video_example
    demux_decode_example
    encode_audio_example
    encode_video_example
    extract_mvs_example
    filter_audio_example
    hw_decode_example
    mux_example
    qsv_decode_example
    remux_example
    resample_audio_example
    scale_video_example
    show_metadata_example
    transcode_aac_example
    transcode_example
    vaapi_encode_example
    vaapi_transcode_example
    qsv_transcode_example

    
    
    avisynth
    frei0r
    libcdio
    libdavs2
    libdvdnav
    libdvdread
    librubberband
    libvidstab
    libx264
    libx265
    libxavs
    libxavs2
    libxvid

    
    decklink
    libfdk_aac
    libmpeghdec

    
    gmp
    libaribb24
    liblensfun
    libopencore_amrnb
    libopencore_amrwb
    libvo_amrwbenc
    mbedtls
    rkmpp

    
    libsmbclient

    cairo
    chromaprint
    gcrypt
    gnutls
    jni
    ladspa
    lcms2
    libaom
    libaribcaption
    libass
    libbluray
    libbs2b
    libcaca
    libcelt
    libcodec2
    libdav1d
    libdc1394
    libflite
    libfontconfig
    libfreetype
    libfribidi
    libharfbuzz
    libglslang
    libgme
    libgsm
    libiec61883
    libilbc
    libjack
    libjxl
    libklvanc
    libkvazaar
    liblc3
    liblcevc_dec
    libmodplug
    libmp3lame
    libmysofa
    liboapv
    libopencv
    libopencolorio
    libopenh264
    libopenjpeg
    libopenmpt
    libopenvino
    libopus
    libplacebo
    libpulse
    libqrencode
    libquirc
    librabbitmq
    librav1e
    librist
    librsvg
    librtmp
    libshaderc
    libshine
    libsmbclient
    libsnappy
    libsoxr
    libspeex
    libsrt
    libssh
    libsvtav1
    libsvtjpegxs
    libtensorflow
    libtesseract
    libtheora
    libtls
    libtorch
    libtwolame
    libuavs3d
    libv4l2
    libvmaf
    libvorbis
    libvpx
    libvvenc
    libwebp
    libxevd
    libxevdb
    libxeve
    libxeveb
    libxml2
    libzimg
    libzmq
    libzvbi
    lv2
    mediacodec
    ohcodec
    openal
    opengl
    openssl
    pocketsphinx
    vapoursynth
    vulkan_static
    whisper

    
    alsa
    appkit
    avfoundation
    bzlib
    coreimage
    iconv
    libxcb
    libxcb_shm
    libxcb_shape
    libxcb_xfixes
    lzma
    mediafoundation
    metal
    schannel
    sdl2
    securetransport
    sndio
    xlib
    zlib

    
    
    cuda_nvcc
    cuda_sdk
    libnpp

    libmfx
    libvpl
    mmal
    omx
    opencl

    
    amf
    audiotoolbox
    cuda
    cuda_llvm
    cuvid
    d3d11va
    d3d12va
    dxva2
    ffnvcodec
    libdrm
    nvdec
    nvenc
    vaapi
    vdpau
    videotoolbox
    vulkan
    v4l2_m2m

    
    ftrapv
    gray
    hardcoded_tables
    omx_rpi
    runtime_cpudetect
    safe_bitstream_reader
    shared
    small
    static
    swscale_alpha
    unstable

    
    gpl
    nonfree
    version3

    
    avdevice
    avfilter
    swscale
    avformat
    avcodec
    swresample
    avutil

    
    ffplay
    ffprobe
    ffmpeg

    
    dwt
    error_resilience
    faan
    fast_unaligned
    iamf
    lsp
    pixelutils
    network

    autodetect
    fontconfig
    large_tests
    linux_perf
    macos_kperf
    memory_poisoning
    neon_clobber_test
    ossfuzz
    pic
    shader_compression
    resource_compression
    thumb
    valgrind_backtrace
    xmm_clobber_test
    
    
    bsfs
    decoders
    encoders
    hwaccels
    parsers

    
    indevs
    outdevs

    
    filters

    
    demuxers
    muxers
    protocols



    
    inline_asm
    symver
    x86asm

    
    pthreads
    os2threads
    w32threads

    asm
    cross_compile
    debug
    extra_warnings
    logging
    optimizations
    response_files
    rpath
    stripping
    version_tracking
'
CMDLINE_SET='
    
    bindir
    datadir
    docdir
    incdir
    libdir
    mandir
    pkgconfigdir
    prefix
    shlibdir
    install_name_dir

    ar
    arch
    as
    assert_level
    build_suffix
    cc
    objcc
    cpu
    cross_prefix
    custom_allocator
    cxx
    dep_cc
    doxygen
    env
    extra_version
    gas
    host_cc
    host_cflags
    host_extralibs
    host_ld
    host_ldflags
    host_os
    ignore_tests
    install
    ld
    ln_s
    logfile
    malloc_prefix
    glslc
    glslcflags
    metalcc
    metallib
    nm
    optflags
    nvcc
    nvccflags
    pkg_config
    pkg_config_flags
    progs_suffix
    random_seed
    ranlib
    samples
    stdc
    stdcxx
    strip
    sws_max_filter_size
    sysinclude
    sysroot
    target_exec
    target_os
    target_path
    target_samples
    tempprefix
    toolchain
    valgrind
    windres
    x86asmexe
'
CODEC_LIST='
    a64multi_encoder
a64multi5_encoder
alias_pix_encoder
amv_encoder
apng_encoder
asv1_encoder
asv2_encoder
avrp_encoder
avui_encoder
bitpacked_encoder
bmp_encoder
cfhd_encoder
cinepak_encoder
cljr_encoder
comfortnoise_encoder
dnxhd_encoder
dpx_encoder
dvvideo_encoder
dxv_encoder
exr_encoder
ffv1_encoder
ffv1_vulkan_encoder
ffvhuff_encoder
fits_encoder
flashsv_encoder
flashsv2_encoder
flv_encoder
gif_encoder
h261_encoder
h263_encoder
h263p_encoder
h264_mediacodec_encoder
h264_rkmpp_encoder
hap_encoder
hevc_rkmpp_encoder
huffyuv_encoder
jpeg2000_encoder
jpegls_encoder
ljpeg_encoder
magicyuv_encoder
mjpeg_encoder
mpeg1video_encoder
mpeg2video_encoder
mpeg4_encoder
msmpeg4v2_encoder
msmpeg4v3_encoder
msrle_encoder
msvideo1_encoder
pam_encoder
pbm_encoder
pcx_encoder
pfm_encoder
pgm_encoder
pgmyuv_encoder
phm_encoder
png_encoder
ppm_encoder
prores_encoder
prores_aw_encoder
prores_ks_encoder
prores_ks_vulkan_encoder
qoi_encoder
qtrle_encoder
r10k_encoder
r210_encoder
rawvideo_encoder
roq_encoder
rpza_encoder
rv10_encoder
rv20_encoder
s302m_encoder
sgi_encoder
smc_encoder
snow_encoder
speedhq_encoder
sunrast_encoder
svq1_encoder
targa_encoder
tiff_encoder
utvideo_encoder
v210_encoder
v308_encoder
v408_encoder
v410_encoder
vbn_encoder
vc2_encoder
wbmp_encoder
wrapped_avframe_encoder
wmv1_encoder
wmv2_encoder
xbm_encoder
xface_encoder
xwd_encoder
y41p_encoder
yuv4_encoder
zlib_encoder
zmbv_encoder
aac_encoder
ac3_encoder
ac3_fixed_encoder
alac_encoder
aptx_encoder
aptx_hd_encoder
dca_encoder
dfpwm_encoder
eac3_encoder
flac_encoder
g723_1_encoder
hdr_encoder
mlp_encoder
mp2_encoder
mp2fixed_encoder
nellymoser_encoder
opus_encoder
ra_144_encoder
sbc_encoder
sonic_encoder
sonic_ls_encoder
truehd_encoder
tta_encoder
vorbis_encoder
wavpack_encoder
wmav1_encoder
wmav2_encoder
pcm_alaw_encoder
pcm_bluray_encoder
pcm_dvd_encoder
pcm_f32be_encoder
pcm_f32le_encoder
pcm_f64be_encoder
pcm_f64le_encoder
pcm_mulaw_encoder
pcm_s8_encoder
pcm_s8_planar_encoder
pcm_s16be_encoder
pcm_s16be_planar_encoder
pcm_s16le_encoder
pcm_s16le_planar_encoder
pcm_s24be_encoder
pcm_s24daud_encoder
pcm_s24le_encoder
pcm_s24le_planar_encoder
pcm_s32be_encoder
pcm_s32le_encoder
pcm_s32le_planar_encoder
pcm_s64be_encoder
pcm_s64le_encoder
pcm_u8_encoder
pcm_u16be_encoder
pcm_u16le_encoder
pcm_u24be_encoder
pcm_u24le_encoder
pcm_u32be_encoder
pcm_u32le_encoder
pcm_vidc_encoder
roq_dpcm_encoder
adpcm_adx_encoder
adpcm_argo_encoder
adpcm_g722_encoder
adpcm_g726_encoder
adpcm_g726le_encoder
adpcm_ima_amv_encoder
adpcm_ima_alp_encoder
adpcm_ima_apm_encoder
adpcm_ima_qt_encoder
adpcm_ima_ssi_encoder
adpcm_ima_wav_encoder
adpcm_ima_ws_encoder
adpcm_ms_encoder
adpcm_swf_encoder
adpcm_yamaha_encoder
ssa_encoder
ass_encoder
dvbsub_encoder
dvdsub_encoder
movtext_encoder
srt_encoder
subrip_encoder
text_encoder
ttml_encoder
webvtt_encoder
xsub_encoder
aac_at_encoder
alac_at_encoder
ilbc_at_encoder
pcm_alaw_at_encoder
pcm_mulaw_at_encoder
libaom_av1_encoder
libcodec2_encoder
libfdk_aac_encoder
libgsm_encoder
libgsm_ms_encoder
libilbc_encoder
libjxl_anim_encoder
libjxl_encoder
liblc3_encoder
libmp3lame_encoder
liboapv_encoder
libopencore_amrnb_encoder
libopenjpeg_encoder
libopus_encoder
librav1e_encoder
libshine_encoder
libspeex_encoder
libsvtav1_encoder
libsvtjpegxs_encoder
libtheora_encoder
libtwolame_encoder
libvo_amrwbenc_encoder
libvorbis_encoder
libvpx_vp8_encoder
libvpx_vp9_encoder
libvvenc_encoder
libwebp_anim_encoder
libwebp_encoder
libx262_encoder
libx264_encoder
libx264rgb_encoder
libx265_encoder
libxeve_encoder
libxavs_encoder
libxavs2_encoder
libxvid_encoder
aac_mf_encoder
ac3_mf_encoder
h263_v4l2m2m_encoder
av1_d3d12va_encoder
av1_mediacodec_encoder
av1_nvenc_encoder
av1_qsv_encoder
av1_amf_encoder
av1_mf_encoder
av1_vaapi_encoder
av1_vulkan_encoder
libopenh264_encoder
h264_amf_encoder
h264_d3d12va_encoder
h264_mf_encoder
h264_nvenc_encoder
h264_oh_encoder
h264_omx_encoder
h264_qsv_encoder
h264_v4l2m2m_encoder
h264_vaapi_encoder
h264_videotoolbox_encoder
h264_vulkan_encoder
hevc_amf_encoder
hevc_d3d12va_encoder
hevc_mediacodec_encoder
hevc_mf_encoder
hevc_nvenc_encoder
hevc_oh_encoder
hevc_qsv_encoder
hevc_v4l2m2m_encoder
hevc_vaapi_encoder
hevc_videotoolbox_encoder
hevc_vulkan_encoder
libkvazaar_encoder
mjpeg_qsv_encoder
mjpeg_vaapi_encoder
mp3_mf_encoder
mpeg2_qsv_encoder
mpeg2_vaapi_encoder
mpeg4_mediacodec_encoder
mpeg4_omx_encoder
mpeg4_v4l2m2m_encoder
prores_videotoolbox_encoder
vp8_mediacodec_encoder
vp8_v4l2m2m_encoder
vp8_vaapi_encoder
vp9_mediacodec_encoder
vp9_vaapi_encoder
vp9_qsv_encoder
vnull_encoder
anull_encoder
    aasc_decoder
aic_decoder
alias_pix_decoder
agm_decoder
amv_decoder
anm_decoder
ansi_decoder
apng_decoder
apv_decoder
arbc_decoder
argo_decoder
asv1_decoder
asv2_decoder
aura_decoder
aura2_decoder
avrp_decoder
avrn_decoder
avs_decoder
avui_decoder
bethsoftvid_decoder
bfi_decoder
bink_decoder
bitpacked_decoder
bmp_decoder
bmv_video_decoder
brender_pix_decoder
c93_decoder
cavs_decoder
cdgraphics_decoder
cdtoons_decoder
cdxl_decoder
cfhd_decoder
cinepak_decoder
clearvideo_decoder
cljr_decoder
cllc_decoder
comfortnoise_decoder
cpia_decoder
cri_decoder
cscd_decoder
cyuv_decoder
dds_decoder
dfa_decoder
dirac_decoder
dnxhd_decoder
dpx_decoder
dsicinvideo_decoder
dvaudio_decoder
dvvideo_decoder
dxa_decoder
dxtory_decoder
dxv_decoder
eacmv_decoder
eamad_decoder
eatgq_decoder
eatgv_decoder
eatqi_decoder
eightbps_decoder
eightsvx_exp_decoder
eightsvx_fib_decoder
escape124_decoder
escape130_decoder
exr_decoder
ffv1_decoder
ffvhuff_decoder
fic_decoder
fits_decoder
flashsv_decoder
flashsv2_decoder
flic_decoder
flv_decoder
fmvc_decoder
fourxm_decoder
fraps_decoder
frwu_decoder
g2m_decoder
gdv_decoder
gem_decoder
gif_decoder
h261_decoder
h263_decoder
h263i_decoder
h263p_decoder
h263_v4l2m2m_decoder
h264_decoder
h264_v4l2m2m_decoder
h264_mediacodec_decoder
h264_mmal_decoder
h264_qsv_decoder
h264_rkmpp_decoder
hap_decoder
hevc_decoder
hevc_qsv_decoder
hevc_rkmpp_decoder
hevc_v4l2m2m_decoder
hnm4_video_decoder
hq_hqa_decoder
hqx_decoder
huffyuv_decoder
hymt_decoder
idcin_decoder
iff_ilbm_decoder
imm4_decoder
imm5_decoder
indeo2_decoder
indeo3_decoder
indeo4_decoder
indeo5_decoder
interplay_video_decoder
ipu_decoder
jpeg2000_decoder
jpegls_decoder
jv_decoder
kgv1_decoder
kmvc_decoder
lagarith_decoder
lead_decoder
loco_decoder
lscr_decoder
m101_decoder
magicyuv_decoder
mdec_decoder
media100_decoder
mimic_decoder
mjpeg_decoder
mjpegb_decoder
mmvideo_decoder
mobiclip_decoder
motionpixels_decoder
mpeg1video_decoder
mpeg2video_decoder
mpeg4_decoder
mpeg4_v4l2m2m_decoder
mpeg4_mmal_decoder
mpegvideo_decoder
mpeg1_v4l2m2m_decoder
mpeg2_mmal_decoder
mpeg2_v4l2m2m_decoder
mpeg2_qsv_decoder
mpeg2_mediacodec_decoder
msa1_decoder
mscc_decoder
msmpeg4v1_decoder
msmpeg4v2_decoder
msmpeg4v3_decoder
msp2_decoder
msrle_decoder
mss1_decoder
mss2_decoder
msvideo1_decoder
mszh_decoder
mts2_decoder
mv30_decoder
mvc1_decoder
mvc2_decoder
mvdv_decoder
mvha_decoder
mwsc_decoder
mxpeg_decoder
notchlc_decoder
nuv_decoder
paf_video_decoder
pam_decoder
pbm_decoder
pcx_decoder
pdv_decoder
pfm_decoder
pgm_decoder
pgmyuv_decoder
pgx_decoder
phm_decoder
photocd_decoder
pictor_decoder
pixlet_decoder
png_decoder
ppm_decoder
prores_decoder
prores_raw_decoder
prosumer_decoder
psd_decoder
ptx_decoder
qdraw_decoder
qoi_decoder
qpeg_decoder
qtrle_decoder
r10k_decoder
r210_decoder
rasc_decoder
rawvideo_decoder
rka_decoder
rl2_decoder
roq_decoder
rpza_decoder
rscc_decoder
rtv1_decoder
rv10_decoder
rv20_decoder
rv30_decoder
rv40_decoder
rv60_decoder
s302m_decoder
sanm_decoder
scpr_decoder
screenpresso_decoder
sga_decoder
sgi_decoder
sgirle_decoder
sheervideo_decoder
simbiosis_imx_decoder
smacker_decoder
smc_decoder
smvjpeg_decoder
snow_decoder
sp5x_decoder
speedhq_decoder
speex_decoder
srgc_decoder
sunrast_decoder
svq1_decoder
svq3_decoder
targa_decoder
targa_y216_decoder
tdsc_decoder
theora_decoder
thp_decoder
tiertexseqvideo_decoder
tiff_decoder
tmv_decoder
truemotion1_decoder
truemotion2_decoder
truemotion2rt_decoder
tscc_decoder
tscc2_decoder
txd_decoder
ulti_decoder
utvideo_decoder
v210_decoder
v210x_decoder
v308_decoder
v408_decoder
v410_decoder
vb_decoder
vbn_decoder
vble_decoder
vc1_decoder
vc1image_decoder
vc1_mmal_decoder
vc1_qsv_decoder
vc1_v4l2m2m_decoder
vcr1_decoder
vmdvideo_decoder
vmix_decoder
vmnc_decoder
vp3_decoder
vp4_decoder
vp5_decoder
vp6_decoder
vp6a_decoder
vp6f_decoder
vp7_decoder
vp8_decoder
vp8_rkmpp_decoder
vp8_v4l2m2m_decoder
vp9_decoder
vp9_rkmpp_decoder
vp9_v4l2m2m_decoder
vqa_decoder
vqc_decoder
vvc_decoder
wbmp_decoder
webp_decoder
wcmv_decoder
wrapped_avframe_decoder
wmv1_decoder
wmv2_decoder
wmv3_decoder
wmv3image_decoder
wnv1_decoder
xan_wc3_decoder
xan_wc4_decoder
xbm_decoder
xface_decoder
xl_decoder
xpm_decoder
xwd_decoder
y41p_decoder
ylc_decoder
yop_decoder
yuv4_decoder
zero12v_decoder
zerocodec_decoder
zlib_decoder
zmbv_decoder
aac_decoder
aac_fixed_decoder
aac_latm_decoder
ac3_decoder
ac3_fixed_decoder
acelp_kelvin_decoder
ahx_decoder
alac_decoder
als_decoder
amrnb_decoder
amrwb_decoder
apac_decoder
ape_decoder
aptx_decoder
aptx_hd_decoder
atrac1_decoder
atrac3_decoder
atrac3al_decoder
atrac3p_decoder
atrac3pal_decoder
atrac9_decoder
binkaudio_dct_decoder
binkaudio_rdft_decoder
bmv_audio_decoder
bonk_decoder
cook_decoder
dca_decoder
dfpwm_decoder
dolby_e_decoder
dsd_lsbf_decoder
dsd_msbf_decoder
dsd_lsbf_planar_decoder
dsd_msbf_planar_decoder
dsicinaudio_decoder
dss_sp_decoder
dst_decoder
eac3_decoder
evrc_decoder
fastaudio_decoder
ffwavesynth_decoder
flac_decoder
ftr_decoder
g723_1_decoder
g728_decoder
g729_decoder
gsm_decoder
gsm_ms_decoder
hca_decoder
hcom_decoder
hdr_decoder
iac_decoder
ilbc_decoder
imc_decoder
interplay_acm_decoder
mace3_decoder
mace6_decoder
metasound_decoder
misc4_decoder
mlp_decoder
mp1_decoder
mp1float_decoder
mp2_decoder
mp2float_decoder
mp3float_decoder
mp3_decoder
mp3adufloat_decoder
mp3adu_decoder
mp3on4float_decoder
mp3on4_decoder
mpc7_decoder
mpc8_decoder
msnsiren_decoder
nellymoser_decoder
on2avc_decoder
opus_decoder
osq_decoder
paf_audio_decoder
qcelp_decoder
qdm2_decoder
qdmc_decoder
qoa_decoder
ra_144_decoder
ra_288_decoder
ralf_decoder
sbc_decoder
shorten_decoder
sipr_decoder
siren_decoder
smackaud_decoder
sonic_decoder
tak_decoder
truehd_decoder
truespeech_decoder
tta_decoder
twinvq_decoder
vmdaudio_decoder
vorbis_decoder
wavarc_decoder
wavpack_decoder
wmalossless_decoder
wmapro_decoder
wmav1_decoder
wmav2_decoder
wmavoice_decoder
ws_snd1_decoder
xma1_decoder
xma2_decoder
pcm_alaw_decoder
pcm_bluray_decoder
pcm_dvd_decoder
pcm_f16le_decoder
pcm_f24le_decoder
pcm_f32be_decoder
pcm_f32le_decoder
pcm_f64be_decoder
pcm_f64le_decoder
pcm_lxf_decoder
pcm_mulaw_decoder
pcm_s8_decoder
pcm_s8_planar_decoder
pcm_s16be_decoder
pcm_s16be_planar_decoder
pcm_s16le_decoder
pcm_s16le_planar_decoder
pcm_s24be_decoder
pcm_s24daud_decoder
pcm_s24le_decoder
pcm_s24le_planar_decoder
pcm_s32be_decoder
pcm_s32le_decoder
pcm_s32le_planar_decoder
pcm_s64be_decoder
pcm_s64le_decoder
pcm_sga_decoder
pcm_u8_decoder
pcm_u16be_decoder
pcm_u16le_decoder
pcm_u24be_decoder
pcm_u24le_decoder
pcm_u32be_decoder
pcm_u32le_decoder
pcm_vidc_decoder
cbd2_dpcm_decoder
derf_dpcm_decoder
gremlin_dpcm_decoder
interplay_dpcm_decoder
roq_dpcm_decoder
sdx2_dpcm_decoder
sol_dpcm_decoder
xan_dpcm_decoder
wady_dpcm_decoder
adpcm_4xm_decoder
adpcm_adx_decoder
adpcm_afc_decoder
adpcm_agm_decoder
adpcm_aica_decoder
adpcm_argo_decoder
adpcm_circus_decoder
adpcm_ct_decoder
adpcm_dtk_decoder
adpcm_ea_decoder
adpcm_ea_maxis_xa_decoder
adpcm_ea_r1_decoder
adpcm_ea_r2_decoder
adpcm_ea_r3_decoder
adpcm_ea_xas_decoder
adpcm_g722_decoder
adpcm_g726_decoder
adpcm_g726le_decoder
adpcm_ima_acorn_decoder
adpcm_ima_amv_decoder
adpcm_ima_alp_decoder
adpcm_ima_apc_decoder
adpcm_ima_apm_decoder
adpcm_ima_cunning_decoder
adpcm_ima_dat4_decoder
adpcm_ima_dk3_decoder
adpcm_ima_dk4_decoder
adpcm_ima_ea_eacs_decoder
adpcm_ima_ea_sead_decoder
adpcm_ima_escape_decoder
adpcm_ima_hvqm2_decoder
adpcm_ima_hvqm4_decoder
adpcm_ima_iss_decoder
adpcm_ima_magix_decoder
adpcm_ima_moflex_decoder
adpcm_ima_mtf_decoder
adpcm_ima_oki_decoder
adpcm_ima_pda_decoder
adpcm_ima_qt_decoder
adpcm_ima_rad_decoder
adpcm_ima_ssi_decoder
adpcm_ima_smjpeg_decoder
adpcm_ima_wav_decoder
adpcm_ima_ws_decoder
adpcm_ima_xbox_decoder
adpcm_ms_decoder
adpcm_mtaf_decoder
adpcm_n64_decoder
adpcm_psx_decoder
adpcm_psxc_decoder
adpcm_sanyo_decoder
adpcm_sbpro_2_decoder
adpcm_sbpro_3_decoder
adpcm_sbpro_4_decoder
adpcm_swf_decoder
adpcm_thp_decoder
adpcm_thp_le_decoder
adpcm_vima_decoder
adpcm_xa_decoder
adpcm_xmd_decoder
adpcm_yamaha_decoder
adpcm_zork_decoder
ssa_decoder
ass_decoder
ccaption_decoder
dvbsub_decoder
dvdsub_decoder
jacosub_decoder
microdvd_decoder
movtext_decoder
mpl2_decoder
pgssub_decoder
pjs_decoder
realtext_decoder
sami_decoder
srt_decoder
stl_decoder
subrip_decoder
subviewer_decoder
subviewer1_decoder
text_decoder
vplayer_decoder
webvtt_decoder
xsub_decoder
aac_at_decoder
ac3_at_decoder
adpcm_ima_qt_at_decoder
alac_at_decoder
amr_nb_at_decoder
eac3_at_decoder
gsm_ms_at_decoder
ilbc_at_decoder
mp1_at_decoder
mp2_at_decoder
mp3_at_decoder
pcm_alaw_at_decoder
pcm_mulaw_at_decoder
qdmc_at_decoder
qdm2_at_decoder
libaribcaption_decoder
libaribb24_decoder
libcelt_decoder
libcodec2_decoder
libdav1d_decoder
libdavs2_decoder
libfdk_aac_decoder
libgsm_decoder
libgsm_ms_decoder
libilbc_decoder
libjxl_anim_decoder
libjxl_decoder
liblc3_decoder
libmpeghdec_decoder
libopencore_amrnb_decoder
libopencore_amrwb_decoder
libopus_decoder
librsvg_decoder
libspeex_decoder
libsvtjpegxs_decoder
libuavs3d_decoder
libvorbis_decoder
libvpx_vp8_decoder
libvpx_vp9_decoder
libxevd_decoder
libzvbi_teletext_decoder
bintext_decoder
xbin_decoder
idf_decoder
aac_mediacodec_decoder
amrnb_mediacodec_decoder
amrwb_mediacodec_decoder
libaom_av1_decoder
av1_decoder
av1_cuvid_decoder
av1_mediacodec_decoder
av1_qsv_decoder
av1_amf_decoder
libopenh264_decoder
h264_amf_decoder
h264_cuvid_decoder
h264_oh_decoder
hevc_amf_decoder
hevc_cuvid_decoder
hevc_mediacodec_decoder
hevc_oh_decoder
mjpeg_cuvid_decoder
mjpeg_qsv_decoder
mp3_mediacodec_decoder
mpeg1_cuvid_decoder
mpeg2_cuvid_decoder
mpeg4_cuvid_decoder
mpeg4_mediacodec_decoder
vc1_cuvid_decoder
vp8_cuvid_decoder
vp8_mediacodec_decoder
vp8_qsv_decoder
vp9_amf_decoder
vp9_cuvid_decoder
vp9_mediacodec_decoder
vp9_qsv_decoder
vvc_qsv_decoder
vnull_decoder
anull_decoder
'
COMPONENT_LIST='
    
    bsfs
    decoders
    encoders
    hwaccels
    parsers

    
    indevs
    outdevs

    
    filters

    
    demuxers
    muxers
    protocols

'
CONFIG_EXTRA='
    aandcttables
    ac3dsp
    adts_header
    atsc_a53
    audio_frame_queue
    audiodsp
    blockdsp
    bswapdsp
    cabac
    cbs
    cbs_apv
    cbs_av1
    cbs_h264
    cbs_h265
    cbs_h266
    cbs_jpeg
    cbs_lcevc
    cbs_mpeg2
    cbs_vp8
    cbs_vp9
    celp_math
    d3d12_intra_refresh
    d3d12_motion_estimator
    d3d12_video_process_reference_info
    d3d12va_encode
    d3d12va_me_precision_eighth_pixel
    deflate_wrapper
    dirac_parse
    dnn
    dovi_rpudec
    dovi_rpuenc
    dvprofile
    evcparse
    faandct
    faanidct
    fdctdsp
    fmtconvert
    frame_thread_encoder
    g722dsp
    golomb
    gplv3
    h263dsp
    h264chroma
    h264dsp
    h264parse
    h264pred
    h264qpel
    h264_sei
    hevcparse
    hevc_sei
    hpeldsp
    huffman
    huffyuvdsp
    huffyuvencdsp
    iamfdec
    iamfenc
    idctdsp
    inflate_wrapper
    intrax8
    iso_media
    iso_writer
    ividsp
    jpegtables
    lgplv3
    libx262
    libx264_hdr10
    llauddsp
    llviddsp
    llvidencdsp
    lpc
    lzf
    me_cmp
    mpeg_er
    mpegaudio
    mpegaudiodsp
    mpegaudioheader
    mpeg4audio
    mpegvideo
    mpegvideodec
    mpegvideoenc
    mpegvideoencdsp
    msmpeg4dec
    msmpeg4enc
    mss34dsp
    pixblockdsp
    qpeldsp
    qsv
    qsvdec
    qsvenc
    qsvvpp
    rangecoder
    riffdec
    riffenc
    rtpdec
    rtpenc_chain
    rv34dsp
    scene_sad
    sinewin
    smpte_436m
    snappy
    srtp
    startcode
    texturedsp
    texturedspenc
    tpeldsp
    vaapi_1
    vaapi_encode
    vulkan_1_4
    vc1dsp
    videodsp
    vp3dsp
    vp8dsp
    vulkan_encode
    vvc_sei
    wma_freqs
    wmv2dsp
'
CONFIG_LIST='
    
    doc
    htmlpages
    manpages
    podpages
    txtpages

    
    avio_http_serve_files_example
    avio_list_dir_example
    avio_read_callback_example
    decode_audio_example
    decode_filter_audio_example
    decode_filter_video_example
    decode_video_example
    demux_decode_example
    encode_audio_example
    encode_video_example
    extract_mvs_example
    filter_audio_example
    hw_decode_example
    mux_example
    qsv_decode_example
    remux_example
    resample_audio_example
    scale_video_example
    show_metadata_example
    transcode_aac_example
    transcode_example
    vaapi_encode_example
    vaapi_transcode_example
    qsv_transcode_example

    
    
    avisynth
    frei0r
    libcdio
    libdavs2
    libdvdnav
    libdvdread
    librubberband
    libvidstab
    libx264
    libx265
    libxavs
    libxavs2
    libxvid

    
    decklink
    libfdk_aac
    libmpeghdec

    
    gmp
    libaribb24
    liblensfun
    libopencore_amrnb
    libopencore_amrwb
    libvo_amrwbenc
    mbedtls
    rkmpp

    
    libsmbclient

    cairo
    chromaprint
    gcrypt
    gnutls
    jni
    ladspa
    lcms2
    libaom
    libaribcaption
    libass
    libbluray
    libbs2b
    libcaca
    libcelt
    libcodec2
    libdav1d
    libdc1394
    libflite
    libfontconfig
    libfreetype
    libfribidi
    libharfbuzz
    libglslang
    libgme
    libgsm
    libiec61883
    libilbc
    libjack
    libjxl
    libklvanc
    libkvazaar
    liblc3
    liblcevc_dec
    libmodplug
    libmp3lame
    libmysofa
    liboapv
    libopencv
    libopencolorio
    libopenh264
    libopenjpeg
    libopenmpt
    libopenvino
    libopus
    libplacebo
    libpulse
    libqrencode
    libquirc
    librabbitmq
    librav1e
    librist
    librsvg
    librtmp
    libshaderc
    libshine
    libsmbclient
    libsnappy
    libsoxr
    libspeex
    libsrt
    libssh
    libsvtav1
    libsvtjpegxs
    libtensorflow
    libtesseract
    libtheora
    libtls
    libtorch
    libtwolame
    libuavs3d
    libv4l2
    libvmaf
    libvorbis
    libvpx
    libvvenc
    libwebp
    libxevd
    libxevdb
    libxeve
    libxeveb
    libxml2
    libzimg
    libzmq
    libzvbi
    lv2
    mediacodec
    ohcodec
    openal
    opengl
    openssl
    pocketsphinx
    vapoursynth
    vulkan_static
    whisper

    
    alsa
    appkit
    avfoundation
    bzlib
    coreimage
    iconv
    libxcb
    libxcb_shm
    libxcb_shape
    libxcb_xfixes
    lzma
    mediafoundation
    metal
    schannel
    sdl2
    securetransport
    sndio
    xlib
    zlib

    
    
    cuda_nvcc
    cuda_sdk
    libnpp

    libmfx
    libvpl
    mmal
    omx
    opencl

    
    amf
    audiotoolbox
    cuda
    cuda_llvm
    cuvid
    d3d11va
    d3d12va
    dxva2
    ffnvcodec
    libdrm
    nvdec
    nvenc
    vaapi
    vdpau
    videotoolbox
    vulkan
    v4l2_m2m

    
    ftrapv
    gray
    hardcoded_tables
    omx_rpi
    runtime_cpudetect
    safe_bitstream_reader
    shared
    small
    static
    swscale_alpha
    unstable

    
    gpl
    nonfree
    version3

    
    avdevice
    avfilter
    swscale
    avformat
    avcodec
    swresample
    avutil

    
    ffplay
    ffprobe
    ffmpeg

    
    dwt
    error_resilience
    faan
    fast_unaligned
    iamf
    lsp
    pixelutils
    network

    autodetect
    fontconfig
    large_tests
    linux_perf
    macos_kperf
    memory_poisoning
    neon_clobber_test
    ossfuzz
    pic
    shader_compression
    resource_compression
    thumb
    valgrind_backtrace
    xmm_clobber_test
    
    
    bsfs
    decoders
    encoders
    hwaccels
    parsers

    
    indevs
    outdevs

    
    filters

    
    demuxers
    muxers
    protocols


'
CXX_C=-c
CXX_O='-o $@'
DECODER_LIST='aasc_decoder
aic_decoder
alias_pix_decoder
agm_decoder
amv_decoder
anm_decoder
ansi_decoder
apng_decoder
apv_decoder
arbc_decoder
argo_decoder
asv1_decoder
asv2_decoder
aura_decoder
aura2_decoder
avrp_decoder
avrn_decoder
avs_decoder
avui_decoder
bethsoftvid_decoder
bfi_decoder
bink_decoder
bitpacked_decoder
bmp_decoder
bmv_video_decoder
brender_pix_decoder
c93_decoder
cavs_decoder
cdgraphics_decoder
cdtoons_decoder
cdxl_decoder
cfhd_decoder
cinepak_decoder
clearvideo_decoder
cljr_decoder
cllc_decoder
comfortnoise_decoder
cpia_decoder
cri_decoder
cscd_decoder
cyuv_decoder
dds_decoder
dfa_decoder
dirac_decoder
dnxhd_decoder
dpx_decoder
dsicinvideo_decoder
dvaudio_decoder
dvvideo_decoder
dxa_decoder
dxtory_decoder
dxv_decoder
eacmv_decoder
eamad_decoder
eatgq_decoder
eatgv_decoder
eatqi_decoder
eightbps_decoder
eightsvx_exp_decoder
eightsvx_fib_decoder
escape124_decoder
escape130_decoder
exr_decoder
ffv1_decoder
ffvhuff_decoder
fic_decoder
fits_decoder
flashsv_decoder
flashsv2_decoder
flic_decoder
flv_decoder
fmvc_decoder
fourxm_decoder
fraps_decoder
frwu_decoder
g2m_decoder
gdv_decoder
gem_decoder
gif_decoder
h261_decoder
h263_decoder
h263i_decoder
h263p_decoder
h263_v4l2m2m_decoder
h264_decoder
h264_v4l2m2m_decoder
h264_mediacodec_decoder
h264_mmal_decoder
h264_qsv_decoder
h264_rkmpp_decoder
hap_decoder
hevc_decoder
hevc_qsv_decoder
hevc_rkmpp_decoder
hevc_v4l2m2m_decoder
hnm4_video_decoder
hq_hqa_decoder
hqx_decoder
huffyuv_decoder
hymt_decoder
idcin_decoder
iff_ilbm_decoder
imm4_decoder
imm5_decoder
indeo2_decoder
indeo3_decoder
indeo4_decoder
indeo5_decoder
interplay_video_decoder
ipu_decoder
jpeg2000_decoder
jpegls_decoder
jv_decoder
kgv1_decoder
kmvc_decoder
lagarith_decoder
lead_decoder
loco_decoder
lscr_decoder
m101_decoder
magicyuv_decoder
mdec_decoder
media100_decoder
mimic_decoder
mjpeg_decoder
mjpegb_decoder
mmvideo_decoder
mobiclip_decoder
motionpixels_decoder
mpeg1video_decoder
mpeg2video_decoder
mpeg4_decoder
mpeg4_v4l2m2m_decoder
mpeg4_mmal_decoder
mpegvideo_decoder
mpeg1_v4l2m2m_decoder
mpeg2_mmal_decoder
mpeg2_v4l2m2m_decoder
mpeg2_qsv_decoder
mpeg2_mediacodec_decoder
msa1_decoder
mscc_decoder
msmpeg4v1_decoder
msmpeg4v2_decoder
msmpeg4v3_decoder
msp2_decoder
msrle_decoder
mss1_decoder
mss2_decoder
msvideo1_decoder
mszh_decoder
mts2_decoder
mv30_decoder
mvc1_decoder
mvc2_decoder
mvdv_decoder
mvha_decoder
mwsc_decoder
mxpeg_decoder
notchlc_decoder
nuv_decoder
paf_video_decoder
pam_decoder
pbm_decoder
pcx_decoder
pdv_decoder
pfm_decoder
pgm_decoder
pgmyuv_decoder
pgx_decoder
phm_decoder
photocd_decoder
pictor_decoder
pixlet_decoder
png_decoder
ppm_decoder
prores_decoder
prores_raw_decoder
prosumer_decoder
psd_decoder
ptx_decoder
qdraw_decoder
qoi_decoder
qpeg_decoder
qtrle_decoder
r10k_decoder
r210_decoder
rasc_decoder
rawvideo_decoder
rka_decoder
rl2_decoder
roq_decoder
rpza_decoder
rscc_decoder
rtv1_decoder
rv10_decoder
rv20_decoder
rv30_decoder
rv40_decoder
rv60_decoder
s302m_decoder
sanm_decoder
scpr_decoder
screenpresso_decoder
sga_decoder
sgi_decoder
sgirle_decoder
sheervideo_decoder
simbiosis_imx_decoder
smacker_decoder
smc_decoder
smvjpeg_decoder
snow_decoder
sp5x_decoder
speedhq_decoder
speex_decoder
srgc_decoder
sunrast_decoder
svq1_decoder
svq3_decoder
targa_decoder
targa_y216_decoder
tdsc_decoder
theora_decoder
thp_decoder
tiertexseqvideo_decoder
tiff_decoder
tmv_decoder
truemotion1_decoder
truemotion2_decoder
truemotion2rt_decoder
tscc_decoder
tscc2_decoder
txd_decoder
ulti_decoder
utvideo_decoder
v210_decoder
v210x_decoder
v308_decoder
v408_decoder
v410_decoder
vb_decoder
vbn_decoder
vble_decoder
vc1_decoder
vc1image_decoder
vc1_mmal_decoder
vc1_qsv_decoder
vc1_v4l2m2m_decoder
vcr1_decoder
vmdvideo_decoder
vmix_decoder
vmnc_decoder
vp3_decoder
vp4_decoder
vp5_decoder
vp6_decoder
vp6a_decoder
vp6f_decoder
vp7_decoder
vp8_decoder
vp8_rkmpp_decoder
vp8_v4l2m2m_decoder
vp9_decoder
vp9_rkmpp_decoder
vp9_v4l2m2m_decoder
vqa_decoder
vqc_decoder
vvc_decoder
wbmp_decoder
webp_decoder
wcmv_decoder
wrapped_avframe_decoder
wmv1_decoder
wmv2_decoder
wmv3_decoder
wmv3image_decoder
wnv1_decoder
xan_wc3_decoder
xan_wc4_decoder
xbm_decoder
xface_decoder
xl_decoder
xpm_decoder
xwd_decoder
y41p_decoder
ylc_decoder
yop_decoder
yuv4_decoder
zero12v_decoder
zerocodec_decoder
zlib_decoder
zmbv_decoder
aac_decoder
aac_fixed_decoder
aac_latm_decoder
ac3_decoder
ac3_fixed_decoder
acelp_kelvin_decoder
ahx_decoder
alac_decoder
als_decoder
amrnb_decoder
amrwb_decoder
apac_decoder
ape_decoder
aptx_decoder
aptx_hd_decoder
atrac1_decoder
atrac3_decoder
atrac3al_decoder
atrac3p_decoder
atrac3pal_decoder
atrac9_decoder
binkaudio_dct_decoder
binkaudio_rdft_decoder
bmv_audio_decoder
bonk_decoder
cook_decoder
dca_decoder
dfpwm_decoder
dolby_e_decoder
dsd_lsbf_decoder
dsd_msbf_decoder
dsd_lsbf_planar_decoder
dsd_msbf_planar_decoder
dsicinaudio_decoder
dss_sp_decoder
dst_decoder
eac3_decoder
evrc_decoder
fastaudio_decoder
ffwavesynth_decoder
flac_decoder
ftr_decoder
g723_1_decoder
g728_decoder
g729_decoder
gsm_decoder
gsm_ms_decoder
hca_decoder
hcom_decoder
hdr_decoder
iac_decoder
ilbc_decoder
imc_decoder
interplay_acm_decoder
mace3_decoder
mace6_decoder
metasound_decoder
misc4_decoder
mlp_decoder
mp1_decoder
mp1float_decoder
mp2_decoder
mp2float_decoder
mp3float_decoder
mp3_decoder
mp3adufloat_decoder
mp3adu_decoder
mp3on4float_decoder
mp3on4_decoder
mpc7_decoder
mpc8_decoder
msnsiren_decoder
nellymoser_decoder
on2avc_decoder
opus_decoder
osq_decoder
paf_audio_decoder
qcelp_decoder
qdm2_decoder
qdmc_decoder
qoa_decoder
ra_144_decoder
ra_288_decoder
ralf_decoder
sbc_decoder
shorten_decoder
sipr_decoder
siren_decoder
smackaud_decoder
sonic_decoder
tak_decoder
truehd_decoder
truespeech_decoder
tta_decoder
twinvq_decoder
vmdaudio_decoder
vorbis_decoder
wavarc_decoder
wavpack_decoder
wmalossless_decoder
wmapro_decoder
wmav1_decoder
wmav2_decoder
wmavoice_decoder
ws_snd1_decoder
xma1_decoder
xma2_decoder
pcm_alaw_decoder
pcm_bluray_decoder
pcm_dvd_decoder
pcm_f16le_decoder
pcm_f24le_decoder
pcm_f32be_decoder
pcm_f32le_decoder
pcm_f64be_decoder
pcm_f64le_decoder
pcm_lxf_decoder
pcm_mulaw_decoder
pcm_s8_decoder
pcm_s8_planar_decoder
pcm_s16be_decoder
pcm_s16be_planar_decoder
pcm_s16le_decoder
pcm_s16le_planar_decoder
pcm_s24be_decoder
pcm_s24daud_decoder
pcm_s24le_decoder
pcm_s24le_planar_decoder
pcm_s32be_decoder
pcm_s32le_decoder
pcm_s32le_planar_decoder
pcm_s64be_decoder
pcm_s64le_decoder
pcm_sga_decoder
pcm_u8_decoder
pcm_u16be_decoder
pcm_u16le_decoder
pcm_u24be_decoder
pcm_u24le_decoder
pcm_u32be_decoder
pcm_u32le_decoder
pcm_vidc_decoder
cbd2_dpcm_decoder
derf_dpcm_decoder
gremlin_dpcm_decoder
interplay_dpcm_decoder
roq_dpcm_decoder
sdx2_dpcm_decoder
sol_dpcm_decoder
xan_dpcm_decoder
wady_dpcm_decoder
adpcm_4xm_decoder
adpcm_adx_decoder
adpcm_afc_decoder
adpcm_agm_decoder
adpcm_aica_decoder
adpcm_argo_decoder
adpcm_circus_decoder
adpcm_ct_decoder
adpcm_dtk_decoder
adpcm_ea_decoder
adpcm_ea_maxis_xa_decoder
adpcm_ea_r1_decoder
adpcm_ea_r2_decoder
adpcm_ea_r3_decoder
adpcm_ea_xas_decoder
adpcm_g722_decoder
adpcm_g726_decoder
adpcm_g726le_decoder
adpcm_ima_acorn_decoder
adpcm_ima_amv_decoder
adpcm_ima_alp_decoder
adpcm_ima_apc_decoder
adpcm_ima_apm_decoder
adpcm_ima_cunning_decoder
adpcm_ima_dat4_decoder
adpcm_ima_dk3_decoder
adpcm_ima_dk4_decoder
adpcm_ima_ea_eacs_decoder
adpcm_ima_ea_sead_decoder
adpcm_ima_escape_decoder
adpcm_ima_hvqm2_decoder
adpcm_ima_hvqm4_decoder
adpcm_ima_iss_decoder
adpcm_ima_magix_decoder
adpcm_ima_moflex_decoder
adpcm_ima_mtf_decoder
adpcm_ima_oki_decoder
adpcm_ima_pda_decoder
adpcm_ima_qt_decoder
adpcm_ima_rad_decoder
adpcm_ima_ssi_decoder
adpcm_ima_smjpeg_decoder
adpcm_ima_wav_decoder
adpcm_ima_ws_decoder
adpcm_ima_xbox_decoder
adpcm_ms_decoder
adpcm_mtaf_decoder
adpcm_n64_decoder
adpcm_psx_decoder
adpcm_psxc_decoder
adpcm_sanyo_decoder
adpcm_sbpro_2_decoder
adpcm_sbpro_3_decoder
adpcm_sbpro_4_decoder
adpcm_swf_decoder
adpcm_thp_decoder
adpcm_thp_le_decoder
adpcm_vima_decoder
adpcm_xa_decoder
adpcm_xmd_decoder
adpcm_yamaha_decoder
adpcm_zork_decoder
ssa_decoder
ass_decoder
ccaption_decoder
dvbsub_decoder
dvdsub_decoder
jacosub_decoder
microdvd_decoder
movtext_decoder
mpl2_decoder
pgssub_decoder
pjs_decoder
realtext_decoder
sami_decoder
srt_decoder
stl_decoder
subrip_decoder
subviewer_decoder
subviewer1_decoder
text_decoder
vplayer_decoder
webvtt_decoder
xsub_decoder
aac_at_decoder
ac3_at_decoder
adpcm_ima_qt_at_decoder
alac_at_decoder
amr_nb_at_decoder
eac3_at_decoder
gsm_ms_at_decoder
ilbc_at_decoder
mp1_at_decoder
mp2_at_decoder
mp3_at_decoder
pcm_alaw_at_decoder
pcm_mulaw_at_decoder
qdmc_at_decoder
qdm2_at_decoder
libaribcaption_decoder
libaribb24_decoder
libcelt_decoder
libcodec2_decoder
libdav1d_decoder
libdavs2_decoder
libfdk_aac_decoder
libgsm_decoder
libgsm_ms_decoder
libilbc_decoder
libjxl_anim_decoder
libjxl_decoder
liblc3_decoder
libmpeghdec_decoder
libopencore_amrnb_decoder
libopencore_amrwb_decoder
libopus_decoder
librsvg_decoder
libspeex_decoder
libsvtjpegxs_decoder
libuavs3d_decoder
libvorbis_decoder
libvpx_vp8_decoder
libvpx_vp9_decoder
libxevd_decoder
libzvbi_teletext_decoder
bintext_decoder
xbin_decoder
idf_decoder
aac_mediacodec_decoder
amrnb_mediacodec_decoder
amrwb_mediacodec_decoder
libaom_av1_decoder
av1_decoder
av1_cuvid_decoder
av1_mediacodec_decoder
av1_qsv_decoder
av1_amf_decoder
libopenh264_decoder
h264_amf_decoder
h264_cuvid_decoder
h264_oh_decoder
hevc_amf_decoder
hevc_cuvid_decoder
hevc_mediacodec_decoder
hevc_oh_decoder
mjpeg_cuvid_decoder
mjpeg_qsv_decoder
mp3_mediacodec_decoder
mpeg1_cuvid_decoder
mpeg2_cuvid_decoder
mpeg4_cuvid_decoder
mpeg4_mediacodec_decoder
vc1_cuvid_decoder
vp8_cuvid_decoder
vp8_mediacodec_decoder
vp8_qsv_decoder
vp9_amf_decoder
vp9_cuvid_decoder
vp9_mediacodec_decoder
vp9_qsv_decoder
vvc_qsv_decoder
vnull_decoder
anull_decoder'
DEMUXER_LIST='aa_demuxer
aac_demuxer
aax_demuxer
ac3_demuxer
ac4_demuxer
ace_demuxer
acm_demuxer
act_demuxer
adf_demuxer
adp_demuxer
ads_demuxer
adx_demuxer
aea_demuxer
afc_demuxer
aiff_demuxer
aix_demuxer
alp_demuxer
amr_demuxer
amrnb_demuxer
amrwb_demuxer
anm_demuxer
apac_demuxer
apc_demuxer
ape_demuxer
apm_demuxer
apng_demuxer
aptx_demuxer
aptx_hd_demuxer
apv_demuxer
aqtitle_demuxer
argo_asf_demuxer
argo_brp_demuxer
argo_cvg_demuxer
asf_demuxer
asf_o_demuxer
ass_demuxer
ast_demuxer
au_demuxer
av1_demuxer
avi_demuxer
avr_demuxer
avs_demuxer
avs2_demuxer
avs3_demuxer
bethsoftvid_demuxer
bfi_demuxer
bintext_demuxer
bink_demuxer
binka_demuxer
bit_demuxer
bitpacked_demuxer
bmv_demuxer
bfstm_demuxer
brstm_demuxer
boa_demuxer
bonk_demuxer
c93_demuxer
caf_demuxer
cavsvideo_demuxer
cdg_demuxer
cdxl_demuxer
cine_demuxer
codec2_demuxer
codec2raw_demuxer
concat_demuxer
dash_demuxer
data_demuxer
daud_demuxer
dcstr_demuxer
derf_demuxer
dfa_demuxer
dfpwm_demuxer
dhav_demuxer
dirac_demuxer
dnxhd_demuxer
dsf_demuxer
dsicin_demuxer
dss_demuxer
dts_demuxer
dtshd_demuxer
dv_demuxer
dvbsub_demuxer
dvbtxt_demuxer
dxa_demuxer
ea_demuxer
ea_cdata_demuxer
eac3_demuxer
epaf_demuxer
evc_demuxer
ffmetadata_demuxer
filmstrip_demuxer
fits_demuxer
flac_demuxer
flic_demuxer
flv_demuxer
live_flv_demuxer
fourxm_demuxer
frm_demuxer
fsb_demuxer
fwse_demuxer
g722_demuxer
g723_1_demuxer
g726_demuxer
g726le_demuxer
g728_demuxer
g729_demuxer
gdv_demuxer
genh_demuxer
gif_demuxer
gsm_demuxer
gxf_demuxer
h261_demuxer
h263_demuxer
h264_demuxer
hca_demuxer
hcom_demuxer
hevc_demuxer
hls_demuxer
hnm_demuxer
hxvs_demuxer
iamf_demuxer
ico_demuxer
idcin_demuxer
idf_demuxer
iff_demuxer
ifv_demuxer
ilbc_demuxer
image2_demuxer
image2pipe_demuxer
image2_alias_pix_demuxer
image2_brender_pix_demuxer
imf_demuxer
ingenient_demuxer
ipmovie_demuxer
ipu_demuxer
ircam_demuxer
iss_demuxer
iv8_demuxer
ivf_demuxer
ivr_demuxer
jacosub_demuxer
jv_demuxer
jpegxl_anim_demuxer
kux_demuxer
kvag_demuxer
laf_demuxer
lc3_demuxer
lmlm4_demuxer
loas_demuxer
luodat_demuxer
lrc_demuxer
lvf_demuxer
lxf_demuxer
m4v_demuxer
mca_demuxer
mcc_demuxer
matroska_demuxer
mgsts_demuxer
microdvd_demuxer
mjpeg_demuxer
mjpeg_2000_demuxer
mlp_demuxer
mlv_demuxer
mm_demuxer
mmf_demuxer
mods_demuxer
moflex_demuxer
mov_demuxer
mp3_demuxer
mpc_demuxer
mpc8_demuxer
mpegps_demuxer
mpegts_demuxer
mpegtsraw_demuxer
mpegvideo_demuxer
mpjpeg_demuxer
mpl2_demuxer
mpsub_demuxer
msf_demuxer
msnwc_tcp_demuxer
msp_demuxer
mtaf_demuxer
mtv_demuxer
musx_demuxer
mv_demuxer
mvi_demuxer
mxf_demuxer
mxg_demuxer
nc_demuxer
nistsphere_demuxer
nsp_demuxer
nsv_demuxer
nut_demuxer
nuv_demuxer
obu_demuxer
ogg_demuxer
oma_demuxer
osq_demuxer
paf_demuxer
pcm_alaw_demuxer
pcm_mulaw_demuxer
pcm_vidc_demuxer
pcm_f64be_demuxer
pcm_f64le_demuxer
pcm_f32be_demuxer
pcm_f32le_demuxer
pcm_s32be_demuxer
pcm_s32le_demuxer
pcm_s24be_demuxer
pcm_s24le_demuxer
pcm_s16be_demuxer
pcm_s16le_demuxer
pcm_s8_demuxer
pcm_u32be_demuxer
pcm_u32le_demuxer
pcm_u24be_demuxer
pcm_u24le_demuxer
pcm_u16be_demuxer
pcm_u16le_demuxer
pcm_u8_demuxer
pdv_demuxer
pjs_demuxer
pmp_demuxer
pp_bnk_demuxer
pva_demuxer
pvf_demuxer
qcp_demuxer
qoa_demuxer
r3d_demuxer
rawvideo_demuxer
rcwt_demuxer
realtext_demuxer
redspark_demuxer
rka_demuxer
rl2_demuxer
rm_demuxer
roq_demuxer
rpl_demuxer
rsd_demuxer
rso_demuxer
rtp_demuxer
rtsp_demuxer
s337m_demuxer
sami_demuxer
sap_demuxer
sbc_demuxer
sbg_demuxer
scc_demuxer
scd_demuxer
sdns_demuxer
sdp_demuxer
sdr2_demuxer
sds_demuxer
sdx_demuxer
segafilm_demuxer
ser_demuxer
sga_demuxer
shorten_demuxer
siff_demuxer
simbiosis_imx_demuxer
sln_demuxer
smacker_demuxer
smjpeg_demuxer
smush_demuxer
sol_demuxer
sox_demuxer
spdif_demuxer
srt_demuxer
str_demuxer
stl_demuxer
subviewer1_demuxer
subviewer_demuxer
sup_demuxer
svag_demuxer
svs_demuxer
swf_demuxer
tak_demuxer
tedcaptions_demuxer
thp_demuxer
threedostr_demuxer
tiertexseq_demuxer
tmv_demuxer
truehd_demuxer
tta_demuxer
txd_demuxer
tty_demuxer
ty_demuxer
usm_demuxer
v210_demuxer
v210x_demuxer
vag_demuxer
vc1_demuxer
vc1t_demuxer
vividas_demuxer
vivo_demuxer
vmd_demuxer
vobsub_demuxer
voc_demuxer
vpk_demuxer
vplayer_demuxer
vqf_demuxer
vvc_demuxer
w64_demuxer
wady_demuxer
wavarc_demuxer
wav_demuxer
wc3_demuxer
webm_dash_manifest_demuxer
webvtt_demuxer
wsaud_demuxer
wsd_demuxer
wsvqa_demuxer
wtv_demuxer
wve_demuxer
wv_demuxer
xa_demuxer
xbin_demuxer
xmd_demuxer
xmv_demuxer
xvag_demuxer
xwma_demuxer
yop_demuxer
yuv4mpegpipe_demuxer
image_bmp_pipe_demuxer
image_cri_pipe_demuxer
image_dds_pipe_demuxer
image_dpx_pipe_demuxer
image_exr_pipe_demuxer
image_gem_pipe_demuxer
image_gif_pipe_demuxer
image_hdr_pipe_demuxer
image_j2k_pipe_demuxer
image_jpeg_pipe_demuxer
image_jpegls_pipe_demuxer
image_jpegxl_pipe_demuxer
image_jpegxs_pipe_demuxer
image_pam_pipe_demuxer
image_pbm_pipe_demuxer
image_pcx_pipe_demuxer
image_pfm_pipe_demuxer
image_pgmyuv_pipe_demuxer
image_pgm_pipe_demuxer
image_pgx_pipe_demuxer
image_phm_pipe_demuxer
image_photocd_pipe_demuxer
image_pictor_pipe_demuxer
image_png_pipe_demuxer
image_ppm_pipe_demuxer
image_psd_pipe_demuxer
image_qdraw_pipe_demuxer
image_qoi_pipe_demuxer
image_sgi_pipe_demuxer
image_svg_pipe_demuxer
image_sunrast_pipe_demuxer
image_tiff_pipe_demuxer
image_vbn_pipe_demuxer
image_webp_pipe_demuxer
image_xbm_pipe_demuxer
image_xpm_pipe_demuxer
image_xwd_pipe_demuxer
avisynth_demuxer
dvdvideo_demuxer
libgme_demuxer
libmodplug_demuxer
libopenmpt_demuxer
vapoursynth_demuxer'
DEPCMD='$(DEP$(1)) $(DEP$(1)FLAGS) $($(1)DEP_FLAGS) $< 2>/dev/null | sed -e "/^\#.*/d" -e "s,^[[:space:]]*$(@F),$(@D)/$(@F)," > $(@:.o=.d)'
DEPFLAGS=-MM
DIRSTACK=()
DOCUMENT_LIST='
    doc
    htmlpages
    manpages
    podpages
    txtpages
'
DOTNET_MULTILEVEL_LOOKUP=0
DOTNET_NOLOGO=1
DOTNET_SKIP_FIRST_TIME_EXPERIENCE=1
E1=0
E2=1
EDGEWEBDRIVER=/usr/local/share/edge_driver
ENABLE_RUNNER_TRACING=true
ENCODER_LIST='a64multi_encoder
a64multi5_encoder
alias_pix_encoder
amv_encoder
apng_encoder
asv1_encoder
asv2_encoder
avrp_encoder
avui_encoder
bitpacked_encoder
bmp_encoder
cfhd_encoder
cinepak_encoder
cljr_encoder
comfortnoise_encoder
dnxhd_encoder
dpx_encoder
dvvideo_encoder
dxv_encoder
exr_encoder
ffv1_encoder
ffv1_vulkan_encoder
ffvhuff_encoder
fits_encoder
flashsv_encoder
flashsv2_encoder
flv_encoder
gif_encoder
h261_encoder
h263_encoder
h263p_encoder
h264_mediacodec_encoder
h264_rkmpp_encoder
hap_encoder
hevc_rkmpp_encoder
huffyuv_encoder
jpeg2000_encoder
jpegls_encoder
ljpeg_encoder
magicyuv_encoder
mjpeg_encoder
mpeg1video_encoder
mpeg2video_encoder
mpeg4_encoder
msmpeg4v2_encoder
msmpeg4v3_encoder
msrle_encoder
msvideo1_encoder
pam_encoder
pbm_encoder
pcx_encoder
pfm_encoder
pgm_encoder
pgmyuv_encoder
phm_encoder
png_encoder
ppm_encoder
prores_encoder
prores_aw_encoder
prores_ks_encoder
prores_ks_vulkan_encoder
qoi_encoder
qtrle_encoder
r10k_encoder
r210_encoder
rawvideo_encoder
roq_encoder
rpza_encoder
rv10_encoder
rv20_encoder
s302m_encoder
sgi_encoder
smc_encoder
snow_encoder
speedhq_encoder
sunrast_encoder
svq1_encoder
targa_encoder
tiff_encoder
utvideo_encoder
v210_encoder
v308_encoder
v408_encoder
v410_encoder
vbn_encoder
vc2_encoder
wbmp_encoder
wrapped_avframe_encoder
wmv1_encoder
wmv2_encoder
xbm_encoder
xface_encoder
xwd_encoder
y41p_encoder
yuv4_encoder
zlib_encoder
zmbv_encoder
aac_encoder
ac3_encoder
ac3_fixed_encoder
alac_encoder
aptx_encoder
aptx_hd_encoder
dca_encoder
dfpwm_encoder
eac3_encoder
flac_encoder
g723_1_encoder
hdr_encoder
mlp_encoder
mp2_encoder
mp2fixed_encoder
nellymoser_encoder
opus_encoder
ra_144_encoder
sbc_encoder
sonic_encoder
sonic_ls_encoder
truehd_encoder
tta_encoder
vorbis_encoder
wavpack_encoder
wmav1_encoder
wmav2_encoder
pcm_alaw_encoder
pcm_bluray_encoder
pcm_dvd_encoder
pcm_f32be_encoder
pcm_f32le_encoder
pcm_f64be_encoder
pcm_f64le_encoder
pcm_mulaw_encoder
pcm_s8_encoder
pcm_s8_planar_encoder
pcm_s16be_encoder
pcm_s16be_planar_encoder
pcm_s16le_encoder
pcm_s16le_planar_encoder
pcm_s24be_encoder
pcm_s24daud_encoder
pcm_s24le_encoder
pcm_s24le_planar_encoder
pcm_s32be_encoder
pcm_s32le_encoder
pcm_s32le_planar_encoder
pcm_s64be_encoder
pcm_s64le_encoder
pcm_u8_encoder
pcm_u16be_encoder
pcm_u16le_encoder
pcm_u24be_encoder
pcm_u24le_encoder
pcm_u32be_encoder
pcm_u32le_encoder
pcm_vidc_encoder
roq_dpcm_encoder
adpcm_adx_encoder
adpcm_argo_encoder
adpcm_g722_encoder
adpcm_g726_encoder
adpcm_g726le_encoder
adpcm_ima_amv_encoder
adpcm_ima_alp_encoder
adpcm_ima_apm_encoder
adpcm_ima_qt_encoder
adpcm_ima_ssi_encoder
adpcm_ima_wav_encoder
adpcm_ima_ws_encoder
adpcm_ms_encoder
adpcm_swf_encoder
adpcm_yamaha_encoder
ssa_encoder
ass_encoder
dvbsub_encoder
dvdsub_encoder
movtext_encoder
srt_encoder
subrip_encoder
text_encoder
ttml_encoder
webvtt_encoder
xsub_encoder
aac_at_encoder
alac_at_encoder
ilbc_at_encoder
pcm_alaw_at_encoder
pcm_mulaw_at_encoder
libaom_av1_encoder
libcodec2_encoder
libfdk_aac_encoder
libgsm_encoder
libgsm_ms_encoder
libilbc_encoder
libjxl_anim_encoder
libjxl_encoder
liblc3_encoder
libmp3lame_encoder
liboapv_encoder
libopencore_amrnb_encoder
libopenjpeg_encoder
libopus_encoder
librav1e_encoder
libshine_encoder
libspeex_encoder
libsvtav1_encoder
libsvtjpegxs_encoder
libtheora_encoder
libtwolame_encoder
libvo_amrwbenc_encoder
libvorbis_encoder
libvpx_vp8_encoder
libvpx_vp9_encoder
libvvenc_encoder
libwebp_anim_encoder
libwebp_encoder
libx262_encoder
libx264_encoder
libx264rgb_encoder
libx265_encoder
libxeve_encoder
libxavs_encoder
libxavs2_encoder
libxvid_encoder
aac_mf_encoder
ac3_mf_encoder
h263_v4l2m2m_encoder
av1_d3d12va_encoder
av1_mediacodec_encoder
av1_nvenc_encoder
av1_qsv_encoder
av1_amf_encoder
av1_mf_encoder
av1_vaapi_encoder
av1_vulkan_encoder
libopenh264_encoder
h264_amf_encoder
h264_d3d12va_encoder
h264_mf_encoder
h264_nvenc_encoder
h264_oh_encoder
h264_omx_encoder
h264_qsv_encoder
h264_v4l2m2m_encoder
h264_vaapi_encoder
h264_videotoolbox_encoder
h264_vulkan_encoder
hevc_amf_encoder
hevc_d3d12va_encoder
hevc_mediacodec_encoder
hevc_mf_encoder
hevc_nvenc_encoder
hevc_oh_encoder
hevc_qsv_encoder
hevc_v4l2m2m_encoder
hevc_vaapi_encoder
hevc_videotoolbox_encoder
hevc_vulkan_encoder
libkvazaar_encoder
mjpeg_qsv_encoder
mjpeg_vaapi_encoder
mp3_mf_encoder
mpeg2_qsv_encoder
mpeg2_vaapi_encoder
mpeg4_mediacodec_encoder
mpeg4_omx_encoder
mpeg4_v4l2m2m_encoder
prores_videotoolbox_encoder
vp8_mediacodec_encoder
vp8_v4l2m2m_encoder
vp8_vaapi_encoder
vp9_mediacodec_encoder
vp9_vaapi_encoder
vp9_qsv_encoder
vnull_encoder
anull_encoder'
EUID=501
EXAMPLE_LIST='
    avio_http_serve_files_example
    avio_list_dir_example
    avio_read_callback_example
    decode_audio_example
    decode_filter_audio_example
    decode_filter_video_example
    decode_video_example
    demux_decode_example
    encode_audio_example
    encode_video_example
    extract_mvs_example
    filter_audio_example
    hw_decode_example
    mux_example
    qsv_decode_example
    remux_example
    resample_audio_example
    scale_video_example
    show_metadata_example
    transcode_aac_example
    transcode_example
    vaapi_encode_example
    vaapi_transcode_example
    qsv_transcode_example
'
EXTERNAL_AUTODETECT_LIBRARY_LIST='
    alsa
    appkit
    avfoundation
    bzlib
    coreimage
    iconv
    libxcb
    libxcb_shm
    libxcb_shape
    libxcb_xfixes
    lzma
    mediafoundation
    metal
    schannel
    sdl2
    securetransport
    sndio
    xlib
    zlib
'
EXTERNAL_LIBRARY_GPLV3_LIST='
    libsmbclient
'
EXTERNAL_LIBRARY_GPL_LIST='
    avisynth
    frei0r
    libcdio
    libdavs2
    libdvdnav
    libdvdread
    librubberband
    libvidstab
    libx264
    libx265
    libxavs
    libxavs2
    libxvid
'
EXTERNAL_LIBRARY_LIST='
    
    avisynth
    frei0r
    libcdio
    libdavs2
    libdvdnav
    libdvdread
    librubberband
    libvidstab
    libx264
    libx265
    libxavs
    libxavs2
    libxvid

    
    decklink
    libfdk_aac
    libmpeghdec

    
    gmp
    libaribb24
    liblensfun
    libopencore_amrnb
    libopencore_amrwb
    libvo_amrwbenc
    mbedtls
    rkmpp

    
    libsmbclient

    cairo
    chromaprint
    gcrypt
    gnutls
    jni
    ladspa
    lcms2
    libaom
    libaribcaption
    libass
    libbluray
    libbs2b
    libcaca
    libcelt
    libcodec2
    libdav1d
    libdc1394
    libflite
    libfontconfig
    libfreetype
    libfribidi
    libharfbuzz
    libglslang
    libgme
    libgsm
    libiec61883
    libilbc
    libjack
    libjxl
    libklvanc
    libkvazaar
    liblc3
    liblcevc_dec
    libmodplug
    libmp3lame
    libmysofa
    liboapv
    libopencv
    libopencolorio
    libopenh264
    libopenjpeg
    libopenmpt
    libopenvino
    libopus
    libplacebo
    libpulse
    libqrencode
    libquirc
    librabbitmq
    librav1e
    librist
    librsvg
    librtmp
    libshaderc
    libshine
    libsmbclient
    libsnappy
    libsoxr
    libspeex
    libsrt
    libssh
    libsvtav1
    libsvtjpegxs
    libtensorflow
    libtesseract
    libtheora
    libtls
    libtorch
    libtwolame
    libuavs3d
    libv4l2
    libvmaf
    libvorbis
    libvpx
    libvvenc
    libwebp
    libxevd
    libxevdb
    libxeve
    libxeveb
    libxml2
    libzimg
    libzmq
    libzvbi
    lv2
    mediacodec
    ohcodec
    openal
    opengl
    openssl
    pocketsphinx
    vapoursynth
    vulkan_static
    whisper
'
EXTERNAL_LIBRARY_NONFREE_LIST='
    decklink
    libfdk_aac
    libmpeghdec
'
EXTERNAL_LIBRARY_VERSION3_LIST='
    gmp
    libaribb24
    liblensfun
    libopencore_amrnb
    libopencore_amrwb
    libvo_amrwbenc
    mbedtls
    rkmpp
'
EXTRALIBS_LIST='
    cpu_init
    cws2fws
'
FEATURE_LIST='
    ftrapv
    gray
    hardcoded_tables
    omx_rpi
    runtime_cpudetect
    safe_bitstream_reader
    shared
    small
    static
    swscale_alpha
    unstable
'
FFMPEG_CONFIGURATION='--disable-all --disable-gpl --disable-iconv --enable-static --enable-pic --enable-avcodec --enable-avformat --enable-avutil --enable-vulkan --enable-videotoolbox --enable-decoder=h264 --enable-decoder=hevc --enable-hwaccel=h264_vulkan --enable-hwaccel=hevc_vulkan --enable-hwaccel=h264_videotoolbox --enable-hwaccel=hevc_videotoolbox --arch=x86_64 --extra-cflags='\''-fPIC -arch x86_64 -mmacosx-version-min=11.0 -Wno-error=asm-operand-widths -I/Users/runner/work/ffmpeg-build/ffmpeg-build/vulkan-headers/include'\'' --extra-ldflags='\''-arch x86_64 -mmacosx-version-min=11.0'\'''
FILTER_LIST='aap_filter
abench_filter
acompressor_filter
acontrast_filter
acopy_filter
acue_filter
acrossfade_filter
acrossover_filter
acrusher_filter
adeclick_filter
adeclip_filter
adecorrelate_filter
adelay_filter
adenorm_filter
aderivative_filter
adrc_filter
adynamicequalizer_filter
adynamicsmooth_filter
aecho_filter
aemphasis_filter
aeval_filter
aexciter_filter
afade_filter
afftdn_filter
afftfilt_filter
afir_filter
aformat_filter
afreqshift_filter
afwtdn_filter
agate_filter
aiir_filter
aintegral_filter
ainterleave_filter
alatency_filter
alimiter_filter
allpass_filter
aloop_filter
amerge_filter
ametadata_filter
amix_filter
amultiply_filter
anequalizer_filter
anlmdn_filter
anlmf_filter
anlms_filter
anull_filter
apad_filter
aperms_filter
aphaser_filter
aphaseshift_filter
apsnr_filter
apsyclip_filter
apulsator_filter
arealtime_filter
aresample_filter
areverse_filter
arls_filter
arnndn_filter
asdr_filter
asegment_filter
aselect_filter
asendcmd_filter
asetnsamples_filter
asetpts_filter
asetrate_filter
asettb_filter
ashowinfo_filter
asidedata_filter
asisdr_filter
asoftclip_filter
aspectralstats_filter
asplit_filter
asr_filter
astats_filter
astreamselect_filter
asubboost_filter
asubcut_filter
asupercut_filter
asuperpass_filter
asuperstop_filter
atempo_filter
atilt_filter
atrim_filter
axcorrelate_filter
azmq_filter
bandpass_filter
bandreject_filter
bass_filter
biquad_filter
bs2b_filter
channelmap_filter
channelsplit_filter
chorus_filter
compand_filter
compensationdelay_filter
crossfeed_filter
crystalizer_filter
dcshift_filter
deesser_filter
dialoguenhance_filter
drmeter_filter
dynaudnorm_filter
earwax_filter
ebur128_filter
equalizer_filter
extrastereo_filter
firequalizer_filter
flanger_filter
haas_filter
hdcd_filter
headphone_filter
highpass_filter
highshelf_filter
join_filter
ladspa_filter
loudnorm_filter
lowpass_filter
lowshelf_filter
lv2_filter
mcompand_filter
pan_filter
replaygain_filter
rubberband_filter
sidechaincompress_filter
sidechaingate_filter
silencedetect_filter
silenceremove_filter
sofalizer_filter
speechnorm_filter
stereotools_filter
stereowiden_filter
superequalizer_filter
surround_filter
tiltshelf_filter
treble_filter
tremolo_filter
vibrato_filter
virtualbass_filter
volume_filter
volumedetect_filter
whisper_filter
aevalsrc_filter
afdelaysrc_filter
afireqsrc_filter
afirsrc_filter
anoisesrc_filter
anullsrc_filter
flite_filter
hilbert_filter
sinc_filter
sine_filter
anullsink_filter
addroi_filter
alphaextract_filter
alphamerge_filter
amplify_filter
ass_filter
atadenoise_filter
avgblur_filter
avgblur_opencl_filter
avgblur_vulkan_filter
backgroundkey_filter
bbox_filter
bench_filter
bilateral_filter
bilateral_cuda_filter
bitplanenoise_filter
blackdetect_filter
blackdetect_vulkan_filter
blackframe_filter
blend_filter
blend_vulkan_filter
blockdetect_filter
blurdetect_filter
bm3d_filter
boxblur_filter
boxblur_opencl_filter
bwdif_filter
bwdif_cuda_filter
bwdif_vulkan_filter
cas_filter
ccrepack_filter
chromaber_vulkan_filter
chromahold_filter
chromakey_filter
chromakey_cuda_filter
chromanr_filter
chromashift_filter
ciescope_filter
codecview_filter
colorbalance_filter
colorchannelmixer_filter
colorcontrast_filter
colorcorrect_filter
colordetect_filter
colorize_filter
colorkey_filter
colorkey_opencl_filter
colorhold_filter
colorlevels_filter
colormap_filter
colormatrix_filter
colorspace_filter
colorspace_cuda_filter
colortemperature_filter
convolution_filter
convolution_opencl_filter
convolve_filter
copy_filter
coreimage_filter
corr_filter
cover_rect_filter
crop_filter
cropdetect_filter
cue_filter
curves_filter
datascope_filter
dblur_filter
dctdnoiz_filter
deband_filter
deblock_filter
decimate_filter
deconvolve_filter
dedot_filter
deflate_filter
deflicker_filter
deinterlace_qsv_filter
deinterlace_d3d12_filter
deinterlace_vaapi_filter
dejudder_filter
delogo_filter
denoise_vaapi_filter
derain_filter
deshake_filter
deshake_opencl_filter
despill_filter
detelecine_filter
dilation_filter
dilation_opencl_filter
displace_filter
dnn_classify_filter
dnn_detect_filter
dnn_processing_filter
doubleweave_filter
drawbox_filter
drawgraph_filter
drawgrid_filter
drawtext_filter
drawvg_filter
edgedetect_filter
elbg_filter
entropy_filter
epx_filter
eq_filter
erosion_filter
erosion_opencl_filter
estdif_filter
exposure_filter
extractplanes_filter
fade_filter
feedback_filter
fftdnoiz_filter
fftfilt_filter
field_filter
fieldhint_filter
fieldmatch_filter
fieldorder_filter
fillborders_filter
find_rect_filter
flip_vulkan_filter
floodfill_filter
format_filter
fps_filter
framepack_filter
framerate_filter
framestep_filter
freezedetect_filter
freezeframes_filter
frei0r_filter
fspp_filter
fsync_filter
gblur_filter
gblur_vulkan_filter
geq_filter
gradfun_filter
graphmonitor_filter
grayworld_filter
greyedge_filter
guided_filter
haldclut_filter
hflip_filter
hflip_vulkan_filter
histeq_filter
histogram_filter
hqdn3d_filter
hqx_filter
hstack_filter
hsvhold_filter
hsvkey_filter
hue_filter
huesaturation_filter
hwdownload_filter
hwmap_filter
hwupload_filter
hwupload_cuda_filter
hysteresis_filter
iccdetect_filter
iccgen_filter
identity_filter
idet_filter
il_filter
inflate_filter
interlace_filter
interlace_vulkan_filter
interleave_filter
kerndeint_filter
kirsch_filter
lagfun_filter
latency_filter
lcevc_filter
lenscorrection_filter
lensfun_filter
libplacebo_filter
libvmaf_filter
libvmaf_cuda_filter
limitdiff_filter
limiter_filter
loop_filter
lumakey_filter
lut_filter
lut1d_filter
lut2_filter
lut3d_filter
lutrgb_filter
lutyuv_filter
maskedclamp_filter
maskedmax_filter
maskedmerge_filter
maskedmin_filter
maskedthreshold_filter
maskfun_filter
mcdeint_filter
median_filter
mergeplanes_filter
mestimate_filter
mestimate_d3d12_filter
metadata_filter
midequalizer_filter
minterpolate_filter
mix_filter
monochrome_filter
morpho_filter
mpdecimate_filter
msad_filter
multiply_filter
negate_filter
nlmeans_filter
nlmeans_opencl_filter
nlmeans_vulkan_filter
nnedi_filter
noformat_filter
noise_filter
normalize_filter
null_filter
ocr_filter
ocv_filter
oscilloscope_filter
ocio_filter
overlay_filter
overlay_opencl_filter
overlay_qsv_filter
overlay_vaapi_filter
overlay_vulkan_filter
overlay_cuda_filter
owdenoise_filter
pad_filter
pad_cuda_filter
pad_opencl_filter
palettegen_filter
paletteuse_filter
perms_filter
perspective_filter
phase_filter
photosensitivity_filter
pixdesctest_filter
pixelize_filter
pixscope_filter
pp7_filter
premultiply_filter
premultiply_dynamic_filter
prewitt_filter
prewitt_opencl_filter
procamp_vaapi_filter
program_opencl_filter
pseudocolor_filter
psnr_filter
pullup_filter
qp_filter
qrencode_filter
quirc_filter
random_filter
readeia608_filter
readvitc_filter
realtime_filter
remap_filter
remap_opencl_filter
removegrain_filter
removelogo_filter
repeatfields_filter
reverse_filter
rgbashift_filter
roberts_filter
roberts_opencl_filter
rotate_filter
sab_filter
scale_filter
vpp_amf_filter
sr_amf_filter
scale_cuda_filter
scale_d3d11_filter
scale_d3d12_filter
scale_npp_filter
scale_qsv_filter
scale_vaapi_filter
scale_vt_filter
scale_vulkan_filter
scale2ref_filter
scale2ref_npp_filter
scdet_filter
scdet_vulkan_filter
scharr_filter
scroll_filter
segment_filter
select_filter
selectivecolor_filter
sendcmd_filter
separatefields_filter
setdar_filter
setfield_filter
setparams_filter
setpts_filter
setrange_filter
setsar_filter
settb_filter
sharpen_npp_filter
sharpness_vaapi_filter
shear_filter
showinfo_filter
showpalette_filter
shuffleframes_filter
shufflepixels_filter
shuffleplanes_filter
sidedata_filter
signalstats_filter
signature_filter
siti_filter
smartblur_filter
sobel_filter
sobel_opencl_filter
split_filter
spp_filter
sr_filter
ssim_filter
ssim360_filter
stereo3d_filter
streamselect_filter
subtitles_filter
super2xsai_filter
swaprect_filter
swapuv_filter
tblend_filter
telecine_filter
thistogram_filter
threshold_filter
thumbnail_filter
thumbnail_cuda_filter
tile_filter
tiltandshift_filter
tinterlace_filter
tlut2_filter
tmedian_filter
tmidequalizer_filter
tmix_filter
tonemap_filter
tonemap_opencl_filter
tonemap_vaapi_filter
tpad_filter
transpose_filter
transpose_npp_filter
transpose_opencl_filter
transpose_vaapi_filter
transpose_vt_filter
transpose_vulkan_filter
trim_filter
unpremultiply_filter
unsharp_filter
unsharp_opencl_filter
untile_filter
uspp_filter
v360_filter
vaguedenoiser_filter
varblur_filter
vectorscope_filter
vflip_filter
vflip_vulkan_filter
vfrdet_filter
vibrance_filter
vidstabdetect_filter
vidstabtransform_filter
vif_filter
vignette_filter
vmafmotion_filter
vpp_qsv_filter
vstack_filter
w3fdif_filter
waveform_filter
weave_filter
xbr_filter
xcorrelate_filter
xfade_filter
xfade_opencl_filter
xfade_vulkan_filter
xmedian_filter
xpsnr_filter
xstack_filter
yadif_filter
yadif_cuda_filter
yadif_videotoolbox_filter
yaepblur_filter
zmq_filter
zoompan_filter
zscale_filter
hstack_vaapi_filter
vstack_vaapi_filter
xstack_vaapi_filter
hstack_qsv_filter
vstack_qsv_filter
xstack_qsv_filter
pad_vaapi_filter
drawbox_vaapi_filter
allrgb_filter
allyuv_filter
amf_capture_filter
cellauto_filter
color_filter
color_vulkan_filter
colorchart_filter
colorspectrum_filter
coreimagesrc_filter
ddagrab_filter
frei0r_src_filter
gfxcapture_filter
gradients_filter
haldclutsrc_filter
life_filter
mandelbrot_filter
mptestsrc_filter
nullsrc_filter
openclsrc_filter
qrencodesrc_filter
pal75bars_filter
pal100bars_filter
perlin_filter
rgbtestsrc_filter
sierpinski_filter
smptebars_filter
smptehdbars_filter
testsrc_filter
testsrc2_filter
yuvtestsrc_filter
zoneplate_filter
nullsink_filter
a3dscope_filter
abitscope_filter
adrawgraph_filter
agraphmonitor_filter
ahistogram_filter
aphasemeter_filter
avectorscope_filter
concat_filter
showcqt_filter
showcwt_filter
showfreqs_filter
showspatial_filter
showspectrum_filter
showspectrumpic_filter
showvolume_filter
showwaves_filter
showwavespic_filter
spectrumsynth_filter
avsynctest_filter
amovie_filter
movie_filter'
FULLNAME='$(NAME)$(BUILDSUF)'
GECKOWEBDRIVER=/usr/local/opt/geckodriver/bin
GITHUB_ACTION=__run_5
GITHUB_ACTIONS=true
GITHUB_ACTION_REF=
GITHUB_ACTION_REPOSITORY=
GITHUB_ACTOR=streamingdv
GITHUB_ACTOR_ID=123362466
GITHUB_API_URL=https://api.github.com
GITHUB_ARTIFACTS=/Users/runner/work/_temp/_runner_file_commands/artifacts_0d0ec5a6-1193-4e88-9276-916c72426e4b
GITHUB_ARTIFACTS_LIST=/Users/runner/work/_temp/_runner_file_commands/artifacts_list_0d0ec5a6-1193-4e88-9276-916c72426e4b
GITHUB_BASE_REF=
GITHUB_ENV=/Users/runner/work/_temp/_runner_file_commands/set_env_0d0ec5a6-1193-4e88-9276-916c72426e4b
GITHUB_EVENT_NAME=workflow_dispatch
GITHUB_EVENT_PATH=/Users/runner/work/_temp/_github_workflow/event.json
GITHUB_GRAPHQL_URL=https://api.github.com/graphql
GITHUB_HEAD_REF=
GITHUB_JOB=build-binaries-macos
GITHUB_OUTPUT=/Users/runner/work/_temp/_runner_file_commands/set_output_0d0ec5a6-1193-4e88-9276-916c72426e4b
GITHUB_PATH=/Users/runner/work/_temp/_runner_file_commands/add_path_0d0ec5a6-1193-4e88-9276-916c72426e4b
GITHUB_REF=refs/heads/main
GITHUB_REF_NAME=main
GITHUB_REF_PROTECTED=false
GITHUB_REF_TYPE=branch
GITHUB_REPOSITORY=streamingdv/ffmpeg-build
GITHUB_REPOSITORY_ID=734512278
GITHUB_REPOSITORY_OWNER=streamingdv
GITHUB_REPOSITORY_OWNER_ID=123362466
GITHUB_RETENTION_DAYS=90
GITHUB_RUN_ATTEMPT=1
GITHUB_RUN_ID=31020779647
GITHUB_RUN_NUMBER=26
GITHUB_SERVER_URL=https://github.com
GITHUB_SHA=22ce29e91eeababdfbda36daddb25ff9eb6d2cd2
GITHUB_STATE=/Users/runner/work/_temp/_runner_file_commands/save_state_0d0ec5a6-1193-4e88-9276-916c72426e4b
GITHUB_STEP_SUMMARY=/Users/runner/work/_temp/_runner_file_commands/step_summary_0d0ec5a6-1193-4e88-9276-916c72426e4b
GITHUB_TRIGGERING_ACTOR=streamingdv
GITHUB_WORKFLOW='CI macOS'
GITHUB_WORKFLOW_REF=streamingdv/ffmpeg-build/.github/workflows/ci_macos.yml@refs/heads/main
GITHUB_WORKFLOW_SHA=22ce29e91eeababdfbda36daddb25ff9eb6d2cd2
GITHUB_WORKSPACE=/Users/runner/work/ffmpeg-build/ffmpeg-build
GLSLC_O='-o $@'
GOROOT_1_24_X64=/Users/runner/hostedtoolcache/go/1.24.13/x64
GOROOT_1_25_X64=/Users/runner/hostedtoolcache/go/1.25.11/x64
GOROOT_1_26_X64=/Users/runner/hostedtoolcache/go/1.26.4/x64
GROUPS=()
HAVE_LIST='
    
    
    armv5te
    armv6
    armv6t2
    armv8
    arm_crc
    dotprod
    i8mm
    neon
    vfp
    vfpv3
    setend
    sve
    sve2
    sme
    sme_i16i64
    sme2

    
    altivec
    dcbzl
    ldbrx
    power8
    ppc4xx
    vec_xl
    vsx

    
    rv
    rvv
    rv_zicbop
    rv_zvbb

    
    simd128

    
    
    aesni
    clmul
    amd3dnow
    amd3dnowext
    avx
    avx2
    avx512
    avx512icl
    fma3
    fma4
    mmx
    mmxext
    sse
    sse2
    sse3
    sse4
    sse42
    ssse3
    xop

    i686

    
    mipsfpu
    mips32r2
    mips32r5
    mips64r2
    mips32r6
    mips64r6
    mipsdsp
    mipsdspr2
    msa

    
    loongson2
    loongson3
    mmi
    lsx
    lasx


    armv5te_external
armv6_external
armv6t2_external
armv8_external
arm_crc_external
dotprod_external
i8mm_external
neon_external
vfp_external
vfpv3_external
setend_external
sve_external
sve2_external
sme_external
sme_i16i64_external
sme2_external
altivec_external
dcbzl_external
ldbrx_external
power8_external
ppc4xx_external
vec_xl_external
vsx_external
rv_external
rvv_external
rv_zicbop_external
rv_zvbb_external
simd128_external
aesni_external
clmul_external
amd3dnow_external
amd3dnowext_external
avx_external
avx2_external
avx512_external
avx512icl_external
fma3_external
fma4_external
mmx_external
mmxext_external
sse_external
sse2_external
sse3_external
sse4_external
sse42_external
ssse3_external
xop_external
i686_external
mipsfpu_external
mips32r2_external
mips32r5_external
mips64r2_external
mips32r6_external
mips64r6_external
mipsdsp_external
mipsdspr2_external
msa_external
loongson2_external
loongson3_external
mmi_external
lsx_external
lasx_external
    armv5te_inline
armv6_inline
armv6t2_inline
armv8_inline
arm_crc_inline
dotprod_inline
i8mm_inline
neon_inline
vfp_inline
vfpv3_inline
setend_inline
sve_inline
sve2_inline
sme_inline
sme_i16i64_inline
sme2_inline
altivec_inline
dcbzl_inline
ldbrx_inline
power8_inline
ppc4xx_inline
vec_xl_inline
vsx_inline
rv_inline
rvv_inline
rv_zicbop_inline
rv_zvbb_inline
simd128_inline
aesni_inline
clmul_inline
amd3dnow_inline
amd3dnowext_inline
avx_inline
avx2_inline
avx512_inline
avx512icl_inline
fma3_inline
fma4_inline
mmx_inline
mmxext_inline
sse_inline
sse2_inline
sse3_inline
sse4_inline
sse42_inline
ssse3_inline
xop_inline
i686_inline
mipsfpu_inline
mips32r2_inline
mips32r5_inline
mips64r2_inline
mips32r6_inline
mips64r6_inline
mipsdsp_inline
mipsdspr2_inline
msa_inline
loongson2_inline
loongson3_inline
mmi_inline
lsx_inline
lasx_inline
    
    aligned_stack
    fast_64bit
    fast_clz
    fast_cmov
    fast_float16
    simd_align_16
    simd_align_32
    simd_align_64

    
    MemoryBarrier
    mm_empty
    rdtsc
    sem_timedwait

    
    inline_asm
    symver
    x86asm

    
    bigendian
    fast_unaligned

    
    arpa_inet_h
    asm_hwprobe_h
    asm_types_h
    cdio_paranoia_h
    cdio_paranoia_paranoia_h
    cuda_h
    dispatch_dispatch_h
    direct_h
    dirent_h
    dxgidebug_h
    dxva_h
    ES2_gl_h
    gsm_h
    io_h
    linux_dma_buf_h
    linux_perf_event_h
    malloc_h
    poll_h
    pthread_np_h
    sys_hwprobe_h
    sys_param_h
    sys_resource_h
    sys_select_h
    sys_soundcard_h
    sys_time_h
    sys_un_h
    sys_videoio_h
    termios_h
    udplite_h
    unistd_h
    valgrind_valgrind_h
    windows_h
    winsock2_h

    
    intrinsics_neon
    intrinsics_sse2

    
    atanf
    atan2f
    cbrt
    cbrtf
    copysign
    cosf
    erf
    exp2
    exp2f
    expf
    hypot
    isfinite
    isinf
    isnan
    ldexpf
    llrint
    llrintf
    log2
    log2f
    log10f
    lrint
    lrintf
    powf
    rint
    round
    roundf
    sinf
    trunc
    truncf

    
    dos_paths
    libc_msvcrt
    MMAL_PARAMETER_VIDEO_MAX_NUM_CALLBACKS
    section_data_rel_ro
    threads
    uwp
    winrt

    
    access
    aligned_malloc
    arc4random_buf
    clock_gettime
    closesocket
    CommandLineToArgvW
    elf_aux_info
    fcntl
    getaddrinfo
    getauxval
    getenv
    gethrtime
    getopt
    GetModuleHandle
    GetProcessAffinityMask
    GetProcessMemoryInfo
    GetProcessTimes
    getrusage
    GetStdHandle
    GetSystemTimeAsFileTime
    gettimeofday
    glob
    glXGetProcAddress
    gmtime_r
    inet_aton
    isatty
    kbhit
    localtime_r
    lstat
    lzo1x_999_compress
    mach_absolute_time
    MapViewOfFile
    memalign
    mkstemp
    mmap
    mprotect
    nanosleep
    PeekNamedPipe
    posix_memalign
    prctl
    pthread_cancel
    pthread_set_name_np
    pthread_setname_np
    sched_getaffinity
    SecItemImport
    SetConsoleTextAttribute
    SetConsoleCtrlHandler
    SetDllDirectory
    setmode
    setrlimit
    Sleep
    strerror_r
    sysconf
    sysctl
    sysctlbyname
    tempnam
    usleep
    UTGetOSTypeFromString
    VirtualAlloc
    wglGetProcAddress

    
    bcrypt
    vaapi_drm
    vaapi_x11
    vaapi_win32
    vdpau_x11

    
    pthreads
    os2threads
    w32threads

    
    as_arch_directive
    as_archext_crc_directive
    as_archext_dotprod_directive
    as_archext_i8mm_directive
    as_archext_sve_directive
    as_archext_sve2_directive
    as_archext_sme_directive
    as_archext_sme_i16i64_directive
    as_archext_sme2_directive
    as_dn_directive
    as_fpu_directive
    as_func
    as_object_arch
    asm_mod_q
    blocks_extension
    ebp_available
    ebx_available
    gnu_as
    gnu_windres
    ibm_asm
    inline_asm_direct_symbol_refs
    inline_asm_labels
    inline_asm_nonlocal_labels
    pragma_deprecated
    rsync_contimeout
    symver_asm_label
    symver_gnu_asm
    vfp_args
    xform_asm
    xmm_clobbers

    
    DPI_AWARENESS_CONTEXT
    IDXGIOutput5
    __x_ABI_CWindows_CGraphics_CCapture_CIGraphicsCaptureSession5
    IDirect3DDxgiInterfaceAccess
    kCMVideoCodecType_HEVC
    kCMVideoCodecType_HEVCWithAlpha
    kCMVideoCodecType_VP9
    kCMVideoCodecType_AV1
    kCVPixelFormatType_420YpCbCr10BiPlanarVideoRange
    kCVPixelFormatType_422YpCbCr8BiPlanarVideoRange
    kCVPixelFormatType_422YpCbCr10BiPlanarVideoRange
    kCVPixelFormatType_422YpCbCr16BiPlanarVideoRange
    kCVPixelFormatType_444YpCbCr8BiPlanarVideoRange
    kCVPixelFormatType_444YpCbCr10BiPlanarVideoRange
    kCVPixelFormatType_444YpCbCr16BiPlanarVideoRange
    kCVPixelFormatType_422YpCbCr8_yuvs
    kCVImageBufferTransferFunction_SMPTE_ST_2084_PQ
    kCVImageBufferTransferFunction_ITU_R_2100_HLG
    kCVImageBufferTransferFunction_Linear
    kCVImageBufferYCbCrMatrix_ITU_R_2020
    kCVImageBufferColorPrimaries_ITU_R_2020
    kCVImageBufferTransferFunction_ITU_R_2020
    kCVImageBufferTransferFunction_SMPTE_ST_428_1
    kVTQPModulationLevel_Default
    SecPkgContext_KeyingMaterialInfo
    socklen_t
    struct_addrinfo
    struct_group_source_req
    struct_ip_mreq_source
    struct_ipv6_mreq
    struct_msghdr_msg_flags
    struct_pollfd
    struct_rusage_ru_maxrss
    struct_sctp_event_subscribe
    struct_sockaddr_in6
    struct_sockaddr_sa_len
    struct_sockaddr_storage
    struct_stat_st_mtim_tv_nsec
    struct_v4l2_frmivalenum_discrete
    struct_mfxConfigInterface

    gzip
    ioctl_posix
    libdrm_getfb2
    makeinfo
    makeinfo_html
    opencl_d3d11
    opencl_drm_arm
    opencl_drm_beignet
    opencl_dxva2
    opencl_vaapi_beignet
    opencl_vaapi_intel_media
    opencl_videotoolbox
    perl
    pod2man
    texi2html
    xmllint
    zlib_gzip
    openvino2
'
HAVE_LIST_CMDLINE='
    inline_asm
    symver
    x86asm
'
HAVE_LIST_PUB='
    bigendian
    fast_unaligned
'
HEADERS_LIST='
    arpa_inet_h
    asm_hwprobe_h
    asm_types_h
    cdio_paranoia_h
    cdio_paranoia_paranoia_h
    cuda_h
    dispatch_dispatch_h
    direct_h
    dirent_h
    dxgidebug_h
    dxva_h
    ES2_gl_h
    gsm_h
    io_h
    linux_dma_buf_h
    linux_perf_event_h
    malloc_h
    poll_h
    pthread_np_h
    sys_hwprobe_h
    sys_param_h
    sys_resource_h
    sys_select_h
    sys_soundcard_h
    sys_time_h
    sys_un_h
    sys_videoio_h
    termios_h
    udplite_h
    unistd_h
    valgrind_valgrind_h
    windows_h
    winsock2_h
'
HOME=/Users/runner
HOMEBREW_CASK_OPTS=--no-quarantine
HOMEBREW_NO_AUTO_UPDATE=1
HOMEBREW_NO_INSTALL_CLEANUP=1
HOSTCC_C=-c
HOSTCC_E='-E -o $@'
HOSTCC_O='-o $@'
HOSTLD_O='-o $@'
HOSTNAME=sjc20-av652-7468ea1e-94f2-45e9-9254-254e4ac77b11-A6F1196A20E5.local
HOSTTYPE=x86_64
HWACCEL_AUTODETECT_LIBRARY_LIST='
    amf
    audiotoolbox
    cuda
    cuda_llvm
    cuvid
    d3d11va
    d3d12va
    dxva2
    ffnvcodec
    libdrm
    nvdec
    nvenc
    vaapi
    vdpau
    videotoolbox
    vulkan
    v4l2_m2m
'
HWACCEL_LIBRARY_LIST='
    
    cuda_nvcc
    cuda_sdk
    libnpp

    libmfx
    libvpl
    mmal
    omx
    opencl
'
HWACCEL_LIBRARY_NONFREE_LIST='
    cuda_nvcc
    cuda_sdk
    libnpp
'
HWACCEL_LIST='av1_d3d11va_hwaccel
av1_d3d11va2_hwaccel
av1_d3d12va_hwaccel
av1_dxva2_hwaccel
av1_nvdec_hwaccel
av1_vaapi_hwaccel
av1_vdpau_hwaccel
av1_videotoolbox_hwaccel
av1_vulkan_hwaccel
dpx_vulkan_hwaccel
ffv1_vulkan_hwaccel
h263_vaapi_hwaccel
h263_videotoolbox_hwaccel
h264_d3d11va_hwaccel
h264_d3d11va2_hwaccel
h264_d3d12va_hwaccel
h264_dxva2_hwaccel
h264_nvdec_hwaccel
h264_vaapi_hwaccel
h264_vdpau_hwaccel
h264_videotoolbox_hwaccel
h264_vulkan_hwaccel
hevc_d3d11va_hwaccel
hevc_d3d11va2_hwaccel
hevc_d3d12va_hwaccel
hevc_dxva2_hwaccel
hevc_nvdec_hwaccel
hevc_vaapi_hwaccel
hevc_vdpau_hwaccel
hevc_videotoolbox_hwaccel
hevc_vulkan_hwaccel
mjpeg_nvdec_hwaccel
mjpeg_vaapi_hwaccel
mpeg1_nvdec_hwaccel
mpeg1_vdpau_hwaccel
mpeg1_videotoolbox_hwaccel
mpeg2_d3d11va_hwaccel
mpeg2_d3d11va2_hwaccel
mpeg2_d3d12va_hwaccel
mpeg2_dxva2_hwaccel
mpeg2_nvdec_hwaccel
mpeg2_vaapi_hwaccel
mpeg2_vdpau_hwaccel
mpeg2_videotoolbox_hwaccel
mpeg4_nvdec_hwaccel
mpeg4_vaapi_hwaccel
mpeg4_vdpau_hwaccel
mpeg4_videotoolbox_hwaccel
prores_videotoolbox_hwaccel
prores_vulkan_hwaccel
prores_raw_vulkan_hwaccel
vc1_d3d11va_hwaccel
vc1_d3d11va2_hwaccel
vc1_d3d12va_hwaccel
vc1_dxva2_hwaccel
vc1_nvdec_hwaccel
vc1_vaapi_hwaccel
vc1_vdpau_hwaccel
vp8_nvdec_hwaccel
vp8_vaapi_hwaccel
vp9_d3d11va_hwaccel
vp9_d3d11va2_hwaccel
vp9_d3d12va_hwaccel
vp9_dxva2_hwaccel
vp9_nvdec_hwaccel
vp9_vaapi_hwaccel
vp9_vdpau_hwaccel
vp9_videotoolbox_hwaccel
vp9_vulkan_hwaccel
vvc_vaapi_hwaccel
wmv3_d3d11va_hwaccel
wmv3_d3d11va2_hwaccel
wmv3_d3d12va_hwaccel
wmv3_dxva2_hwaccel
wmv3_nvdec_hwaccel
wmv3_vaapi_hwaccel
wmv3_vdpau_hwaccel'
IFS=' 	
'
INDEV_LIST='alsa_indev
android_camera_indev
avfoundation_indev
decklink_indev
dshow_indev
fbdev_indev
gdigrab_indev
iec61883_indev
jack_indev
kmsgrab_indev
lavfi_indev
openal_indev
oss_indev
pulse_indev
sndio_indev
v4l2_indev
vfwcap_indev
xcbgrab_indev
libcdio_indev
libdc1394_indev'
INTRINSICS_LIST='
    intrinsics_neon
    intrinsics_sse2
'
ImageOS=macos14
ImageVersion=20260629.0276.1
JAVA_HOME=/Users/runner/hostedtoolcache/Java_Temurin-Hotspot_jdk/21.0.11-10.0/x64/Contents/Home/
JAVA_HOME_11_X64=/Users/runner/hostedtoolcache/Java_Temurin-Hotspot_jdk/11.0.31-11/x64/Contents/Home/
JAVA_HOME_17_X64=/Users/runner/hostedtoolcache/Java_Temurin-Hotspot_jdk/17.0.19-10/x64/Contents/Home/
JAVA_HOME_21_X64=/Users/runner/hostedtoolcache/Java_Temurin-Hotspot_jdk/21.0.11-10.0/x64/Contents/Home/
JAVA_HOME_25_X64=/Users/runner/hostedtoolcache/Java_Temurin-Hotspot_jdk/25.0.3-9.0/x64/Contents/Home/
JAVA_HOME_8_X64=/Users/runner/hostedtoolcache/Java_Temurin-Hotspot_jdk/8.0.492-9/x64/Contents/Home/
LANG=en_US.UTF-8
LC_ALL=C
LC_CTYPE=en_US.UTF-8
LDFLAGS=' -arch x86_64 -mmacosx-version-min=11.0'
LD_LIB=-l%
LD_O='-o $@'
LD_PATH=-L
LIBNAME='$(LIBPREF)$(FULLNAME)$(LIBSUF)'
LIBPREF=lib
LIBRARY_LIST='
    avdevice
    avfilter
    swscale
    avformat
    avcodec
    swresample
    avutil
'
LIBSUF=.a
LIB_INSTALL_EXTRA_CMD='$$(RANLIB) "$(LIBDIR)/$(LIBNAME)"'
LICENSE_LIST='
    gpl
    nonfree
    version3
'
LOGNAME=runner
MACHTYPE=x86_64-apple-darwin23
MACOSX_DEPLOYMENT_TARGET=11.0
MATH_FUNCS='
    atanf
    atan2f
    cbrt
    cbrtf
    copysign
    cosf
    erf
    exp2
    exp2f
    expf
    hypot
    isfinite
    isinf
    isnan
    ldexpf
    llrint
    llrintf
    log2
    log2f
    log10f
    lrint
    lrintf
    powf
    rint
    round
    roundf
    sinf
    trunc
    truncf
'
MUXER_LIST='a64_muxer
ac3_muxer
ac4_muxer
adts_muxer
adx_muxer
aea_muxer
aiff_muxer
alp_muxer
amr_muxer
amv_muxer
apm_muxer
apng_muxer
aptx_muxer
aptx_hd_muxer
apv_muxer
argo_asf_muxer
argo_cvg_muxer
asf_muxer
ass_muxer
ast_muxer
asf_stream_muxer
au_muxer
avi_muxer
avif_muxer
avm2_muxer
avs2_muxer
avs3_muxer
bit_muxer
caf_muxer
cavsvideo_muxer
codec2_muxer
codec2raw_muxer
crc_muxer
dash_muxer
data_muxer
daud_muxer
dfpwm_muxer
dirac_muxer
dnxhd_muxer
dts_muxer
dv_muxer
eac3_muxer
evc_muxer
f4v_muxer
ffmetadata_muxer
fifo_muxer
filmstrip_muxer
fits_muxer
flac_muxer
flv_muxer
framecrc_muxer
framehash_muxer
framemd5_muxer
g722_muxer
g723_1_muxer
g726_muxer
g726le_muxer
gif_muxer
gsm_muxer
gxf_muxer
h261_muxer
h263_muxer
h264_muxer
hash_muxer
hds_muxer
hevc_muxer
hls_muxer
iamf_muxer
ico_muxer
ilbc_muxer
image2_muxer
image2pipe_muxer
ipod_muxer
ircam_muxer
ismv_muxer
ivf_muxer
jacosub_muxer
kvag_muxer
latm_muxer
lc3_muxer
lrc_muxer
m4v_muxer
mcc_muxer
md5_muxer
matroska_muxer
matroska_audio_muxer
microdvd_muxer
mjpeg_muxer
mlp_muxer
mmf_muxer
mov_muxer
mp2_muxer
mp3_muxer
mp4_muxer
mpeg1system_muxer
mpeg1vcd_muxer
mpeg1video_muxer
mpeg2dvd_muxer
mpeg2svcd_muxer
mpeg2video_muxer
mpeg2vob_muxer
mpegts_muxer
mpjpeg_muxer
mxf_muxer
mxf_d10_muxer
mxf_opatom_muxer
null_muxer
nut_muxer
obu_muxer
oga_muxer
ogg_muxer
ogv_muxer
oma_muxer
opus_muxer
pcm_alaw_muxer
pcm_mulaw_muxer
pcm_vidc_muxer
pcm_f64be_muxer
pcm_f64le_muxer
pcm_f32be_muxer
pcm_f32le_muxer
pcm_s32be_muxer
pcm_s32le_muxer
pcm_s24be_muxer
pcm_s24le_muxer
pcm_s16be_muxer
pcm_s16le_muxer
pcm_s8_muxer
pcm_u32be_muxer
pcm_u32le_muxer
pcm_u24be_muxer
pcm_u24le_muxer
pcm_u16be_muxer
pcm_u16le_muxer
pcm_u8_muxer
psp_muxer
rawvideo_muxer
rcwt_muxer
rm_muxer
roq_muxer
rso_muxer
rtp_muxer
rtp_mpegts_muxer
rtsp_muxer
sap_muxer
sbc_muxer
scc_muxer
segafilm_muxer
segment_muxer
stream_segment_muxer
smjpeg_muxer
smoothstreaming_muxer
sox_muxer
spx_muxer
spdif_muxer
srt_muxer
streamhash_muxer
sup_muxer
swf_muxer
tee_muxer
tg2_muxer
tgp_muxer
mkvtimestamp_v2_muxer
truehd_muxer
tta_muxer
ttml_muxer
uncodedframecrc_muxer
vc1_muxer
vc1t_muxer
voc_muxer
vvc_muxer
w64_muxer
wav_muxer
webm_muxer
webm_dash_manifest_muxer
webm_chunk_muxer
webp_muxer
webvtt_muxer
whip_muxer
wsaud_muxer
wtv_muxer
wv_muxer
yuv4mpegpipe_muxer
chromaprint_muxer'
NUNIT3_PATH=/Library/Developer/nunit/3.6.0
NUNIT_BASE_PATH=/Library/Developer/nunit
NVCC_C=-c
NVCC_O='-o $@'
OBJCC_C=-c
OBJCC_E='-E -o $@'
OBJCC_O='-o $@'
OPTERR=1
OPTIND=1
OSTYPE=darwin23
OUTDEV_LIST='alsa_outdev
audiotoolbox_outdev
caca_outdev
decklink_outdev
fbdev_outdev
oss_outdev
pulse_outdev
sndio_outdev
v4l2_outdev
xv_outdev'
PARALLELS_DMG_URL=https://download.parallels.com/desktop/v26/26.4.0-57513/ParallelsDesktop-26.4.0-57513.dmg
PARSER_LIST='aac_parser
aac_latm_parser
ac3_parser
adx_parser
ahx_parser
amr_parser
apv_parser
av1_parser
avs2_parser
avs3_parser
bmp_parser
cavsvideo_parser
cook_parser
cri_parser
dca_parser
dirac_parser
dnxhd_parser
dnxuc_parser
dolby_e_parser
dpx_parser
dvaudio_parser
dvbsub_parser
dvdsub_parser
dvd_nav_parser
evc_parser
flac_parser
ftr_parser
ffv1_parser
g723_1_parser
g729_parser
gif_parser
gsm_parser
h261_parser
h263_parser
h264_parser
hevc_parser
hdr_parser
ipu_parser
jpeg2000_parser
jpegxl_parser
jpegxs_parser
lcevc_parser
misc4_parser
mjpeg_parser
mlp_parser
mpeg4video_parser
mpegaudio_parser
mpegvideo_parser
opus_parser
prores_parser
png_parser
pnm_parser
prores_raw_parser
qoi_parser
rv34_parser
sbc_parser
sipr_parser
tak_parser
vc1_parser
vorbis_parser
vp3_parser
vp8_parser
vp9_parser
vvc_parser
webp_parser
xbm_parser
xma_parser
xwd_parser'
PATH=/usr/local/lib/ruby/gems/3.3.0/bin:/usr/local/opt/ruby@3.3/bin:/usr/local/opt/pipx_bin:/Users/runner/.cargo/bin:/usr/local/opt/curl/bin:/usr/local/bin:/usr/local/sbin:/Users/runner/bin:/Users/runner/.yarn/bin:/Users/runner/Library/Android/sdk/tools:/Users/runner/Library/Android/sdk/platform-tools:/Library/Frameworks/Python.framework/Versions/Current/bin:/Library/Frameworks/Mono.framework/Versions/Current/Commands:/usr/bin:/bin:/usr/sbin:/sbin:/Users/runner/.dotnet/tools
PATHS_LIST='
    bindir
    datadir
    docdir
    incdir
    libdir
    mandir
    pkgconfigdir
    prefix
    shlibdir
    install_name_dir
'
PIPESTATUS=([0]="0")
PIPX_BIN_DIR=/usr/local/opt/pipx_bin
PIPX_HOME=/usr/local/opt/pipx
POSIXLY_CORRECT=y
PPID=5891
PROGRAM_LIST='
    ffplay
    ffprobe
    ffmpeg
'
PROTOCOL_LIST='android_content_protocol
async_protocol
bluray_protocol
cache_protocol
concat_protocol
concatf_protocol
crypto_protocol
data_protocol
fd_protocol
ffrtmpcrypt_protocol
ffrtmphttp_protocol
file_protocol
ftp_protocol
gopher_protocol
gophers_protocol
http_protocol
httpproxy_protocol
https_protocol
icecast_protocol
mmsh_protocol
mmst_protocol
md5_protocol
pipe_protocol
prompeg_protocol
rtmp_protocol
rtmpe_protocol
rtmps_protocol
rtmpt_protocol
rtmpte_protocol
rtmpts_protocol
rtp_protocol
sctp_protocol
srtp_protocol
subfile_protocol
tee_protocol
tcp_protocol
tls_protocol
dtls_protocol
udp_protocol
udplite_protocol
unix_protocol
libamqp_protocol
librist_protocol
librtmp_protocol
librtmpe_protocol
librtmps_protocol
librtmpt_protocol
librtmpte_protocol
libsrt_protocol
libssh_protocol
libsmbclient_protocol
libzmq_protocol
ipfs_gateway_protocol
ipns_gateway_protocol'
PS4='+ '
PWD=/Users/runner/work/ffmpeg-build/ffmpeg-build/ffmpeg
RCT_NO_LAUNCH_PACKAGER=1
RUNNER_ARCH=X64
RUNNER_ENVIRONMENT=github-hosted
RUNNER_NAME='GitHub Actions 1000002171'
RUNNER_OS=macOS
RUNNER_TEMP=/Users/runner/work/_temp
RUNNER_TOOL_CACHE=/Users/runner/hostedtoolcache
RUNNER_TRACKING_ID=github_f75b3dfb-0b04-4724-a72b-ef1e927daacc
RUNNER_WORKSPACE=/Users/runner/work/ffmpeg-build
SHELL=/bin/bash
SHELLOPTS=braceexpand:hashall:interactive-comments:posix
SHFLAGS='-shared -Wl,-soname,$$(@F)'
SHLVL=3
SLIBNAME='$(SLIBPREF)$(FULLNAME)$(SLIBSUF)'
SLIBNAME_WITH_MAJOR='$(SLIBNAME).$(LIBMAJOR)'
SLIBNAME_WITH_VERSION='$(SLIBNAME).$(LIBVERSION)'
SLIBPREF=lib
SLIBSUF=.so
SLIB_INSTALL_LINKS='$(SLIBNAME_WITH_MAJOR) $(SLIBNAME)'
SLIB_INSTALL_NAME='$(SLIBNAME_WITH_VERSION)'
SSH_AUTH_SOCK=/private/tmp/com.apple.launchd.9dGfYHonTC/Listeners
SUBSYSTEM_LIST='
    dwt
    error_resilience
    faan
    fast_unaligned
    iamf
    lsp
    pixelutils
    network
'
SYSTEM_FEATURES='
    dos_paths
    libc_msvcrt
    MMAL_PARAMETER_VIDEO_MAX_NUM_CALLBACKS
    section_data_rel_ro
    threads
    uwp
    winrt
'
SYSTEM_FUNCS='
    access
    aligned_malloc
    arc4random_buf
    clock_gettime
    closesocket
    CommandLineToArgvW
    elf_aux_info
    fcntl
    getaddrinfo
    getauxval
    getenv
    gethrtime
    getopt
    GetModuleHandle
    GetProcessAffinityMask
    GetProcessMemoryInfo
    GetProcessTimes
    getrusage
    GetStdHandle
    GetSystemTimeAsFileTime
    gettimeofday
    glob
    glXGetProcAddress
    gmtime_r
    inet_aton
    isatty
    kbhit
    localtime_r
    lstat
    lzo1x_999_compress
    mach_absolute_time
    MapViewOfFile
    memalign
    mkstemp
    mmap
    mprotect
    nanosleep
    PeekNamedPipe
    posix_memalign
    prctl
    pthread_cancel
    pthread_set_name_np
    pthread_setname_np
    sched_getaffinity
    SecItemImport
    SetConsoleTextAttribute
    SetConsoleCtrlHandler
    SetDllDirectory
    setmode
    setrlimit
    Sleep
    strerror_r
    sysconf
    sysctl
    sysctlbyname
    tempnam
    usleep
    UTGetOSTypeFromString
    VirtualAlloc
    wglGetProcAddress
'
SYSTEM_LIBRARIES='
    bcrypt
    vaapi_drm
    vaapi_x11
    vaapi_win32
    vdpau_x11
'
TERM=dumb
THREADS_LIST='
    pthreads
    os2threads
    w32threads
'
TMPDIR=/var/folders/rv/fj31z1cj3j39vd6c2s012n7h0000gn/T/
TOOLCHAIN_FEATURES='
    as_arch_directive
    as_archext_crc_directive
    as_archext_dotprod_directive
    as_archext_i8mm_directive
    as_archext_sve_directive
    as_archext_sve2_directive
    as_archext_sme_directive
    as_archext_sme_i16i64_directive
    as_archext_sme2_directive
    as_dn_directive
    as_fpu_directive
    as_func
    as_object_arch
    asm_mod_q
    blocks_extension
    ebp_available
    ebx_available
    gnu_as
    gnu_windres
    ibm_asm
    inline_asm_direct_symbol_refs
    inline_asm_labels
    inline_asm_nonlocal_labels
    pragma_deprecated
    rsync_contimeout
    symver_asm_label
    symver_gnu_asm
    vfp_args
    xform_asm
    xmm_clobbers
'
TYPES_LIST='
    DPI_AWARENESS_CONTEXT
    IDXGIOutput5
    __x_ABI_CWindows_CGraphics_CCapture_CIGraphicsCaptureSession5
    IDirect3DDxgiInterfaceAccess
    kCMVideoCodecType_HEVC
    kCMVideoCodecType_HEVCWithAlpha
    kCMVideoCodecType_VP9
    kCMVideoCodecType_AV1
    kCVPixelFormatType_420YpCbCr10BiPlanarVideoRange
    kCVPixelFormatType_422YpCbCr8BiPlanarVideoRange
    kCVPixelFormatType_422YpCbCr10BiPlanarVideoRange
    kCVPixelFormatType_422YpCbCr16BiPlanarVideoRange
    kCVPixelFormatType_444YpCbCr8BiPlanarVideoRange
    kCVPixelFormatType_444YpCbCr10BiPlanarVideoRange
    kCVPixelFormatType_444YpCbCr16BiPlanarVideoRange
    kCVPixelFormatType_422YpCbCr8_yuvs
    kCVImageBufferTransferFunction_SMPTE_ST_2084_PQ
    kCVImageBufferTransferFunction_ITU_R_2100_HLG
    kCVImageBufferTransferFunction_Linear
    kCVImageBufferYCbCrMatrix_ITU_R_2020
    kCVImageBufferColorPrimaries_ITU_R_2020
    kCVImageBufferTransferFunction_ITU_R_2020
    kCVImageBufferTransferFunction_SMPTE_ST_428_1
    kVTQPModulationLevel_Default
    SecPkgContext_KeyingMaterialInfo
    socklen_t
    struct_addrinfo
    struct_group_source_req
    struct_ip_mreq_source
    struct_ipv6_mreq
    struct_msghdr_msg_flags
    struct_pollfd
    struct_rusage_ru_maxrss
    struct_sctp_event_subscribe
    struct_sockaddr_in6
    struct_sockaddr_sa_len
    struct_sockaddr_storage
    struct_stat_st_mtim_tv_nsec
    struct_v4l2_frmivalenum_discrete
    struct_mfxConfigInterface
'
UID=501
USER=runner
VCPKG_INSTALLATION_ROOT=/usr/local/share/vcpkg
VERSION_SCRIPT_POSTPROCESS_CMD=cat
VM_ASSETS=/usr/local/opt/runner/scripts
WARN_IF_GETS_DISABLED_LIST=' h264_decoder hevc_decoder h264_vulkan_hwaccel hevc_vulkan_hwaccel h264_videotoolbox_hwaccel hevc_videotoolbox_hwaccel'
X86ASM_O='-o $@'
XCODE_15_DEVELOPER_DIR=/Applications/Xcode_15.4.app/Contents/Developer
XCODE_16_DEVELOPER_DIR=/Applications/Xcode_16.2.app/Contents/Developer
XPC_FLAGS=0x0
XPC_SERVICE_NAME=0
_='# ./configure --disable-all --disable-gpl --disable-iconv --enable-static --enable-pic --enable-avcodec --enable-avformat --enable-avutil --enable-vulkan --enable-videotoolbox --enable-decoder=h264 --enable-decoder=hevc --enable-hwaccel=h264_vulkan --enable-hwaccel=hevc_vulkan --enable-hwaccel=h264_videotoolbox --enable-hwaccel=hevc_videotoolbox --arch=x86_64 --extra-cflags='\''-fPIC -arch x86_64 -mmacosx-version-min=11.0 -Wno-error=asm-operand-widths -I/Users/runner/work/ffmpeg-build/ffmpeg-build/vulkan-headers/include'\'' --extra-ldflags='\''-arch x86_64 -mmacosx-version-min=11.0'\'''
__CF_USER_TEXT_ENCODING=0x1F5:0x0:0x0
a3dscope_filter=no
aac_adtstoasc_bsf_select='adts_header mpeg4audio'
aac_at_decoder_deps=audiotoolbox
aac_at_decoder_select=aac_adtstoasc_bsf
aac_at_encoder_deps=audiotoolbox
aac_at_encoder_select=audio_frame_queue
aac_decoder_select='adts_header mpeg4audio sinewin'
aac_encoder_select='audio_frame_queue lpc sinewin'
aac_fixed_decoder_select='adts_header mpeg4audio'
aac_latm_decoder_select='aac_decoder aac_latm_parser'
aac_mediacodec_decoder_deps=mediacodec
aac_mediacodec_decoder_select='aac_adtstoasc_bsf aac_parser'
aac_mf_encoder_deps=mediafoundation
aac_parser_select='adts_header mpeg4audio'
aap_filter=no
abench_filter=no
abitscope_filter=no
ac3_at_decoder_deps=audiotoolbox
ac3_at_decoder_select=ac3_parser
ac3_decoder_select='ac3_parser ac3dsp bswapdsp fmtconvert'
ac3_demuxer_select=ac3_parser
ac3_encoder_select='ac3dsp audiodsp me_cmp'
ac3_fixed_decoder_select='ac3_parser ac3dsp bswapdsp'
ac3_fixed_encoder_select='ac3dsp audiodsp me_cmp'
ac3_mf_encoder_deps=mediafoundation
acelp_kelvin_decoder_select='audiodsp celp_math'
acompressor_filter=no
acontrast_filter=no
acopy_filter=no
acrossfade_filter=no
acrossover_filter=no
acrusher_filter=no
act_demuxer_select=riffdec
action=enable
acue_filter=no
addroi_filter=no
adeclick_filter=no
adeclip_filter=no
adecorrelate_filter=no
adelay_filter=no
adenorm_filter=no
aderivative_filter=no
adpcm_circus_decoder_deps=lgpl_gpl
adpcm_g722_decoder_select=g722dsp
adpcm_g722_encoder_select=g722dsp
adpcm_ima_escape_decoder_deps=lgpl_gpl
adpcm_ima_hvqm2_decoder_deps=lgpl_gpl
adpcm_ima_hvqm4_decoder_deps=lgpl_gpl
adpcm_ima_magix_decoder_deps=lgpl_gpl
adpcm_ima_pda_decoder_deps=lgpl_gpl
adpcm_ima_qt_at_decoder_deps=audiotoolbox
adpcm_n64_decoder_deps=lgpl_gpl
adpcm_psxc_decoder_deps=lgpl_gpl
adrawgraph_filter=no
adrc_filter=no
adts_muxer_select=mpeg4audio
adynamicequalizer_filter=no
adynamicsmooth_filter=no
aecho_filter=no
aemphasis_filter=no
aesni=yes
aesni_deps=sse42
aesni_external_deps=sse42_external
aesni_inline_deps=sse42_inline
aesni_suggest='aesni_external aesni_inline'
aeval_filter=no
aevalsrc_filter=no
aexciter_filter=no
afade_filter=no
afdelaysrc_filter=no
afftdn_filter=no
afftfilt_filter=no
afir_filter=no
afireqsrc_filter=no
afirsrc_filter=no
aformat_filter=no
afreqshift_filter=no
afwtdn_filter=no
agate_filter=no
agm_decoder_select=idctdsp
agraphmonitor_filter=no
ahistogram_filter=no
ahx_decoder_deps=lgpl_gpl
ahx_decoder_select='mpegaudio ahx_to_mp2_bsf'
ahx_parser_deps=lgpl_gpl
ahx_to_mp2_bsf_deps=lgpl_gpl
aic_decoder_select='golomb idctdsp'
aiff_muxer_select=iso_media
aiir_filter=no
aintegral_filter=no
ainterleave_filter=no
alac_at_decoder_deps=audiotoolbox
alac_at_encoder_deps=audiotoolbox
alac_at_encoder_select=audio_frame_queue
alac_encoder_select=lpc
alatency_filter=no
aligned_stack_if_any='aarch64 ppc x86'
alimiter_filter=no
allpass_filter=no
allrgb_filter=no
allyuv_filter=no
aloop_filter=no
alphaextract_filter=no
alphamerge_filter=no
als_decoder_select='bswapdsp mpeg4audio'
alsa=yes
alsa_indev=no
alsa_indev_deps=alsa
alsa_outdev=no
alsa_outdev_deps=alsa
altivec=yes
altivec_deps=ppc
amd3dnow=yes
amd3dnow_external_deps=_external
amd3dnow_inline_deps=_inline
amd3dnow_suggest='amd3dnow_external amd3dnow_inline'
amd3dnowext=yes
amd3dnowext_external_deps=_external
amd3dnowext_inline_deps=_inline
amd3dnowext_suggest='amd3dnowext_external amd3dnowext_inline'
amerge_filter=no
ametadata_filter=no
ametadata_filter_deps=avformat
amf=yes
amf_capture_filter=no
amf_capture_filter_deps=amf
amf_deps_any='libdl LoadLibrary'
amix_filter=no
amovie_filter=no
amovie_filter_deps='avcodec avformat'
amplify_filter=no
amr_nb_at_decoder_deps=audiotoolbox
amrnb_decoder_select='lsp celp_math'
amrnb_mediacodec_decoder_deps=mediacodec
amrnb_mediacodec_decoder_select=amr_parser
amrwb_decoder_select='lsp celp_math'
amrwb_mediacodec_decoder_deps=mediacodec
amrwb_mediacodec_decoder_select=amr_parser
amultiply_filter=no
amv_decoder_select=sp5x_decoder
amv_encoder_select='jpegtables mpegvideoenc'
amv_muxer_select=riffenc
android_camera_indev=no
android_camera_indev_deps='android camera2ndk mediandk pthreads'
android_content_protocol_deps=jni
android_content_protocol_select=file_protocol
anequalizer_filter=no
anlmdn_filter=no
anlmf_filter=no
anlms_filter=no
anoisesrc_filter=no
anull_filter=no
anullsink_filter=no
anullsrc_filter=no
apad_filter=no
ape_decoder_select='bswapdsp llauddsp'
aperms_filter=no
aphasemeter_filter=no
aphaser_filter=no
aphaseshift_filter=no
apng_decoder_select=inflate_wrapper
apng_encoder_select='deflate_wrapper llvidencdsp'
appkit=yes
apsnr_filter=no
apsyclip_filter=no
aptx_encoder_select=audio_frame_queue
aptx_hd_encoder_select=audio_frame_queue
apulsator_filter=no
apv_decoder_select=cbs_apv
apv_demuxer_select=apv_parser
apv_parser_select=cbs_apv
ar_default=ar
arch=x86_64
arch_default=x86_64
arealtime_filter=no
aresample_filter=no
aresample_filter_deps=swresample
areverse_filter=no
arls_filter=no
arm_crc=yes
arm_crc_deps=aarch64
arm_crc_inline_deps=inline_asm
armv5te=yes
armv5te_deps=arm
armv5te_inline_deps=inline_asm
armv6=yes
armv6_deps=arm
armv6_inline_deps=inline_asm
armv6t2=yes
armv6t2_deps=arm
armv6t2_inline_deps=inline_asm
armv8=yes
armv8_deps=aarch64
armv8_inline_deps=inline_asm
arnndn_filter=no
asdr_filter=no
asegment_filter=no
aselect_filter=no
asendcmd_filter=no
asetnsamples_filter=no
asetpts_filter=no
asetrate_filter=no
asettb_filter=no
asf_demuxer_select=riffdec
asf_muxer_select=riffenc
asf_o_demuxer_select=riffdec
asf_stream_muxer_select=asf_muxer
asflags_filter=echo
ashowinfo_filter=no
asidedata_filter=no
asisdr_filter=no
asm=yes
asoftclip_filter=no
aspectralstats_filter=no
asplit_filter=no
asr_filter=no
asr_filter_deps=pocketsphinx
ass_filter=no
ass_filter_deps=libass
astats_filter=no
astreamselect_filter=no
asubboost_filter=no
asubcut_filter=no
asupercut_filter=no
asuperpass_filter=no
asuperstop_filter=no
asv1_decoder_select='blockdsp bswapdsp idctdsp'
asv1_encoder_select='aandcttables bswapdsp fdctdsp pixblockdsp'
asv2_decoder_select='blockdsp bswapdsp idctdsp'
asv2_encoder_select='aandcttables bswapdsp fdctdsp pixblockdsp'
async_protocol_deps=threads
atadenoise_filter=no
atempo_filter=no
atilt_filter=no
atomics_native_if_any='
    atomics_win32
'
atomics_win32_if=MemoryBarrier
atrac1_decoder_select=sinewin
atrac3p_decoder_select=sinewin
atrac3pal_decoder_select=sinewin
atrim_filter=no
audiotoolbox=yes
audiotoolbox_outdev=no
audiotoolbox_outdev_deps='audiotoolbox pthreads AudioObjectPropertyAddress'
audiotoolbox_outdev_extralibs='-framework AudioToolbox -framework CoreAudio'
av1_amf_decoder_deps=amf
av1_amf_encoder_deps=amf
av1_cuvid_decoder_deps='cuvid CUVIDAV1PICPARAMS'
av1_d3d11va2_hwaccel_deps='d3d11va DXVA_PicParams_AV1'
av1_d3d11va2_hwaccel_select=av1_decoder
av1_d3d11va_hwaccel_deps='d3d11va DXVA_PicParams_AV1'
av1_d3d11va_hwaccel_select=av1_decoder
av1_d3d12va_encoder_deps='d3d12va d3d12va_av1_headers'
av1_d3d12va_encoder_select='cbs_av1 d3d12va_encode'
av1_d3d12va_hwaccel_deps='d3d12va DXVA_PicParams_AV1'
av1_d3d12va_hwaccel_select=av1_decoder
av1_decoder_select='atsc_a53 cbs_av1 dovi_rpudec'
av1_demuxer_select='av1_frame_merge_bsf av1_parser'
av1_dxva2_hwaccel_deps='dxva2 DXVA_PicParams_AV1'
av1_dxva2_hwaccel_select=av1_decoder
av1_frame_merge_bsf_select=cbs_av1
av1_frame_split_bsf_select=cbs_av1
av1_mediacodec_decoder_deps=mediacodec
av1_mediacodec_encoder_deps=mediacodec
av1_mediacodec_encoder_select=extract_extradata_bsf
av1_metadata_bsf_select=cbs_av1
av1_mf_encoder_deps=mediafoundation
av1_nvdec_hwaccel_deps='nvdec CUVIDAV1PICPARAMS'
av1_nvdec_hwaccel_select=av1_decoder
av1_nvenc_encoder_deps='nvenc NV_ENC_PIC_PARAMS_AV1'
av1_nvenc_encoder_select=atsc_a53
av1_parser_select=cbs_av1
av1_qsv_decoder_select=qsvdec
av1_qsv_encoder_deps=libvpl
av1_qsv_encoder_select=qsvenc
av1_vaapi_encoder_deps=VAEncPictureParameterBufferAV1
av1_vaapi_encoder_select='cbs_av1 vaapi_encode'
av1_vaapi_hwaccel_deps='vaapi VADecPictureParameterBufferAV1_bit_depth_idx'
av1_vaapi_hwaccel_select=av1_decoder
av1_vdpau_hwaccel_deps='vdpau VdpPictureInfoAV1'
av1_vdpau_hwaccel_select=av1_decoder
av1_videotoolbox_hwaccel_deps=videotoolbox
av1_videotoolbox_hwaccel_select=av1_decoder
av1_vulkan_encoder_deps=vulkan_1_4
av1_vulkan_encoder_select='cbs_av1 vulkan_encode'
av1_vulkan_hwaccel_deps=vulkan
av1_vulkan_hwaccel_select=av1_decoder
avcodec=yes
avcodec_deps=avutil
avcodec_extralibs='pthreads_extralibs iconv_extralibs dxva2_extralibs liblcevc_dec_extralibs lcms2_extralibs'
avcodec_suggest='libm stdatomic zlib'
avdevice=no
avdevice_deps='avformat avcodec avutil'
avdevice_suggest='libm stdatomic'
avectorscope_filter=no
avfilter=no
avfilter_deps=avutil
avfilter_extralibs=pthreads_extralibs
avfilter_suggest='libm stdatomic zlib spirv_library'
avformat=yes
avformat_deps='avcodec avutil'
avformat_suggest='libm network zlib stdatomic'
avfoundation=yes
avfoundation_indev=no
avfoundation_indev_deps='avfoundation corevideo coremedia pthreads AVCaptureSession'
avfoundation_indev_extralibs='-framework Foundation'
avfoundation_indev_suggest='coregraphics applicationservices'
avgblur_filter=no
avgblur_opencl_filter=no
avgblur_opencl_filter_deps=opencl
avgblur_vulkan_filter=no
avgblur_vulkan_filter_deps='vulkan spirv_compiler'
avi_demuxer_select=riffdec
avi_muxer_select=riffenc
avif_muxer_select=mov_muxer
avio_http_serve_files_deps='avformat avutil fork'
avio_http_serve_files_example=yes
avio_list_dir_deps='avformat avutil'
avio_list_dir_example=yes
avio_read_callback_deps='avformat avcodec avutil'
avio_read_callback_example=yes
avisynth=no
avisynth_demuxer_deps=avisynth
avisynth_demuxer_select=riffdec
avisynth_deps_any='libdl LoadLibrary'
avsynctest_filter=no
avutil=yes
avutil_extralibs='d3d11va_extralibs d3d12va_extralibs mediacodec_extralibs nanosleep_extralibs pthreads_extralibs vaapi_drm_extralibs vaapi_x11_extralibs vaapi_win32_extralibs vdpau_x11_extralibs'
avutil_suggest='clock_gettime ffnvcodec gcrypt libm zlib libdrm libmfx opencl openssl user32 vaapi vulkan videotoolbox corefoundation corevideo coremedia bcrypt stdatomic'
avx=yes
avx2=yes
avx2_deps=avx
avx2_external_deps=avx_external
avx2_inline_deps=avx_inline
avx2_suggest='avx2_external avx2_inline'
avx512=yes
avx512_deps=avx2
avx512_external_deps=avx2_external
avx512_inline_deps=avx2_inline
avx512_suggest='avx512_external avx512_inline'
avx512icl=yes
avx512icl_deps=avx512
avx512icl_external_deps=avx512_external
avx512icl_inline_deps=avx512_inline
avx512icl_suggest='avx512icl_external avx512icl_inline'
avx_deps=sse42
avx_external_deps=sse42_external
avx_inline_deps=sse42_inline
avx_suggest='avx_external avx_inline'
axcorrelate_filter=no
azmq_filter=no
azmq_filter_deps=libzmq
backgroundkey_filter=no
bandpass_filter=no
bandreject_filter=no
bass_filter=no
bbox_filter=no
bench_filter=no
bilateral_cuda_filter=no
bilateral_cuda_filter_deps=ffnvcodec
bilateral_cuda_filter_deps_any='cuda_nvcc cuda_llvm'
bilateral_filter=no
bindir_default='${prefix}/bin'
bink_decoder_select='blockdsp hpeldsp'
binkaudio_dct_decoder_select=wma_freqs
binkaudio_rdft_decoder_select=wma_freqs
biquad_filter=no
bitplanenoise_filter=no
blackdetect_filter=no
blackdetect_vulkan_filter=no
blackdetect_vulkan_filter_deps='vulkan spirv_library'
blackframe_filter=no
blackframe_filter_deps=gpl
blend_filter=no
blend_vulkan_filter=no
blend_vulkan_filter_deps='vulkan spirv_library'
blockdetect_filter=no
bluray_protocol_deps=libbluray
blurdetect_filter=no
bm3d_filter=no
boxblur_filter=no
boxblur_filter_deps=gpl
boxblur_opencl_filter=no
boxblur_opencl_filter_deps='opencl gpl'
bs2b_filter=no
bs2b_filter_deps=libbs2b
bsfs_if_any='aac_adtstoasc_bsf
ahx_to_mp2_bsf
apv_metadata_bsf
av1_frame_merge_bsf
av1_frame_split_bsf
av1_metadata_bsf
chomp_bsf
dump_extradata_bsf
dca_core_bsf
dovi_rpu_bsf
dts2pts_bsf
dv_error_marker_bsf
eac3_core_bsf
eia608_to_smpte436m_bsf
evc_frame_merge_bsf
extract_extradata_bsf
filter_units_bsf
h264_metadata_bsf
h264_mp4toannexb_bsf
h264_redundant_pps_bsf
hapqa_extract_bsf
hevc_metadata_bsf
hevc_mp4toannexb_bsf
imx_dump_header_bsf
lcevc_metadata_bsf
media100_to_mjpegb_bsf
mjpeg2jpeg_bsf
mjpega_dump_header_bsf
mpeg2_metadata_bsf
mpeg4_unpack_bframes_bsf
mov2textsub_bsf
noise_bsf
null_bsf
opus_metadata_bsf
pcm_rechunk_bsf
pgs_frame_merge_bsf
prores_metadata_bsf
remove_extradata_bsf
setts_bsf
showinfo_bsf
smpte436m_to_eia608_bsf
text2movsub_bsf
trace_headers_bsf
truehd_core_bsf
vp9_metadata_bsf
vp9_raw_reorder_bsf
vp9_superframe_bsf
vp9_superframe_split_bsf
vvc_metadata_bsf
vvc_mp4toannexb_bsf'
bwdif_cuda_filter=no
bwdif_cuda_filter_deps=ffnvcodec
bwdif_cuda_filter_deps_any='cuda_nvcc cuda_llvm'
bwdif_filter=no
bwdif_vulkan_filter=no
bwdif_vulkan_filter_deps='vulkan spirv_compiler'
bzlib=yes
caca_outdev=no
caca_outdev_deps=libcaca
caf_demuxer_select=iso_media
caf_muxer_select=iso_media
cairo=no
cas_filter=no
cavs_decoder_select='blockdsp golomb h264chroma idctdsp qpeldsp videodsp'
cbs_apv_select=cbs
cbs_av1_select=cbs
cbs_h264_select=cbs
cbs_h265_select=cbs
cbs_h266_select=cbs
cbs_jpeg_select=cbs
cbs_lcevc_select=cbs
cbs_mpeg2_select=cbs
cbs_vp8_select=cbs
cbs_vp9_select=cbs
cc_default=gcc
ccrepack_filter=no
cellauto_filter=no
cflags_filter=echo
channelmap_filter=no
channelsplit_filter=no
chorus_filter=no
chromaber_vulkan_filter=no
chromaber_vulkan_filter_deps='vulkan spirv_library'
chromahold_filter=no
chromakey_cuda_filter=no
chromakey_cuda_filter_deps=ffnvcodec
chromakey_cuda_filter_deps_any='cuda_nvcc cuda_llvm'
chromakey_filter=no
chromanr_filter=no
chromaprint=no
chromaprint_muxer_deps=chromaprint
chromashift_filter=no
ciescope_filter=no
clearvideo_decoder_select=idctdsp
cllc_decoder_select=bswapdsp
clmul=yes
clmul_deps=sse42
clmul_external_deps=sse42_external
clmul_inline_deps=sse42_inline
clmul_suggest='clmul_external clmul_inline'
codecview_filter=no
color_filter=no
color_vulkan_filter=no
color_vulkan_filter_deps='vulkan spirv_library'
colorbalance_filter=no
colorchannelmixer_filter=no
colorchart_filter=no
colorcontrast_filter=no
colorcorrect_filter=no
colordetect_filter=no
colorhold_filter=no
colorize_filter=no
colorkey_filter=no
colorkey_opencl_filter=no
colorkey_opencl_filter_deps=opencl
colorlevels_filter=no
colormap_filter=no
colormatrix_filter=no
colormatrix_filter_deps=gpl
colorspace_cuda_filter=no
colorspace_cuda_filter_deps=ffnvcodec
colorspace_cuda_filter_deps_any='cuda_nvcc cuda_llvm'
colorspace_filter=no
colorspectrum_filter=no
colortemperature_filter=no
comfortnoise_encoder_select=lpc
compand_filter=no
compensationdelay_filter=no
concat_filter=no
convolution_filter=no
convolution_opencl_filter=no
convolution_opencl_filter_deps=opencl
convolve_filter=no
cook_decoder_select='audiodsp sinewin'
copy_filter=no
coreimage=yes
coreimage_filter=no
coreimage_filter_deps='coreimage appkit'
coreimage_filter_extralibs='-framework OpenGL'
coreimagesrc_filter=no
coreimagesrc_filter_deps='coreimage appkit'
coreimagesrc_filter_extralibs='-framework OpenGL'
corr_filter=no
cover_rect_filter=no
cover_rect_filter_deps='avcodec avformat gpl'
cpu=generic
cpu_init=yes
cpu_init_extralibs=pthreads_extralibs
cri_decoder_select=mjpeg_decoder
crop_filter=no
cropdetect_filter=no
cropdetect_filter_deps=gpl
crossfeed_filter=no
crystalizer_filter=no
cscd_decoder_suggest=zlib
cuda=yes
cuda_deps=ffnvcodec
cuda_llvm=yes
cuda_nvcc=no
cuda_sdk=no
cue_filter=no
curves_filter=no
cuvid=yes
cuvid_deps=ffnvcodec
cws2fws=yes
cws2fws_extralibs=zlib_extralibs
cxx_default=g++
d3d11va=yes
d3d11va_deps='dxva_h ID3D11VideoDecoder ID3D11VideoContext'
d3d12va=yes
d3d12va_deps='dxva_h ID3D12Device ID3D12VideoDecoder'
d3d12va_encode_deps='d3d12va ID3D12VideoEncoder d3d12_encoder_feature'
dash_demuxer_deps=libxml2
dash_muxer_select=mp4_muxer
datadir_default='${prefix}/share/ffmpeg'
datascope_filter=no
daud_muxer_select=pcm_rechunk_bsf
dblur_filter=no
dcbzl=yes
dcbzl_deps=ppc
dcshift_filter=no
dctdnoiz_filter=no
ddagrab_filter=no
ddagrab_filter_deps='d3d11va IDXGIOutput1 DXGI_OUTDUPL_FRAME_INFO'
dds_decoder_select=texturedsp
deband_filter=no
deblock_filter=no
debug=yes
decimate_filter=no
decklink=no
decklink_deps_any='libdl LoadLibrary'
decklink_indev=no
decklink_indev_deps='decklink threads'
decklink_indev_extralibs=-lstdc++
decklink_indev_suggest=libzvbi
decklink_outdev=no
decklink_outdev_deps='decklink threads'
decklink_outdev_extralibs=-lstdc++
decklink_outdev_suggest=libklvanc
decode_audio_example=yes
decode_audio_example_deps='avcodec avutil'
decode_filter_audio_example=yes
decode_filter_audio_example_deps='avfilter avcodec avformat avutil'
decode_filter_video_example=yes
decode_filter_video_example_deps='avfilter avcodec avformat avutil'
decode_video_example=yes
decode_video_example_deps='avcodec avutil'
decoders_if_any='aasc_decoder
aic_decoder
alias_pix_decoder
agm_decoder
amv_decoder
anm_decoder
ansi_decoder
apng_decoder
apv_decoder
arbc_decoder
argo_decoder
asv1_decoder
asv2_decoder
aura_decoder
aura2_decoder
avrp_decoder
avrn_decoder
avs_decoder
avui_decoder
bethsoftvid_decoder
bfi_decoder
bink_decoder
bitpacked_decoder
bmp_decoder
bmv_video_decoder
brender_pix_decoder
c93_decoder
cavs_decoder
cdgraphics_decoder
cdtoons_decoder
cdxl_decoder
cfhd_decoder
cinepak_decoder
clearvideo_decoder
cljr_decoder
cllc_decoder
comfortnoise_decoder
cpia_decoder
cri_decoder
cscd_decoder
cyuv_decoder
dds_decoder
dfa_decoder
dirac_decoder
dnxhd_decoder
dpx_decoder
dsicinvideo_decoder
dvaudio_decoder
dvvideo_decoder
dxa_decoder
dxtory_decoder
dxv_decoder
eacmv_decoder
eamad_decoder
eatgq_decoder
eatgv_decoder
eatqi_decoder
eightbps_decoder
eightsvx_exp_decoder
eightsvx_fib_decoder
escape124_decoder
escape130_decoder
exr_decoder
ffv1_decoder
ffvhuff_decoder
fic_decoder
fits_decoder
flashsv_decoder
flashsv2_decoder
flic_decoder
flv_decoder
fmvc_decoder
fourxm_decoder
fraps_decoder
frwu_decoder
g2m_decoder
gdv_decoder
gem_decoder
gif_decoder
h261_decoder
h263_decoder
h263i_decoder
h263p_decoder
h263_v4l2m2m_decoder
h264_decoder
h264_v4l2m2m_decoder
h264_mediacodec_decoder
h264_mmal_decoder
h264_qsv_decoder
h264_rkmpp_decoder
hap_decoder
hevc_decoder
hevc_qsv_decoder
hevc_rkmpp_decoder
hevc_v4l2m2m_decoder
hnm4_video_decoder
hq_hqa_decoder
hqx_decoder
huffyuv_decoder
hymt_decoder
idcin_decoder
iff_ilbm_decoder
imm4_decoder
imm5_decoder
indeo2_decoder
indeo3_decoder
indeo4_decoder
indeo5_decoder
interplay_video_decoder
ipu_decoder
jpeg2000_decoder
jpegls_decoder
jv_decoder
kgv1_decoder
kmvc_decoder
lagarith_decoder
lead_decoder
loco_decoder
lscr_decoder
m101_decoder
magicyuv_decoder
mdec_decoder
media100_decoder
mimic_decoder
mjpeg_decoder
mjpegb_decoder
mmvideo_decoder
mobiclip_decoder
motionpixels_decoder
mpeg1video_decoder
mpeg2video_decoder
mpeg4_decoder
mpeg4_v4l2m2m_decoder
mpeg4_mmal_decoder
mpegvideo_decoder
mpeg1_v4l2m2m_decoder
mpeg2_mmal_decoder
mpeg2_v4l2m2m_decoder
mpeg2_qsv_decoder
mpeg2_mediacodec_decoder
msa1_decoder
mscc_decoder
msmpeg4v1_decoder
msmpeg4v2_decoder
msmpeg4v3_decoder
msp2_decoder
msrle_decoder
mss1_decoder
mss2_decoder
msvideo1_decoder
mszh_decoder
mts2_decoder
mv30_decoder
mvc1_decoder
mvc2_decoder
mvdv_decoder
mvha_decoder
mwsc_decoder
mxpeg_decoder
notchlc_decoder
nuv_decoder
paf_video_decoder
pam_decoder
pbm_decoder
pcx_decoder
pdv_decoder
pfm_decoder
pgm_decoder
pgmyuv_decoder
pgx_decoder
phm_decoder
photocd_decoder
pictor_decoder
pixlet_decoder
png_decoder
ppm_decoder
prores_decoder
prores_raw_decoder
prosumer_decoder
psd_decoder
ptx_decoder
qdraw_decoder
qoi_decoder
qpeg_decoder
qtrle_decoder
r10k_decoder
r210_decoder
rasc_decoder
rawvideo_decoder
rka_decoder
rl2_decoder
roq_decoder
rpza_decoder
rscc_decoder
rtv1_decoder
rv10_decoder
rv20_decoder
rv30_decoder
rv40_decoder
rv60_decoder
s302m_decoder
sanm_decoder
scpr_decoder
screenpresso_decoder
sga_decoder
sgi_decoder
sgirle_decoder
sheervideo_decoder
simbiosis_imx_decoder
smacker_decoder
smc_decoder
smvjpeg_decoder
snow_decoder
sp5x_decoder
speedhq_decoder
speex_decoder
srgc_decoder
sunrast_decoder
svq1_decoder
svq3_decoder
targa_decoder
targa_y216_decoder
tdsc_decoder
theora_decoder
thp_decoder
tiertexseqvideo_decoder
tiff_decoder
tmv_decoder
truemotion1_decoder
truemotion2_decoder
truemotion2rt_decoder
tscc_decoder
tscc2_decoder
txd_decoder
ulti_decoder
utvideo_decoder
v210_decoder
v210x_decoder
v308_decoder
v408_decoder
v410_decoder
vb_decoder
vbn_decoder
vble_decoder
vc1_decoder
vc1image_decoder
vc1_mmal_decoder
vc1_qsv_decoder
vc1_v4l2m2m_decoder
vcr1_decoder
vmdvideo_decoder
vmix_decoder
vmnc_decoder
vp3_decoder
vp4_decoder
vp5_decoder
vp6_decoder
vp6a_decoder
vp6f_decoder
vp7_decoder
vp8_decoder
vp8_rkmpp_decoder
vp8_v4l2m2m_decoder
vp9_decoder
vp9_rkmpp_decoder
vp9_v4l2m2m_decoder
vqa_decoder
vqc_decoder
vvc_decoder
wbmp_decoder
webp_decoder
wcmv_decoder
wrapped_avframe_decoder
wmv1_decoder
wmv2_decoder
wmv3_decoder
wmv3image_decoder
wnv1_decoder
xan_wc3_decoder
xan_wc4_decoder
xbm_decoder
xface_decoder
xl_decoder
xpm_decoder
xwd_decoder
y41p_decoder
ylc_decoder
yop_decoder
yuv4_decoder
zero12v_decoder
zerocodec_decoder
zlib_decoder
zmbv_decoder
aac_decoder
aac_fixed_decoder
aac_latm_decoder
ac3_decoder
ac3_fixed_decoder
acelp_kelvin_decoder
ahx_decoder
alac_decoder
als_decoder
amrnb_decoder
amrwb_decoder
apac_decoder
ape_decoder
aptx_decoder
aptx_hd_decoder
atrac1_decoder
atrac3_decoder
atrac3al_decoder
atrac3p_decoder
atrac3pal_decoder
atrac9_decoder
binkaudio_dct_decoder
binkaudio_rdft_decoder
bmv_audio_decoder
bonk_decoder
cook_decoder
dca_decoder
dfpwm_decoder
dolby_e_decoder
dsd_lsbf_decoder
dsd_msbf_decoder
dsd_lsbf_planar_decoder
dsd_msbf_planar_decoder
dsicinaudio_decoder
dss_sp_decoder
dst_decoder
eac3_decoder
evrc_decoder
fastaudio_decoder
ffwavesynth_decoder
flac_decoder
ftr_decoder
g723_1_decoder
g728_decoder
g729_decoder
gsm_decoder
gsm_ms_decoder
hca_decoder
hcom_decoder
hdr_decoder
iac_decoder
ilbc_decoder
imc_decoder
interplay_acm_decoder
mace3_decoder
mace6_decoder
metasound_decoder
misc4_decoder
mlp_decoder
mp1_decoder
mp1float_decoder
mp2_decoder
mp2float_decoder
mp3float_decoder
mp3_decoder
mp3adufloat_decoder
mp3adu_decoder
mp3on4float_decoder
mp3on4_decoder
mpc7_decoder
mpc8_decoder
msnsiren_decoder
nellymoser_decoder
on2avc_decoder
opus_decoder
osq_decoder
paf_audio_decoder
qcelp_decoder
qdm2_decoder
qdmc_decoder
qoa_decoder
ra_144_decoder
ra_288_decoder
ralf_decoder
sbc_decoder
shorten_decoder
sipr_decoder
siren_decoder
smackaud_decoder
sonic_decoder
tak_decoder
truehd_decoder
truespeech_decoder
tta_decoder
twinvq_decoder
vmdaudio_decoder
vorbis_decoder
wavarc_decoder
wavpack_decoder
wmalossless_decoder
wmapro_decoder
wmav1_decoder
wmav2_decoder
wmavoice_decoder
ws_snd1_decoder
xma1_decoder
xma2_decoder
pcm_alaw_decoder
pcm_bluray_decoder
pcm_dvd_decoder
pcm_f16le_decoder
pcm_f24le_decoder
pcm_f32be_decoder
pcm_f32le_decoder
pcm_f64be_decoder
pcm_f64le_decoder
pcm_lxf_decoder
pcm_mulaw_decoder
pcm_s8_decoder
pcm_s8_planar_decoder
pcm_s16be_decoder
pcm_s16be_planar_decoder
pcm_s16le_decoder
pcm_s16le_planar_decoder
pcm_s24be_decoder
pcm_s24daud_decoder
pcm_s24le_decoder
pcm_s24le_planar_decoder
pcm_s32be_decoder
pcm_s32le_decoder
pcm_s32le_planar_decoder
pcm_s64be_decoder
pcm_s64le_decoder
pcm_sga_decoder
pcm_u8_decoder
pcm_u16be_decoder
pcm_u16le_decoder
pcm_u24be_decoder
pcm_u24le_decoder
pcm_u32be_decoder
pcm_u32le_decoder
pcm_vidc_decoder
cbd2_dpcm_decoder
derf_dpcm_decoder
gremlin_dpcm_decoder
interplay_dpcm_decoder
roq_dpcm_decoder
sdx2_dpcm_decoder
sol_dpcm_decoder
xan_dpcm_decoder
wady_dpcm_decoder
adpcm_4xm_decoder
adpcm_adx_decoder
adpcm_afc_decoder
adpcm_agm_decoder
adpcm_aica_decoder
adpcm_argo_decoder
adpcm_circus_decoder
adpcm_ct_decoder
adpcm_dtk_decoder
adpcm_ea_decoder
adpcm_ea_maxis_xa_decoder
adpcm_ea_r1_decoder
adpcm_ea_r2_decoder
adpcm_ea_r3_decoder
adpcm_ea_xas_decoder
adpcm_g722_decoder
adpcm_g726_decoder
adpcm_g726le_decoder
adpcm_ima_acorn_decoder
adpcm_ima_amv_decoder
adpcm_ima_alp_decoder
adpcm_ima_apc_decoder
adpcm_ima_apm_decoder
adpcm_ima_cunning_decoder
adpcm_ima_dat4_decoder
adpcm_ima_dk3_decoder
adpcm_ima_dk4_decoder
adpcm_ima_ea_eacs_decoder
adpcm_ima_ea_sead_decoder
adpcm_ima_escape_decoder
adpcm_ima_hvqm2_decoder
adpcm_ima_hvqm4_decoder
adpcm_ima_iss_decoder
adpcm_ima_magix_decoder
adpcm_ima_moflex_decoder
adpcm_ima_mtf_decoder
adpcm_ima_oki_decoder
adpcm_ima_pda_decoder
adpcm_ima_qt_decoder
adpcm_ima_rad_decoder
adpcm_ima_ssi_decoder
adpcm_ima_smjpeg_decoder
adpcm_ima_wav_decoder
adpcm_ima_ws_decoder
adpcm_ima_xbox_decoder
adpcm_ms_decoder
adpcm_mtaf_decoder
adpcm_n64_decoder
adpcm_psx_decoder
adpcm_psxc_decoder
adpcm_sanyo_decoder
adpcm_sbpro_2_decoder
adpcm_sbpro_3_decoder
adpcm_sbpro_4_decoder
adpcm_swf_decoder
adpcm_thp_decoder
adpcm_thp_le_decoder
adpcm_vima_decoder
adpcm_xa_decoder
adpcm_xmd_decoder
adpcm_yamaha_decoder
adpcm_zork_decoder
ssa_decoder
ass_decoder
ccaption_decoder
dvbsub_decoder
dvdsub_decoder
jacosub_decoder
microdvd_decoder
movtext_decoder
mpl2_decoder
pgssub_decoder
pjs_decoder
realtext_decoder
sami_decoder
srt_decoder
stl_decoder
subrip_decoder
subviewer_decoder
subviewer1_decoder
text_decoder
vplayer_decoder
webvtt_decoder
xsub_decoder
aac_at_decoder
ac3_at_decoder
adpcm_ima_qt_at_decoder
alac_at_decoder
amr_nb_at_decoder
eac3_at_decoder
gsm_ms_at_decoder
ilbc_at_decoder
mp1_at_decoder
mp2_at_decoder
mp3_at_decoder
pcm_alaw_at_decoder
pcm_mulaw_at_decoder
qdmc_at_decoder
qdm2_at_decoder
libaribcaption_decoder
libaribb24_decoder
libcelt_decoder
libcodec2_decoder
libdav1d_decoder
libdavs2_decoder
libfdk_aac_decoder
libgsm_decoder
libgsm_ms_decoder
libilbc_decoder
libjxl_anim_decoder
libjxl_decoder
liblc3_decoder
libmpeghdec_decoder
libopencore_amrnb_decoder
libopencore_amrwb_decoder
libopus_decoder
librsvg_decoder
libspeex_decoder
libsvtjpegxs_decoder
libuavs3d_decoder
libvorbis_decoder
libvpx_vp8_decoder
libvpx_vp9_decoder
libxevd_decoder
libzvbi_teletext_decoder
bintext_decoder
xbin_decoder
idf_decoder
aac_mediacodec_decoder
amrnb_mediacodec_decoder
amrwb_mediacodec_decoder
libaom_av1_decoder
av1_decoder
av1_cuvid_decoder
av1_mediacodec_decoder
av1_qsv_decoder
av1_amf_decoder
libopenh264_decoder
h264_amf_decoder
h264_cuvid_decoder
h264_oh_decoder
hevc_amf_decoder
hevc_cuvid_decoder
hevc_mediacodec_decoder
hevc_oh_decoder
mjpeg_cuvid_decoder
mjpeg_qsv_decoder
mp3_mediacodec_decoder
mpeg1_cuvid_decoder
mpeg2_cuvid_decoder
mpeg4_cuvid_decoder
mpeg4_mediacodec_decoder
vc1_cuvid_decoder
vp8_cuvid_decoder
vp8_mediacodec_decoder
vp8_qsv_decoder
vp9_amf_decoder
vp9_cuvid_decoder
vp9_mediacodec_decoder
vp9_qsv_decoder
vvc_qsv_decoder
vnull_decoder
anull_decoder'
deconvolve_filter=no
dedot_filter=no
deesser_filter=no
deflate_filter=no
deflate_wrapper_deps=zlib
deflicker_filter=no
deinterlace_d3d12_filter=no
deinterlace_d3d12_filter_deps='d3d12va ID3D12VideoProcessor'
deinterlace_qsv_filter=no
deinterlace_qsv_filter_deps=libmfx
deinterlace_qsv_filter_select=qsvvpp
deinterlace_vaapi_filter=no
deinterlace_vaapi_filter_deps=vaapi
dejudder_filter=no
delogo_filter=no
delogo_filter_deps=gpl
demux_decode_example=yes
demux_decode_example_deps='avcodec avformat avutil'
demuxers_if_any='aa_demuxer
aac_demuxer
aax_demuxer
ac3_demuxer
ac4_demuxer
ace_demuxer
acm_demuxer
act_demuxer
adf_demuxer
adp_demuxer
ads_demuxer
adx_demuxer
aea_demuxer
afc_demuxer
aiff_demuxer
aix_demuxer
alp_demuxer
amr_demuxer
amrnb_demuxer
amrwb_demuxer
anm_demuxer
apac_demuxer
apc_demuxer
ape_demuxer
apm_demuxer
apng_demuxer
aptx_demuxer
aptx_hd_demuxer
apv_demuxer
aqtitle_demuxer
argo_asf_demuxer
argo_brp_demuxer
argo_cvg_demuxer
asf_demuxer
asf_o_demuxer
ass_demuxer
ast_demuxer
au_demuxer
av1_demuxer
avi_demuxer
avr_demuxer
avs_demuxer
avs2_demuxer
avs3_demuxer
bethsoftvid_demuxer
bfi_demuxer
bintext_demuxer
bink_demuxer
binka_demuxer
bit_demuxer
bitpacked_demuxer
bmv_demuxer
bfstm_demuxer
brstm_demuxer
boa_demuxer
bonk_demuxer
c93_demuxer
caf_demuxer
cavsvideo_demuxer
cdg_demuxer
cdxl_demuxer
cine_demuxer
codec2_demuxer
codec2raw_demuxer
concat_demuxer
dash_demuxer
data_demuxer
daud_demuxer
dcstr_demuxer
derf_demuxer
dfa_demuxer
dfpwm_demuxer
dhav_demuxer
dirac_demuxer
dnxhd_demuxer
dsf_demuxer
dsicin_demuxer
dss_demuxer
dts_demuxer
dtshd_demuxer
dv_demuxer
dvbsub_demuxer
dvbtxt_demuxer
dxa_demuxer
ea_demuxer
ea_cdata_demuxer
eac3_demuxer
epaf_demuxer
evc_demuxer
ffmetadata_demuxer
filmstrip_demuxer
fits_demuxer
flac_demuxer
flic_demuxer
flv_demuxer
live_flv_demuxer
fourxm_demuxer
frm_demuxer
fsb_demuxer
fwse_demuxer
g722_demuxer
g723_1_demuxer
g726_demuxer
g726le_demuxer
g728_demuxer
g729_demuxer
gdv_demuxer
genh_demuxer
gif_demuxer
gsm_demuxer
gxf_demuxer
h261_demuxer
h263_demuxer
h264_demuxer
hca_demuxer
hcom_demuxer
hevc_demuxer
hls_demuxer
hnm_demuxer
hxvs_demuxer
iamf_demuxer
ico_demuxer
idcin_demuxer
idf_demuxer
iff_demuxer
ifv_demuxer
ilbc_demuxer
image2_demuxer
image2pipe_demuxer
image2_alias_pix_demuxer
image2_brender_pix_demuxer
imf_demuxer
ingenient_demuxer
ipmovie_demuxer
ipu_demuxer
ircam_demuxer
iss_demuxer
iv8_demuxer
ivf_demuxer
ivr_demuxer
jacosub_demuxer
jv_demuxer
jpegxl_anim_demuxer
kux_demuxer
kvag_demuxer
laf_demuxer
lc3_demuxer
lmlm4_demuxer
loas_demuxer
luodat_demuxer
lrc_demuxer
lvf_demuxer
lxf_demuxer
m4v_demuxer
mca_demuxer
mcc_demuxer
matroska_demuxer
mgsts_demuxer
microdvd_demuxer
mjpeg_demuxer
mjpeg_2000_demuxer
mlp_demuxer
mlv_demuxer
mm_demuxer
mmf_demuxer
mods_demuxer
moflex_demuxer
mov_demuxer
mp3_demuxer
mpc_demuxer
mpc8_demuxer
mpegps_demuxer
mpegts_demuxer
mpegtsraw_demuxer
mpegvideo_demuxer
mpjpeg_demuxer
mpl2_demuxer
mpsub_demuxer
msf_demuxer
msnwc_tcp_demuxer
msp_demuxer
mtaf_demuxer
mtv_demuxer
musx_demuxer
mv_demuxer
mvi_demuxer
mxf_demuxer
mxg_demuxer
nc_demuxer
nistsphere_demuxer
nsp_demuxer
nsv_demuxer
nut_demuxer
nuv_demuxer
obu_demuxer
ogg_demuxer
oma_demuxer
osq_demuxer
paf_demuxer
pcm_alaw_demuxer
pcm_mulaw_demuxer
pcm_vidc_demuxer
pcm_f64be_demuxer
pcm_f64le_demuxer
pcm_f32be_demuxer
pcm_f32le_demuxer
pcm_s32be_demuxer
pcm_s32le_demuxer
pcm_s24be_demuxer
pcm_s24le_demuxer
pcm_s16be_demuxer
pcm_s16le_demuxer
pcm_s8_demuxer
pcm_u32be_demuxer
pcm_u32le_demuxer
pcm_u24be_demuxer
pcm_u24le_demuxer
pcm_u16be_demuxer
pcm_u16le_demuxer
pcm_u8_demuxer
pdv_demuxer
pjs_demuxer
pmp_demuxer
pp_bnk_demuxer
pva_demuxer
pvf_demuxer
qcp_demuxer
qoa_demuxer
r3d_demuxer
rawvideo_demuxer
rcwt_demuxer
realtext_demuxer
redspark_demuxer
rka_demuxer
rl2_demuxer
rm_demuxer
roq_demuxer
rpl_demuxer
rsd_demuxer
rso_demuxer
rtp_demuxer
rtsp_demuxer
s337m_demuxer
sami_demuxer
sap_demuxer
sbc_demuxer
sbg_demuxer
scc_demuxer
scd_demuxer
sdns_demuxer
sdp_demuxer
sdr2_demuxer
sds_demuxer
sdx_demuxer
segafilm_demuxer
ser_demuxer
sga_demuxer
shorten_demuxer
siff_demuxer
simbiosis_imx_demuxer
sln_demuxer
smacker_demuxer
smjpeg_demuxer
smush_demuxer
sol_demuxer
sox_demuxer
spdif_demuxer
srt_demuxer
str_demuxer
stl_demuxer
subviewer1_demuxer
subviewer_demuxer
sup_demuxer
svag_demuxer
svs_demuxer
swf_demuxer
tak_demuxer
tedcaptions_demuxer
thp_demuxer
threedostr_demuxer
tiertexseq_demuxer
tmv_demuxer
truehd_demuxer
tta_demuxer
txd_demuxer
tty_demuxer
ty_demuxer
usm_demuxer
v210_demuxer
v210x_demuxer
vag_demuxer
vc1_demuxer
vc1t_demuxer
vividas_demuxer
vivo_demuxer
vmd_demuxer
vobsub_demuxer
voc_demuxer
vpk_demuxer
vplayer_demuxer
vqf_demuxer
vvc_demuxer
w64_demuxer
wady_demuxer
wavarc_demuxer
wav_demuxer
wc3_demuxer
webm_dash_manifest_demuxer
webvtt_demuxer
wsaud_demuxer
wsd_demuxer
wsvqa_demuxer
wtv_demuxer
wve_demuxer
wv_demuxer
xa_demuxer
xbin_demuxer
xmd_demuxer
xmv_demuxer
xvag_demuxer
xwma_demuxer
yop_demuxer
yuv4mpegpipe_demuxer
image_bmp_pipe_demuxer
image_cri_pipe_demuxer
image_dds_pipe_demuxer
image_dpx_pipe_demuxer
image_exr_pipe_demuxer
image_gem_pipe_demuxer
image_gif_pipe_demuxer
image_hdr_pipe_demuxer
image_j2k_pipe_demuxer
image_jpeg_pipe_demuxer
image_jpegls_pipe_demuxer
image_jpegxl_pipe_demuxer
image_jpegxs_pipe_demuxer
image_pam_pipe_demuxer
image_pbm_pipe_demuxer
image_pcx_pipe_demuxer
image_pfm_pipe_demuxer
image_pgmyuv_pipe_demuxer
image_pgm_pipe_demuxer
image_pgx_pipe_demuxer
image_phm_pipe_demuxer
image_photocd_pipe_demuxer
image_pictor_pipe_demuxer
image_png_pipe_demuxer
image_ppm_pipe_demuxer
image_psd_pipe_demuxer
image_qdraw_pipe_demuxer
image_qoi_pipe_demuxer
image_sgi_pipe_demuxer
image_svg_pipe_demuxer
image_sunrast_pipe_demuxer
image_tiff_pipe_demuxer
image_vbn_pipe_demuxer
image_webp_pipe_demuxer
image_xbm_pipe_demuxer
image_xpm_pipe_demuxer
image_xwd_pipe_demuxer
avisynth_demuxer
dvdvideo_demuxer
libgme_demuxer
libmodplug_demuxer
libopenmpt_demuxer
vapoursynth_demuxer'
denoise_vaapi_filter=no
denoise_vaapi_filter_deps=vaapi
dep=avx
derain_filter=no
derain_filter_select=dnn
deshake_filter=no
deshake_filter_select=pixelutils
deshake_opencl_filter=no
deshake_opencl_filter_deps=opencl
despill_filter=no
detelecine_filter=no
dialoguenhance_filter=no
dilation_filter=no
dilation_opencl_filter=no
dilation_opencl_filter_deps=opencl
dirac_decoder_select='dirac_parse dwt golomb mpegvideoencdsp qpeldsp videodsp'
dirac_demuxer_select=dirac_parser
dirac_parse_select=golomb
displace_filter=no
dnn_classify_filter=no
dnn_classify_filter_select=dnn
dnn_deps='avformat swscale'
dnn_deps_any='libtensorflow libopenvino libtorch'
dnn_detect_filter=no
dnn_detect_filter_select=dnn
dnn_processing_filter=no
dnn_processing_filter_select=dnn
dnxhd_decoder_select='blockdsp idctdsp'
dnxhd_encoder_select='blockdsp fdctdsp idctdsp mpegvideoenc pixblockdsp videodsp'
doc=no
doc_deps_any='manpages htmlpages podpages txtpages'
docdir_default='${prefix}/share/doc/ffmpeg'
dotprod=yes
dotprod_deps='aarch64 neon'
dotprod_inline_deps=inline_asm
doubleweave_filter=no
dovi_rpu_bsf_select='cbs_h265 cbs_av1 dovi_rpudec dovi_rpuenc'
dovi_rpudec_select=golomb
dovi_rpuenc_select=golomb
doxygen_default=doxygen
dpx_vulkan_hwaccel_deps='vulkan spirv_compiler'
dpx_vulkan_hwaccel_select=dpx_decoder
drawbox_filter=no
drawbox_vaapi_filter=no
drawbox_vaapi_filter_deps=vaapi_1
drawgraph_filter=no
drawgrid_filter=no
drawtext_filter=no
drawtext_filter_deps='libfreetype libharfbuzz'
drawtext_filter_suggest='libfontconfig libfribidi'
drawvg_filter=no
drawvg_filter_deps=cairo
drmeter_filter=no
dshow_indev=no
dshow_indev_deps=IBaseFilter
dshow_indev_extralibs='-lpsapi -lole32 -lstrmiids -luuid -loleaut32 -lshlwapi'
dtls_protocol_deps_any='openssl schannel gnutls mbedtls'
dtls_protocol_select=udp_protocol
dts2pts_bsf_select='cbs_h264 h264parse cbs_h265 hevc_parser'
dts_demuxer_select=dca_parser
dtshd_demuxer_select=dca_parser
dv_demuxer_select=dvprofile
dv_muxer_select=dvprofile
dvdvideo_demuxer_deps='libdvdnav libdvdread'
dvdvideo_demuxer_select=mpegps_demuxer
dvvideo_decoder_select='dvprofile idctdsp'
dvvideo_encoder_select='dvprofile fdctdsp me_cmp pixblockdsp'
dxa_decoder_deps=zlib
dxa_demuxer_select=riffdec
dxv_decoder_select='lzf texturedsp'
dxv_encoder_select=texturedspenc
dxva2=yes
dxva2_deps='dxva2api_h DXVA2_ConfigPictureDecode ole32 user32'
dynaudnorm_filter=no
eac3_at_decoder_deps=audiotoolbox
eac3_at_decoder_select=ac3_parser
eac3_core_bsf_select=ac3_parser
eac3_decoder_select=ac3_decoder
eac3_demuxer_select=ac3_parser
eac3_encoder_select=ac3_encoder
eamad_decoder_select='aandcttables blockdsp bswapdsp'
earwax_filter=no
eatgq_decoder_select=aandcttables
eatqi_decoder_select='aandcttables blockdsp bswapdsp'
ebur128_filter=no
edgedetect_filter=no
eia608_to_smpte436m_bsf_select=smpte_436m
elbg_filter=no
elbg_filter_deps=avcodec
encode_audio_example=yes
encode_audio_example_deps='avcodec avutil'
encode_video_example=yes
encode_video_example_deps='avcodec avutil'
encoders_if_any='a64multi_encoder
a64multi5_encoder
alias_pix_encoder
amv_encoder
apng_encoder
asv1_encoder
asv2_encoder
avrp_encoder
avui_encoder
bitpacked_encoder
bmp_encoder
cfhd_encoder
cinepak_encoder
cljr_encoder
comfortnoise_encoder
dnxhd_encoder
dpx_encoder
dvvideo_encoder
dxv_encoder
exr_encoder
ffv1_encoder
ffv1_vulkan_encoder
ffvhuff_encoder
fits_encoder
flashsv_encoder
flashsv2_encoder
flv_encoder
gif_encoder
h261_encoder
h263_encoder
h263p_encoder
h264_mediacodec_encoder
h264_rkmpp_encoder
hap_encoder
hevc_rkmpp_encoder
huffyuv_encoder
jpeg2000_encoder
jpegls_encoder
ljpeg_encoder
magicyuv_encoder
mjpeg_encoder
mpeg1video_encoder
mpeg2video_encoder
mpeg4_encoder
msmpeg4v2_encoder
msmpeg4v3_encoder
msrle_encoder
msvideo1_encoder
pam_encoder
pbm_encoder
pcx_encoder
pfm_encoder
pgm_encoder
pgmyuv_encoder
phm_encoder
png_encoder
ppm_encoder
prores_encoder
prores_aw_encoder
prores_ks_encoder
prores_ks_vulkan_encoder
qoi_encoder
qtrle_encoder
r10k_encoder
r210_encoder
rawvideo_encoder
roq_encoder
rpza_encoder
rv10_encoder
rv20_encoder
s302m_encoder
sgi_encoder
smc_encoder
snow_encoder
speedhq_encoder
sunrast_encoder
svq1_encoder
targa_encoder
tiff_encoder
utvideo_encoder
v210_encoder
v308_encoder
v408_encoder
v410_encoder
vbn_encoder
vc2_encoder
wbmp_encoder
wrapped_avframe_encoder
wmv1_encoder
wmv2_encoder
xbm_encoder
xface_encoder
xwd_encoder
y41p_encoder
yuv4_encoder
zlib_encoder
zmbv_encoder
aac_encoder
ac3_encoder
ac3_fixed_encoder
alac_encoder
aptx_encoder
aptx_hd_encoder
dca_encoder
dfpwm_encoder
eac3_encoder
flac_encoder
g723_1_encoder
hdr_encoder
mlp_encoder
mp2_encoder
mp2fixed_encoder
nellymoser_encoder
opus_encoder
ra_144_encoder
sbc_encoder
sonic_encoder
sonic_ls_encoder
truehd_encoder
tta_encoder
vorbis_encoder
wavpack_encoder
wmav1_encoder
wmav2_encoder
pcm_alaw_encoder
pcm_bluray_encoder
pcm_dvd_encoder
pcm_f32be_encoder
pcm_f32le_encoder
pcm_f64be_encoder
pcm_f64le_encoder
pcm_mulaw_encoder
pcm_s8_encoder
pcm_s8_planar_encoder
pcm_s16be_encoder
pcm_s16be_planar_encoder
pcm_s16le_encoder
pcm_s16le_planar_encoder
pcm_s24be_encoder
pcm_s24daud_encoder
pcm_s24le_encoder
pcm_s24le_planar_encoder
pcm_s32be_encoder
pcm_s32le_encoder
pcm_s32le_planar_encoder
pcm_s64be_encoder
pcm_s64le_encoder
pcm_u8_encoder
pcm_u16be_encoder
pcm_u16le_encoder
pcm_u24be_encoder
pcm_u24le_encoder
pcm_u32be_encoder
pcm_u32le_encoder
pcm_vidc_encoder
roq_dpcm_encoder
adpcm_adx_encoder
adpcm_argo_encoder
adpcm_g722_encoder
adpcm_g726_encoder
adpcm_g726le_encoder
adpcm_ima_amv_encoder
adpcm_ima_alp_encoder
adpcm_ima_apm_encoder
adpcm_ima_qt_encoder
adpcm_ima_ssi_encoder
adpcm_ima_wav_encoder
adpcm_ima_ws_encoder
adpcm_ms_encoder
adpcm_swf_encoder
adpcm_yamaha_encoder
ssa_encoder
ass_encoder
dvbsub_encoder
dvdsub_encoder
movtext_encoder
srt_encoder
subrip_encoder
text_encoder
ttml_encoder
webvtt_encoder
xsub_encoder
aac_at_encoder
alac_at_encoder
ilbc_at_encoder
pcm_alaw_at_encoder
pcm_mulaw_at_encoder
libaom_av1_encoder
libcodec2_encoder
libfdk_aac_encoder
libgsm_encoder
libgsm_ms_encoder
libilbc_encoder
libjxl_anim_encoder
libjxl_encoder
liblc3_encoder
libmp3lame_encoder
liboapv_encoder
libopencore_amrnb_encoder
libopenjpeg_encoder
libopus_encoder
librav1e_encoder
libshine_encoder
libspeex_encoder
libsvtav1_encoder
libsvtjpegxs_encoder
libtheora_encoder
libtwolame_encoder
libvo_amrwbenc_encoder
libvorbis_encoder
libvpx_vp8_encoder
libvpx_vp9_encoder
libvvenc_encoder
libwebp_anim_encoder
libwebp_encoder
libx262_encoder
libx264_encoder
libx264rgb_encoder
libx265_encoder
libxeve_encoder
libxavs_encoder
libxavs2_encoder
libxvid_encoder
aac_mf_encoder
ac3_mf_encoder
h263_v4l2m2m_encoder
av1_d3d12va_encoder
av1_mediacodec_encoder
av1_nvenc_encoder
av1_qsv_encoder
av1_amf_encoder
av1_mf_encoder
av1_vaapi_encoder
av1_vulkan_encoder
libopenh264_encoder
h264_amf_encoder
h264_d3d12va_encoder
h264_mf_encoder
h264_nvenc_encoder
h264_oh_encoder
h264_omx_encoder
h264_qsv_encoder
h264_v4l2m2m_encoder
h264_vaapi_encoder
h264_videotoolbox_encoder
h264_vulkan_encoder
hevc_amf_encoder
hevc_d3d12va_encoder
hevc_mediacodec_encoder
hevc_mf_encoder
hevc_nvenc_encoder
hevc_oh_encoder
hevc_qsv_encoder
hevc_v4l2m2m_encoder
hevc_vaapi_encoder
hevc_videotoolbox_encoder
hevc_vulkan_encoder
libkvazaar_encoder
mjpeg_qsv_encoder
mjpeg_vaapi_encoder
mp3_mf_encoder
mpeg2_qsv_encoder
mpeg2_vaapi_encoder
mpeg4_mediacodec_encoder
mpeg4_omx_encoder
mpeg4_v4l2m2m_encoder
prores_videotoolbox_encoder
vp8_mediacodec_encoder
vp8_v4l2m2m_encoder
vp8_vaapi_encoder
vp9_mediacodec_encoder
vp9_vaapi_encoder
vp9_qsv_encoder
vnull_encoder
anull_encoder'
entropy_filter=no
epx_filter=no
eq_filter=no
eq_filter_deps=gpl
equalizer_filter=no
erosion_filter=no
erosion_opencl_filter=no
erosion_opencl_filter_deps=opencl
error_resilience_select=me_cmp
estdif_filter=no
evc_demuxer_select='evc_frame_merge_bsf evc_parser'
evc_frame_merge_bsf_select=evcparse
evc_parser_select=evcparse
evcparse_select=golomb
exposure_filter=no
exr_decoder_deps=zlib
exr_decoder_select=bswapdsp
exr_encoder_deps=zlib
ext=xop
extra_cflags=' -fPIC -arch x86_64 -mmacosx-version-min=11.0 -Wno-error=asm-operand-widths -I/Users/runner/work/ffmpeg-build/ffmpeg-build/vulkan-headers/include'
extract_mvs_example=yes
extract_mvs_example_deps='avcodec avformat avutil'
extractplanes_filter=no
extrastereo_filter=no
f4v_muxer_select=mov_muxer
faan=yes
faandct=yes
faandct_deps=faan
faandct_select=fdctdsp
faanidct=yes
faanidct_deps=faan
faanidct_select=idctdsp
fade_filter=no
fast_64bit_if_any='aarch64 ia64 mips64 parisc64 ppc64 riscv64 sparc64 x86_64'
fast_clz_if_any='aarch64 mips ppc x86'
fast_unaligned_if_any='aarch64 ppc x86'
fbdev_indev=no
fbdev_indev_deps=linux_fb_h
fbdev_outdev=no
fbdev_outdev_deps=linux_fb_h
feedback_filter=no
ffmpeg=no
ffmpeg_deps='avcodec avfilter avformat threads'
ffmpeg_select='aformat_filter anull_filter atrim_filter crop_filter
               format_filter hflip_filter null_filter rotate_filter
               transpose_filter trim_filter vflip_filter'
ffmpeg_suggest='ole32 psapi shell32'
ffnvcodec=yes
ffnvcodec_deps_any='libdl LoadLibrary'
ffplay=no
ffplay_deps='avcodec avformat avfilter swscale swresample sdl2'
ffplay_select='crop_filter transpose_filter hflip_filter vflip_filter rotate_filter'
ffplay_suggest='shell32 libplacebo vulkan'
ffprobe=no
ffprobe_deps='avcodec avformat'
ffprobe_suggest=shell32
ffrtmpcrypt_protocol_conflict=librtmp_protocol
ffrtmpcrypt_protocol_deps_any='gcrypt gmp openssl mbedtls'
ffrtmpcrypt_protocol_select=tcp_protocol
ffrtmphttp_protocol_conflict=librtmp_protocol
ffrtmphttp_protocol_select=http_protocol
fftdnoiz_filter=no
fftfilt_filter=no
ffv1_decoder_select=rangecoder
ffv1_encoder_select=rangecoder
ffv1_parser_select=rangecoder
ffv1_vulkan_encoder_select='vulkan spirv_compiler'
ffv1_vulkan_hwaccel_deps='vulkan spirv_compiler'
ffv1_vulkan_hwaccel_select=ffv1_decoder
ffvhuff_decoder_select=huffyuv_decoder
ffvhuff_encoder_select=huffyuv_encoder
fic_decoder_select=golomb
field_filter=no
fieldhint_filter=no
fieldmatch_filter=no
fieldorder_filter=no
fifo_muxer_deps=threads
fillborders_filter=no
filter_audio_example=yes
filter_audio_example_deps='avfilter avutil'
filter_units_bsf_select=cbs
filters_if_any='aap_filter
abench_filter
acompressor_filter
acontrast_filter
acopy_filter
acue_filter
acrossfade_filter
acrossover_filter
acrusher_filter
adeclick_filter
adeclip_filter
adecorrelate_filter
adelay_filter
adenorm_filter
aderivative_filter
adrc_filter
adynamicequalizer_filter
adynamicsmooth_filter
aecho_filter
aemphasis_filter
aeval_filter
aexciter_filter
afade_filter
afftdn_filter
afftfilt_filter
afir_filter
aformat_filter
afreqshift_filter
afwtdn_filter
agate_filter
aiir_filter
aintegral_filter
ainterleave_filter
alatency_filter
alimiter_filter
allpass_filter
aloop_filter
amerge_filter
ametadata_filter
amix_filter
amultiply_filter
anequalizer_filter
anlmdn_filter
anlmf_filter
anlms_filter
anull_filter
apad_filter
aperms_filter
aphaser_filter
aphaseshift_filter
apsnr_filter
apsyclip_filter
apulsator_filter
arealtime_filter
aresample_filter
areverse_filter
arls_filter
arnndn_filter
asdr_filter
asegment_filter
aselect_filter
asendcmd_filter
asetnsamples_filter
asetpts_filter
asetrate_filter
asettb_filter
ashowinfo_filter
asidedata_filter
asisdr_filter
asoftclip_filter
aspectralstats_filter
asplit_filter
asr_filter
astats_filter
astreamselect_filter
asubboost_filter
asubcut_filter
asupercut_filter
asuperpass_filter
asuperstop_filter
atempo_filter
atilt_filter
atrim_filter
axcorrelate_filter
azmq_filter
bandpass_filter
bandreject_filter
bass_filter
biquad_filter
bs2b_filter
channelmap_filter
channelsplit_filter
chorus_filter
compand_filter
compensationdelay_filter
crossfeed_filter
crystalizer_filter
dcshift_filter
deesser_filter
dialoguenhance_filter
drmeter_filter
dynaudnorm_filter
earwax_filter
ebur128_filter
equalizer_filter
extrastereo_filter
firequalizer_filter
flanger_filter
haas_filter
hdcd_filter
headphone_filter
highpass_filter
highshelf_filter
join_filter
ladspa_filter
loudnorm_filter
lowpass_filter
lowshelf_filter
lv2_filter
mcompand_filter
pan_filter
replaygain_filter
rubberband_filter
sidechaincompress_filter
sidechaingate_filter
silencedetect_filter
silenceremove_filter
sofalizer_filter
speechnorm_filter
stereotools_filter
stereowiden_filter
superequalizer_filter
surround_filter
tiltshelf_filter
treble_filter
tremolo_filter
vibrato_filter
virtualbass_filter
volume_filter
volumedetect_filter
whisper_filter
aevalsrc_filter
afdelaysrc_filter
afireqsrc_filter
afirsrc_filter
anoisesrc_filter
anullsrc_filter
flite_filter
hilbert_filter
sinc_filter
sine_filter
anullsink_filter
addroi_filter
alphaextract_filter
alphamerge_filter
amplify_filter
ass_filter
atadenoise_filter
avgblur_filter
avgblur_opencl_filter
avgblur_vulkan_filter
backgroundkey_filter
bbox_filter
bench_filter
bilateral_filter
bilateral_cuda_filter
bitplanenoise_filter
blackdetect_filter
blackdetect_vulkan_filter
blackframe_filter
blend_filter
blend_vulkan_filter
blockdetect_filter
blurdetect_filter
bm3d_filter
boxblur_filter
boxblur_opencl_filter
bwdif_filter
bwdif_cuda_filter
bwdif_vulkan_filter
cas_filter
ccrepack_filter
chromaber_vulkan_filter
chromahold_filter
chromakey_filter
chromakey_cuda_filter
chromanr_filter
chromashift_filter
ciescope_filter
codecview_filter
colorbalance_filter
colorchannelmixer_filter
colorcontrast_filter
colorcorrect_filter
colordetect_filter
colorize_filter
colorkey_filter
colorkey_opencl_filter
colorhold_filter
colorlevels_filter
colormap_filter
colormatrix_filter
colorspace_filter
colorspace_cuda_filter
colortemperature_filter
convolution_filter
convolution_opencl_filter
convolve_filter
copy_filter
coreimage_filter
corr_filter
cover_rect_filter
crop_filter
cropdetect_filter
cue_filter
curves_filter
datascope_filter
dblur_filter
dctdnoiz_filter
deband_filter
deblock_filter
decimate_filter
deconvolve_filter
dedot_filter
deflate_filter
deflicker_filter
deinterlace_qsv_filter
deinterlace_d3d12_filter
deinterlace_vaapi_filter
dejudder_filter
delogo_filter
denoise_vaapi_filter
derain_filter
deshake_filter
deshake_opencl_filter
despill_filter
detelecine_filter
dilation_filter
dilation_opencl_filter
displace_filter
dnn_classify_filter
dnn_detect_filter
dnn_processing_filter
doubleweave_filter
drawbox_filter
drawgraph_filter
drawgrid_filter
drawtext_filter
drawvg_filter
edgedetect_filter
elbg_filter
entropy_filter
epx_filter
eq_filter
erosion_filter
erosion_opencl_filter
estdif_filter
exposure_filter
extractplanes_filter
fade_filter
feedback_filter
fftdnoiz_filter
fftfilt_filter
field_filter
fieldhint_filter
fieldmatch_filter
fieldorder_filter
fillborders_filter
find_rect_filter
flip_vulkan_filter
floodfill_filter
format_filter
fps_filter
framepack_filter
framerate_filter
framestep_filter
freezedetect_filter
freezeframes_filter
frei0r_filter
fspp_filter
fsync_filter
gblur_filter
gblur_vulkan_filter
geq_filter
gradfun_filter
graphmonitor_filter
grayworld_filter
greyedge_filter
guided_filter
haldclut_filter
hflip_filter
hflip_vulkan_filter
histeq_filter
histogram_filter
hqdn3d_filter
hqx_filter
hstack_filter
hsvhold_filter
hsvkey_filter
hue_filter
huesaturation_filter
hwdownload_filter
hwmap_filter
hwupload_filter
hwupload_cuda_filter
hysteresis_filter
iccdetect_filter
iccgen_filter
identity_filter
idet_filter
il_filter
inflate_filter
interlace_filter
interlace_vulkan_filter
interleave_filter
kerndeint_filter
kirsch_filter
lagfun_filter
latency_filter
lcevc_filter
lenscorrection_filter
lensfun_filter
libplacebo_filter
libvmaf_filter
libvmaf_cuda_filter
limitdiff_filter
limiter_filter
loop_filter
lumakey_filter
lut_filter
lut1d_filter
lut2_filter
lut3d_filter
lutrgb_filter
lutyuv_filter
maskedclamp_filter
maskedmax_filter
maskedmerge_filter
maskedmin_filter
maskedthreshold_filter
maskfun_filter
mcdeint_filter
median_filter
mergeplanes_filter
mestimate_filter
mestimate_d3d12_filter
metadata_filter
midequalizer_filter
minterpolate_filter
mix_filter
monochrome_filter
morpho_filter
mpdecimate_filter
msad_filter
multiply_filter
negate_filter
nlmeans_filter
nlmeans_opencl_filter
nlmeans_vulkan_filter
nnedi_filter
noformat_filter
noise_filter
normalize_filter
null_filter
ocr_filter
ocv_filter
oscilloscope_filter
ocio_filter
overlay_filter
overlay_opencl_filter
overlay_qsv_filter
overlay_vaapi_filter
overlay_vulkan_filter
overlay_cuda_filter
owdenoise_filter
pad_filter
pad_cuda_filter
pad_opencl_filter
palettegen_filter
paletteuse_filter
perms_filter
perspective_filter
phase_filter
photosensitivity_filter
pixdesctest_filter
pixelize_filter
pixscope_filter
pp7_filter
premultiply_filter
premultiply_dynamic_filter
prewitt_filter
prewitt_opencl_filter
procamp_vaapi_filter
program_opencl_filter
pseudocolor_filter
psnr_filter
pullup_filter
qp_filter
qrencode_filter
quirc_filter
random_filter
readeia608_filter
readvitc_filter
realtime_filter
remap_filter
remap_opencl_filter
removegrain_filter
removelogo_filter
repeatfields_filter
reverse_filter
rgbashift_filter
roberts_filter
roberts_opencl_filter
rotate_filter
sab_filter
scale_filter
vpp_amf_filter
sr_amf_filter
scale_cuda_filter
scale_d3d11_filter
scale_d3d12_filter
scale_npp_filter
scale_qsv_filter
scale_vaapi_filter
scale_vt_filter
scale_vulkan_filter
scale2ref_filter
scale2ref_npp_filter
scdet_filter
scdet_vulkan_filter
scharr_filter
scroll_filter
segment_filter
select_filter
selectivecolor_filter
sendcmd_filter
separatefields_filter
setdar_filter
setfield_filter
setparams_filter
setpts_filter
setrange_filter
setsar_filter
settb_filter
sharpen_npp_filter
sharpness_vaapi_filter
shear_filter
showinfo_filter
showpalette_filter
shuffleframes_filter
shufflepixels_filter
shuffleplanes_filter
sidedata_filter
signalstats_filter
signature_filter
siti_filter
smartblur_filter
sobel_filter
sobel_opencl_filter
split_filter
spp_filter
sr_filter
ssim_filter
ssim360_filter
stereo3d_filter
streamselect_filter
subtitles_filter
super2xsai_filter
swaprect_filter
swapuv_filter
tblend_filter
telecine_filter
thistogram_filter
threshold_filter
thumbnail_filter
thumbnail_cuda_filter
tile_filter
tiltandshift_filter
tinterlace_filter
tlut2_filter
tmedian_filter
tmidequalizer_filter
tmix_filter
tonemap_filter
tonemap_opencl_filter
tonemap_vaapi_filter
tpad_filter
transpose_filter
transpose_npp_filter
transpose_opencl_filter
transpose_vaapi_filter
transpose_vt_filter
transpose_vulkan_filter
trim_filter
unpremultiply_filter
unsharp_filter
unsharp_opencl_filter
untile_filter
uspp_filter
v360_filter
vaguedenoiser_filter
varblur_filter
vectorscope_filter
vflip_filter
vflip_vulkan_filter
vfrdet_filter
vibrance_filter
vidstabdetect_filter
vidstabtransform_filter
vif_filter
vignette_filter
vmafmotion_filter
vpp_qsv_filter
vstack_filter
w3fdif_filter
waveform_filter
weave_filter
xbr_filter
xcorrelate_filter
xfade_filter
xfade_opencl_filter
xfade_vulkan_filter
xmedian_filter
xpsnr_filter
xstack_filter
yadif_filter
yadif_cuda_filter
yadif_videotoolbox_filter
yaepblur_filter
zmq_filter
zoompan_filter
zscale_filter
hstack_vaapi_filter
vstack_vaapi_filter
xstack_vaapi_filter
hstack_qsv_filter
vstack_qsv_filter
xstack_qsv_filter
pad_vaapi_filter
drawbox_vaapi_filter
allrgb_filter
allyuv_filter
amf_capture_filter
cellauto_filter
color_filter
color_vulkan_filter
colorchart_filter
colorspectrum_filter
coreimagesrc_filter
ddagrab_filter
frei0r_src_filter
gfxcapture_filter
gradients_filter
haldclutsrc_filter
life_filter
mandelbrot_filter
mptestsrc_filter
nullsrc_filter
openclsrc_filter
qrencodesrc_filter
pal75bars_filter
pal100bars_filter
perlin_filter
rgbtestsrc_filter
sierpinski_filter
smptebars_filter
smptehdbars_filter
testsrc_filter
testsrc2_filter
yuvtestsrc_filter
zoneplate_filter
nullsink_filter
a3dscope_filter
abitscope_filter
adrawgraph_filter
agraphmonitor_filter
ahistogram_filter
aphasemeter_filter
avectorscope_filter
concat_filter
showcqt_filter
showcwt_filter
showfreqs_filter
showspatial_filter
showspectrum_filter
showspectrumpic_filter
showvolume_filter
showwaves_filter
showwavespic_filter
spectrumsynth_filter
avsynctest_filter
amovie_filter
movie_filter'
find_rect_filter=no
find_rect_filter_deps='avcodec avformat gpl'
firequalizer_filter=no
flac_demuxer_select=flac_parser
flac_encoder_select='bswapdsp lpc'
flanger_filter=no
flashsv2_decoder_select=inflate_wrapper
flashsv2_encoder_select=deflate_wrapper
flashsv_decoder_select=inflate_wrapper
flashsv_encoder_deps=zlib
flip_vulkan_filter=no
flip_vulkan_filter_deps='vulkan spirv_library'
flite_filter=no
flite_filter_deps='libflite threads'
floodfill_filter=no
flv_decoder_select=h263_decoder
flv_encoder_select=h263_encoder
flv_muxer_select='aac_adtstoasc_bsf iso_writer'
fma3=yes
fma3_deps=avx
fma3_external_deps=avx_external
fma3_inline_deps=avx_inline
fma3_suggest='fma3_external fma3_inline'
fma4=yes
fma4_deps=avx
fma4_external_deps=avx_external
fma4_inline_deps=avx_inline
fma4_suggest='fma4_external fma4_inline'
format_filter=no
fourxm_decoder_select='blockdsp bswapdsp'
fps_filter=no
frame_thread_encoder_deps='encoders threads'
framepack_filter=no
framerate_filter=no
framerate_filter_select=scene_sad
framestep_filter=no
fraps_decoder_select='bswapdsp huffman'
freezedetect_filter=no
freezedetect_filter_select=scene_sad
freezeframes_filter=no
frei0r=no
frei0r_deps_any='libdl LoadLibrary'
frei0r_filter=no
frei0r_filter_deps=frei0r
frei0r_src_filter=no
frei0r_src_filter_deps=frei0r
fspp_filter=no
fspp_filter_deps=gpl
fsync_filter=no
fsync_filter_deps=avformat
ftp_protocol_select=tcp_protocol
ftr_decoder_select=adts_header
ftr_parser_select='adts_header mpeg4audio'
g2m_decoder_deps=zlib
g2m_decoder_select='blockdsp idctdsp jpegtables'
g723_1_decoder_select=celp_math
g723_1_encoder_select=celp_math
g729_decoder_select='audiodsp celp_math'
gblur_filter=no
gblur_vulkan_filter=no
gblur_vulkan_filter_deps='vulkan spirv_library'
gcrypt=no
gdigrab_indev=no
gdigrab_indev_deps=CreateDIBSection
gdigrab_indev_extralibs=-lgdi32
gdigrab_indev_select=bmp_decoder
geq_filter=no
gfxcapture_filter=no
gfxcapture_filter_deps='cxx17 threads d3d11va IGraphicsCaptureItemInterop __x_ABI_CWindows_CGraphics_CCapture_CIGraphicsCaptureSession3'
gfxcapture_filter_extralibs=-lstdc++
glslc_default=glslc
gmp=no
gnutls=no
gopher_protocol_select=tcp_protocol
gophers_protocol_select=tls_protocol
gpl=no
gradfun_filter=no
gradients_filter=no
graphmonitor_filter=no
grayworld_filter=no
greyedge_filter=no
gsm_ms_at_decoder_deps=audiotoolbox
guided_filter=no
gxf_muxer_select=pcm_rechunk_bsf
h261_decoder_select=mpegvideodec
h261_encoder_select=mpegvideoenc
h263_decoder_select='h263dsp mpegvideodec'
h263_encoder_select='h263dsp mpegvideoenc'
h263_v4l2m2m_decoder_deps='v4l2_m2m h263_v4l2_m2m'
h263_v4l2m2m_encoder_deps='v4l2_m2m h263_v4l2_m2m'
h263_vaapi_hwaccel_deps=vaapi
h263_vaapi_hwaccel_select=h263_decoder
h263_videotoolbox_hwaccel_deps=videotoolbox
h263_videotoolbox_hwaccel_select=h263_decoder
h263i_decoder_select=h263_decoder
h263p_decoder_select=h263_decoder
h263p_encoder_select=h263_encoder
h264_amf_decoder_deps=amf
h264_amf_encoder_deps=amf
h264_cuvid_decoder_deps=cuvid
h264_cuvid_decoder_select=h264_mp4toannexb_bsf
h264_d3d11va2_hwaccel_deps=d3d11va
h264_d3d11va2_hwaccel_select=h264_decoder
h264_d3d11va_hwaccel_deps=d3d11va
h264_d3d11va_hwaccel_select=h264_decoder
h264_d3d12va_encoder_select='cbs_h264 d3d12va_encode'
h264_d3d12va_hwaccel_deps=d3d12va
h264_d3d12va_hwaccel_select=h264_decoder
h264_decoder=yes
h264_decoder_select='cabac golomb h264chroma h264dsp h264parse h264pred h264qpel h264_sei videodsp'
h264_decoder_suggest=error_resilience
h264_dxva2_hwaccel_deps=dxva2
h264_dxva2_hwaccel_select=h264_decoder
h264_mediacodec_decoder_deps=mediacodec
h264_mediacodec_decoder_select='h264_mp4toannexb_bsf h264_parser'
h264_mediacodec_encoder_deps=mediacodec
h264_mediacodec_encoder_select='extract_extradata_bsf h264_metadata'
h264_metadata_bsf_deps=const_nan
h264_metadata_bsf_select=cbs_h264
h264_mf_encoder_deps=mediafoundation
h264_mmal_decoder_deps=mmal
h264_nvdec_hwaccel_deps=nvdec
h264_nvdec_hwaccel_select=h264_decoder
h264_nvenc_encoder_deps=nvenc
h264_nvenc_encoder_select=atsc_a53
h264_oh_decoder_deps=ohcodec
h264_oh_decoder_select=h264_mp4toannexb_bsf
h264_oh_encoder_deps=ohcodec
h264_omx_encoder_deps=omx
h264_parser_select='golomb h264dsp h264parse h264_sei'
h264_qsv_decoder_select='h264_mp4toannexb_bsf qsvdec'
h264_qsv_encoder_select='atsc_a53 qsvenc'
h264_redundant_pps_bsf_select=cbs_h264
h264_rkmpp_decoder_deps=rkmpp
h264_rkmpp_decoder_select=h264_mp4toannexb_bsf
h264_rkmpp_encoder_deps=rkmpp
h264_sei_select='atsc_a53 golomb'
h264_v4l2m2m_decoder_deps='v4l2_m2m h264_v4l2_m2m'
h264_v4l2m2m_decoder_select=h264_mp4toannexb_bsf
h264_v4l2m2m_encoder_deps='v4l2_m2m h264_v4l2_m2m'
h264_vaapi_encoder_select='atsc_a53 cbs_h264 vaapi_encode'
h264_vaapi_hwaccel_deps=vaapi
h264_vaapi_hwaccel_select=h264_decoder
h264_vdpau_hwaccel_deps=vdpau
h264_vdpau_hwaccel_select=h264_decoder
h264_videotoolbox_encoder_deps=pthreads
h264_videotoolbox_encoder_select='atsc_a53 videotoolbox_encoder'
h264_videotoolbox_hwaccel=yes
h264_videotoolbox_hwaccel_deps=videotoolbox
h264_videotoolbox_hwaccel_select=h264_decoder
h264_vulkan_encoder_select='atsc_a53 cbs_h264 vulkan_encode'
h264_vulkan_hwaccel=yes
h264_vulkan_hwaccel_deps=vulkan
h264_vulkan_hwaccel_select=h264_decoder
h264dsp_select=startcode
h264parse_select=golomb
haas_filter=no
haldclut_filter=no
haldclutsrc_filter=no
hap_decoder_select='snappy texturedsp'
hap_encoder_deps=libsnappy
hap_encoder_select=texturedspenc
hdcd_filter=no
hds_muxer_select=flv_muxer
headphone_filter=no
hevc_amf_decoder_deps=amf
hevc_amf_encoder_deps=amf
hevc_cuvid_decoder_deps=cuvid
hevc_cuvid_decoder_select=hevc_mp4toannexb_bsf
hevc_d3d11va2_hwaccel_deps='d3d11va DXVA_PicParams_HEVC'
hevc_d3d11va2_hwaccel_select=hevc_decoder
hevc_d3d11va_hwaccel_deps='d3d11va DXVA_PicParams_HEVC'
hevc_d3d11va_hwaccel_select=hevc_decoder
hevc_d3d12va_encoder_select='cbs_h265 d3d12va_encode'
hevc_d3d12va_hwaccel_deps='d3d12va DXVA_PicParams_HEVC'
hevc_d3d12va_hwaccel_select=hevc_decoder
hevc_decoder=yes
hevc_decoder_select='bswapdsp cabac dovi_rpudec golomb hevcparse hevc_sei videodsp'
hevc_dxva2_hwaccel_deps='dxva2 DXVA_PicParams_HEVC'
hevc_dxva2_hwaccel_select=hevc_decoder
hevc_mediacodec_decoder_deps=mediacodec
hevc_mediacodec_decoder_select='hevc_mp4toannexb_bsf hevc_parser'
hevc_mediacodec_encoder_deps=mediacodec
hevc_mediacodec_encoder_select='extract_extradata_bsf hevc_metadata'
hevc_metadata_bsf_select=cbs_h265
hevc_mf_encoder_deps=mediafoundation
hevc_nvdec_hwaccel_deps=nvdec
hevc_nvdec_hwaccel_select=hevc_decoder
hevc_nvenc_encoder_deps=nvenc
hevc_nvenc_encoder_select=atsc_a53
hevc_oh_decoder_deps=ohcodec
hevc_oh_decoder_select=hevc_mp4toannexb_bsf
hevc_oh_encoder_deps=ohcodec
hevc_parser_select='hevcparse hevc_sei'
hevc_qsv_decoder_select='hevc_mp4toannexb_bsf qsvdec'
hevc_qsv_encoder_select='hevcparse qsvenc'
hevc_rkmpp_decoder_deps=rkmpp
hevc_rkmpp_decoder_select=hevc_mp4toannexb_bsf
hevc_rkmpp_encoder_deps=rkmpp
hevc_sei_select='atsc_a53 golomb'
hevc_v4l2m2m_decoder_deps='v4l2_m2m hevc_v4l2_m2m'
hevc_v4l2m2m_decoder_select=hevc_mp4toannexb_bsf
hevc_v4l2m2m_encoder_deps='v4l2_m2m hevc_v4l2_m2m'
hevc_vaapi_encoder_deps=VAEncPictureParameterBufferHEVC
hevc_vaapi_encoder_select='atsc_a53 cbs_h265 vaapi_encode'
hevc_vaapi_hwaccel_deps='vaapi VAPictureParameterBufferHEVC'
hevc_vaapi_hwaccel_select=hevc_decoder
hevc_vdpau_hwaccel_deps='vdpau VdpPictureInfoHEVC'
hevc_vdpau_hwaccel_select=hevc_decoder
hevc_videotoolbox_encoder_deps=pthreads
hevc_videotoolbox_encoder_select='atsc_a53 videotoolbox_encoder'
hevc_videotoolbox_hwaccel=yes
hevc_videotoolbox_hwaccel_deps=videotoolbox
hevc_videotoolbox_hwaccel_select=hevc_decoder
hevc_vulkan_encoder_select='atsc_a53 cbs_h265 vulkan_encode'
hevc_vulkan_hwaccel=yes
hevc_vulkan_hwaccel_deps=vulkan
hevc_vulkan_hwaccel_select=hevc_decoder
hevcparse_select=golomb
hflip_filter=no
hflip_vulkan_filter=no
hflip_vulkan_filter_deps='vulkan spirv_library'
highpass_filter=no
highshelf_filter=no
hilbert_filter=no
histeq_filter=no
histeq_filter_deps=gpl
histogram_filter=no
hls_demuxer_select='aac_demuxer ac3_demuxer adts_header ac3_parser eac3_demuxer mov_demuxer mpegts_demuxer'
hls_muxer_select='mov_muxer mpegts_muxer webvtt_muxer'
host_cc_default=gcc
host_cflags_filter=echo
host_extralibs=-lm
host_ldflags_filter=echo
host_os=darwin
hqdn3d_filter=no
hqdn3d_filter_deps=gpl
hqx_filter=no
hstack_filter=no
hstack_qsv_filter=no
hstack_qsv_filter_deps=libmfx
hstack_qsv_filter_select=qsvvpp
hstack_vaapi_filter=no
hstack_vaapi_filter_deps=vaapi_1
hsvhold_filter=no
hsvkey_filter=no
htmlpages=yes
htmlpages_deps=perl
htmlpages_deps_any='makeinfo_html texi2html'
http_protocol_select=tcp_protocol
http_protocol_suggest=zlib
httpproxy_protocol_select=tcp_protocol
httpproxy_protocol_suggest=zlib
https_protocol_select=tls_protocol
https_protocol_suggest=zlib
hue_filter=no
huesaturation_filter=no
huffyuv_decoder_select='bswapdsp huffyuvdsp llviddsp'
huffyuv_encoder_select='bswapdsp huffman huffyuvencdsp llvidencdsp'
hw_decode_example=yes
hw_decode_example_deps='avcodec avformat avutil'
hwaccels_if_any='av1_d3d11va_hwaccel
av1_d3d11va2_hwaccel
av1_d3d12va_hwaccel
av1_dxva2_hwaccel
av1_nvdec_hwaccel
av1_vaapi_hwaccel
av1_vdpau_hwaccel
av1_videotoolbox_hwaccel
av1_vulkan_hwaccel
dpx_vulkan_hwaccel
ffv1_vulkan_hwaccel
h263_vaapi_hwaccel
h263_videotoolbox_hwaccel
h264_d3d11va_hwaccel
h264_d3d11va2_hwaccel
h264_d3d12va_hwaccel
h264_dxva2_hwaccel
h264_nvdec_hwaccel
h264_vaapi_hwaccel
h264_vdpau_hwaccel
h264_videotoolbox_hwaccel
h264_vulkan_hwaccel
hevc_d3d11va_hwaccel
hevc_d3d11va2_hwaccel
hevc_d3d12va_hwaccel
hevc_dxva2_hwaccel
hevc_nvdec_hwaccel
hevc_vaapi_hwaccel
hevc_vdpau_hwaccel
hevc_videotoolbox_hwaccel
hevc_vulkan_hwaccel
mjpeg_nvdec_hwaccel
mjpeg_vaapi_hwaccel
mpeg1_nvdec_hwaccel
mpeg1_vdpau_hwaccel
mpeg1_videotoolbox_hwaccel
mpeg2_d3d11va_hwaccel
mpeg2_d3d11va2_hwaccel
mpeg2_d3d12va_hwaccel
mpeg2_dxva2_hwaccel
mpeg2_nvdec_hwaccel
mpeg2_vaapi_hwaccel
mpeg2_vdpau_hwaccel
mpeg2_videotoolbox_hwaccel
mpeg4_nvdec_hwaccel
mpeg4_vaapi_hwaccel
mpeg4_vdpau_hwaccel
mpeg4_videotoolbox_hwaccel
prores_videotoolbox_hwaccel
prores_vulkan_hwaccel
prores_raw_vulkan_hwaccel
vc1_d3d11va_hwaccel
vc1_d3d11va2_hwaccel
vc1_d3d12va_hwaccel
vc1_dxva2_hwaccel
vc1_nvdec_hwaccel
vc1_vaapi_hwaccel
vc1_vdpau_hwaccel
vp8_nvdec_hwaccel
vp8_vaapi_hwaccel
vp9_d3d11va_hwaccel
vp9_d3d11va2_hwaccel
vp9_d3d12va_hwaccel
vp9_dxva2_hwaccel
vp9_nvdec_hwaccel
vp9_vaapi_hwaccel
vp9_vdpau_hwaccel
vp9_videotoolbox_hwaccel
vp9_vulkan_hwaccel
vvc_vaapi_hwaccel
wmv3_d3d11va_hwaccel
wmv3_d3d11va2_hwaccel
wmv3_d3d12va_hwaccel
wmv3_dxva2_hwaccel
wmv3_nvdec_hwaccel
wmv3_vaapi_hwaccel
wmv3_vdpau_hwaccel'
hwdownload_filter=no
hwmap_filter=no
hwupload_cuda_filter=no
hwupload_cuda_filter_deps=ffnvcodec
hwupload_filter=no
hxvs_demuxer_select='h264_parser hevc_parser'
hymt_decoder_select=huffyuv_decoder
hysteresis_filter=no
i686=yes
i686_deps=x86
i8mm=yes
i8mm_deps='aarch64 neon'
i8mm_inline_deps=inline_asm
iac_decoder_select=imc_decoder
iamf=yes
iamf_demuxer_select=iamfdec
iamf_muxer_select=iamfenc
iamfdec_deps=iamf
iamfdec_select='iso_media mpeg4audio'
iamfenc_deps=iamf
iccdetect_filter=no
iccdetect_filter_deps=lcms2
iccgen_filter=no
iccgen_filter_deps=lcms2
icecast_protocol_select=http_protocol
iconv=no
identity_filter=no
identity_filter_select=scene_sad
idet_filter=no
iec61883_indev=no
iec61883_indev_deps=libiec61883
iec61883_indev_select=dv_demuxer
il_filter=no
ilbc_at_decoder_deps=audiotoolbox
ilbc_at_encoder_deps=audiotoolbox
ilbc_at_encoder_select=audio_frame_queue
image2_alias_pix_demuxer_select=image2_demuxer
image2_brender_pix_demuxer_select=image2_demuxer
imc_decoder_select='bswapdsp sinewin'
imf_demuxer_deps=libxml2
imf_demuxer_select=mxf_demuxer
imm4_decoder_select='bswapdsp idctdsp'
imm5_decoder_select='h264_decoder hevc_decoder'
incdir_default='${prefix}/include'
indeo3_decoder_select=hpeldsp
indeo4_decoder_select=ividsp
indeo5_decoder_select=ividsp
indevs_if_any='alsa_indev
android_camera_indev
avfoundation_indev
decklink_indev
dshow_indev
fbdev_indev
gdigrab_indev
iec61883_indev
jack_indev
kmsgrab_indev
lavfi_indev
openal_indev
oss_indev
pulse_indev
sndio_indev
v4l2_indev
vfwcap_indev
xcbgrab_indev
libcdio_indev
libdc1394_indev'
inflate_filter=no
inflate_wrapper_deps=zlib
install=install
interlace_filter=no
interlace_filter_deps=gpl
interlace_vulkan_filter=no
interlace_vulkan_filter_deps='vulkan spirv_library'
interleave_filter=no
interplay_video_decoder_select=hpeldsp
intrax8_select='blockdsp wmv2dsp'
intrinsics=none
intrinsics_neon_deps=neon
intrinsics_sse2_deps=sse2
ipfs_gateway_protocol_select=https_protocol
ipns_gateway_protocol_select=https_protocol
ipod_muxer_select=mov_muxer
ipu_decoder_select=mpegvideodec
ismv_muxer_select=mov_muxer
iso_media_select=mpeg4audio
iso_writer_select=golomb
ivf_muxer_select='av1_metadata_bsf vp9_superframe_bsf'
jack_indev=no
jack_indev_deps=libjack
jack_indev_deps_any='sem_timedwait dispatch_dispatch_h'
jni=no
join_filter=no
jpegls_decoder_select=mjpeg_decoder
jv_decoder_select=blockdsp
kerndeint_filter=no
kerndeint_filter_deps=gpl
kirsch_filter=no
kmsgrab_indev=no
kmsgrab_indev_deps=libdrm
l=--extra-ldflags=
ladspa=no
ladspa_filter=no
ladspa_filter_deps='ladspa libdl'
lagarith_decoder_select=llviddsp
lagfun_filter=no
large_tests=yes
lasx=yes
lasx_deps=lsx
latency_filter=no
latm_muxer_select='aac_adtstoasc_bsf mpeg4audio'
lavfi_indev=no
lavfi_indev_deps=avfilter
lcevc_filter=no
lcevc_filter_deps=liblcevc_dec
lcevc_metadata_bsf_select=cbs_lcevc
lcms2=no
ldbrx=yes
ldbrx_deps=ppc
ldflags_filter=echo
lead_decoder_select='blockdsp idctdsp jpegtables'
lenscorrection_filter=no
lensfun_filter=no
lensfun_filter_deps='liblensfun version3'
lib=w32threads
libamqp_protocol_deps=librabbitmq
libamqp_protocol_select=network
libaom=no
libaom_av1_decoder_deps=libaom
libaom_av1_encoder_deps=libaom
libaom_av1_encoder_select='extract_extradata_bsf dovi_rpuenc'
libaribb24=no
libaribb24_decoder_deps=libaribb24
libaribcaption=no
libaribcaption_decoder_deps=libaribcaption
libass=no
libbluray=no
libbs2b=no
libcaca=no
libcdio=no
libcdio_indev=no
libcdio_indev_deps=libcdio
libcelt=no
libcelt_decoder_deps=libcelt
libcodec2=no
libcodec2_decoder_deps=libcodec2
libcodec2_encoder_deps=libcodec2
libdav1d=no
libdav1d_decoder_deps=libdav1d
libdav1d_decoder_select='atsc_a53 dovi_rpudec'
libdavs2=no
libdavs2_decoder_deps=libdavs2
libdavs2_decoder_select=avs2_parser
libdc1394=no
libdc1394_indev=no
libdc1394_indev_deps=libdc1394
libdir_default='${prefix}/lib'
libdrm=yes
libdvdnav=no
libdvdread=no
libfdk_aac=no
libfdk_aac_decoder_deps=libfdk_aac
libfdk_aac_encoder_deps=libfdk_aac
libfdk_aac_encoder_select=audio_frame_queue
libflite=no
libfontconfig=no
libfreetype=no
libfribidi=no
libglslang=no
libgme=no
libgme_demuxer_deps=libgme
libgsm=no
libgsm_decoder_deps=libgsm
libgsm_encoder_deps=libgsm
libgsm_ms_decoder_deps=libgsm
libgsm_ms_encoder_deps=libgsm
libharfbuzz=no
libiec61883=no
libilbc=no
libilbc_decoder_deps=libilbc
libilbc_encoder_deps=libilbc
libjack=no
libjxl=no
libjxl_anim_decoder_deps='libjxl libjxl_threads'
libjxl_anim_encoder_deps='libjxl libjxl_threads'
libjxl_decoder_deps='libjxl libjxl_threads'
libjxl_encoder_deps='libjxl libjxl_threads'
libklvanc=no
libkvazaar=no
libkvazaar_encoder_deps=libkvazaar
liblc3=no
liblc3_decoder_deps=liblc3
liblc3_encoder_deps=liblc3
liblc3_encoder_select=audio_frame_queue
liblcevc_dec=no
liblensfun=no
libmfx=no
libmodplug=no
libmodplug_demuxer_deps=libmodplug
libmp3lame=no
libmp3lame_encoder_deps=libmp3lame
libmp3lame_encoder_select='audio_frame_queue mpegaudioheader'
libmpeghdec=no
libmpeghdec_decoder_deps=libmpeghdec
libmysofa=no
libnpp=no
liboapv=no
liboapv_encoder_deps=liboapv
libopencolorio=no
libopencolorio_filter_deps=libopencolorio
libopencore_amrnb=no
libopencore_amrnb_decoder_deps=libopencore_amrnb
libopencore_amrnb_encoder_deps=libopencore_amrnb
libopencore_amrnb_encoder_select=audio_frame_queue
libopencore_amrwb=no
libopencore_amrwb_decoder_deps=libopencore_amrwb
libopencv=no
libopenh264=no
libopenh264_decoder_deps=libopenh264
libopenh264_decoder_select=h264_mp4toannexb_bsf
libopenh264_encoder_deps=libopenh264
libopenjpeg=no
libopenjpeg_encoder_deps=libopenjpeg
libopenmpt=no
libopenmpt_demuxer_deps=libopenmpt
libopenvino=no
libopus=no
libopus_decoder_deps=libopus
libopus_encoder_deps=libopus
libopus_encoder_select=audio_frame_queue
libplacebo=no
libplacebo_filter=no
libplacebo_filter_deps='libplacebo vulkan'
libpulse=no
libqrencode=no
libquirc=no
librabbitmq=no
librav1e=no
librav1e_encoder_deps=librav1e
librist=no
librist_protocol_deps=librist
librist_protocol_select=network
librsvg=no
librsvg_decoder_deps=librsvg
librtmp=no
librtmp_protocol_deps=librtmp
librtmpe_protocol_deps=librtmp
librtmps_protocol_deps=librtmp
librtmpt_protocol_deps=librtmp
librtmpte_protocol_deps=librtmp
librubberband=no
libshaderc=no
libshine=no
libshine_encoder_deps=libshine
libshine_encoder_select='audio_frame_queue mpegaudioheader'
libsmbclient=no
libsmbclient_protocol_deps='libsmbclient gplv3'
libsnappy=no
libsoxr=no
libspeex=no
libspeex_decoder_deps=libspeex
libspeex_encoder_deps=libspeex
libspeex_encoder_select=audio_frame_queue
libsrt=no
libsrt_protocol_deps=libsrt
libsrt_protocol_select=network
libssh=no
libssh_protocol_deps=libssh
libsvtav1=no
libsvtav1_encoder_deps=libsvtav1
libsvtav1_encoder_select=dovi_rpuenc
libsvtjpegxs=no
libsvtjpegxs_decoder_deps=libsvtjpegxs
libsvtjpegxs_encoder_deps=libsvtjpegxs
libtensorflow=no
libtesseract=no
libtheora=no
libtheora_encoder_deps=libtheora
libtls=no
libtls_conflict='openssl gnutls mbedtls'
libtorch=no
libtwolame=no
libtwolame_encoder_deps=libtwolame
libuavs3d=no
libuavs3d_decoder_deps=libuavs3d
libv4l2=no
libvidstab=no
libvmaf=no
libvmaf_cuda_filter=no
libvmaf_cuda_filter_deps='libvmaf libvmaf_cuda ffnvcodec'
libvmaf_filter=no
libvmaf_filter_deps=libvmaf
libvo_amrwbenc=no
libvo_amrwbenc_encoder_deps=libvo_amrwbenc
libvorbis=no
libvorbis_decoder_deps=libvorbis
libvorbis_encoder_deps='libvorbis libvorbisenc'
libvorbis_encoder_select=audio_frame_queue
libvpl=no
libvpx=no
libvpx_vp8_decoder_deps=libvpx
libvpx_vp8_encoder_deps=libvpx
libvpx_vp9_decoder_deps=libvpx
libvpx_vp9_encoder_deps=libvpx
libvvenc=no
libvvenc_encoder_deps=libvvenc
libwebp=no
libwebp_anim_encoder_deps=libwebp
libwebp_encoder_deps=libwebp
libx262_encoder_deps=libx262
libx264=no
libx264_encoder_deps=libx264
libx264_encoder_select='atsc_a53 golomb'
libx264rgb_encoder_deps=libx264
libx264rgb_encoder_select=libx264_encoder
libx265=no
libx265_encoder_deps=libx265
libx265_encoder_select='atsc_a53 dovi_rpuenc'
libxavs=no
libxavs2=no
libxavs2_encoder_deps=libxavs2
libxavs_encoder_deps=libxavs
libxcb=yes
libxcb_shape=yes
libxcb_shm=yes
libxcb_xfixes=yes
libxevd=no
libxevd_decoder_deps_any='libxevd libxevdb'
libxevdb=no
libxeve=no
libxeve_encoder_deps_any='libxeve libxeveb'
libxeveb=no
libxml2=no
libxvid=no
libxvid_encoder_deps=libxvid
libzimg=no
libzmq=no
libzmq_protocol_deps=libzmq
libzmq_protocol_select=network
libzvbi=no
libzvbi_teletext_decoder_deps=libzvbi
license='LGPL version 2.1 or later'
life_filter=no
limitdiff_filter=no
limiter_filter=no
linux_perf_deps=linux_perf_event_h
list='hevc_videotoolbox_hwaccel '
ljpeg_encoder_select=jpegtables
ln_s_default='ln -s -f'
logfile=ffbuild/config.log
loongson2=yes
loongson2_deps=mips
loongson3=yes
loongson3_deps=mips
loop_filter=no
loudnorm_filter=no
lowpass_filter=no
lowshelf_filter=no
lscr_decoder_select=inflate_wrapper
lsx=yes
lsx_deps=loongarch
lumakey_filter=no
lut1d_filter=no
lut2_filter=no
lut3d_filter=no
lut_filter=no
lutrgb_filter=no
lutyuv_filter=no
lv2=no
lv2_filter=no
lv2_filter_deps=lv2
lzma=yes
m='disable_components $v'
magicyuv_decoder_select=llviddsp
magicyuv_encoder_select=llvidencdsp
mandelbrot_filter=no
mandir_default='${prefix}/share/man'
manpages=yes
manpages_deps='perl pod2man'
maskedclamp_filter=no
maskedmax_filter=no
maskedmerge_filter=no
maskedmin_filter=no
maskedthreshold_filter=no
maskfun_filter=no
matroska_audio_muxer_select=matroska_muxer
matroska_demuxer_select=riffdec
matroska_demuxer_suggest='bzlib zlib'
matroska_muxer_select='iso_writer mpeg4audio riffenc aac_adtstoasc_bsf pgs_frame_merge_bsf vp9_superframe_bsf'
mbedtls=no
mcc_demuxer_select=smpte_436m
mcc_muxer_select=smpte_436m
mcc_muxer_suggest=eia608_to_smpte436m_bsf
mcdeint_filter=no
mcdeint_filter_deps='avcodec gpl'
mcompand_filter=no
mdec_decoder_select='blockdsp bswapdsp idctdsp'
me_cmp_select=idctdsp
media100_decoder_select='media100_to_mjpegb_bsf mjpegb_decoder'
mediacodec=no
mediacodec_deps='android mediandk pthreads'
mediafoundation=yes
mediafoundation_deps='mftransform_h MFCreateAlignedMemoryBuffer'
median_filter=no
mergeplanes_filter=no
mestimate_d3d12_filter=no
mestimate_d3d12_filter_deps='d3d12va ID3D12VideoMotionEstimator d3d12_motion_estimator'
mestimate_filter=no
metadata_filter=no
metadata_filter_deps=avformat
metal=yes
metalcc_default='xcrun -sdk macosx metal'
metallib_default='xcrun -sdk macosx metallib'
metasound_decoder_select='lsp sinewin'
midequalizer_filter=no
mimic_decoder_select='blockdsp bswapdsp hpeldsp idctdsp'
minterpolate_filter=no
minterpolate_filter_select=scene_sad
mips32r2=yes
mips32r2_deps=mips
mips32r5=yes
mips32r5_deps=mips
mips32r6=yes
mips32r6_deps=mips
mips64r2=yes
mips64r2_deps=mips
mips64r6=yes
mips64r6_deps=mips
mipsdsp=yes
mipsdsp_deps=mips
mipsdspr2=yes
mipsdspr2_deps=mips
mipsfpu=yes
mipsfpu_deps=mips
mix_filter=no
mjpeg2jpeg_bsf_select=jpegtables
mjpeg_cuvid_decoder_deps=cuvid
mjpeg_decoder_select='blockdsp idctdsp jpegtables'
mjpeg_encoder_select='jpegtables mpegvideoenc'
mjpeg_nvdec_hwaccel_deps=nvdec
mjpeg_nvdec_hwaccel_select=mjpeg_decoder
mjpeg_qsv_decoder_select=qsvdec
mjpeg_qsv_encoder_deps=libmfx
mjpeg_qsv_encoder_select=qsvenc
mjpeg_vaapi_encoder_deps=VAEncPictureParameterBufferJPEG
mjpeg_vaapi_encoder_select='cbs_jpeg jpegtables vaapi_encode'
mjpeg_vaapi_hwaccel_deps=vaapi
mjpeg_vaapi_hwaccel_select=mjpeg_decoder
mjpegb_decoder_select='hpeldsp mjpeg_decoder'
mlp_decoder_select=mlp_parser
mlp_demuxer_select=mlp_parser
mlp_encoder_select='lpc audio_frame_queue'
mmal=no
mmf_muxer_select=riffenc
mmi=yes
mmi_deps_any='loongson2 loongson3'
mmsh_protocol_select=http_protocol
mmst_protocol_select=network
mmx=yes
mmx_deps=x86
mmx_external_deps=x86asm
mmx_inline_deps='inline_asm x86'
mmx_suggest='mmx_external mmx_inline'
mmxext=yes
mmxext_deps=mmx
mmxext_external_deps=mmx_external
mmxext_inline_deps=mmx_inline
mmxext_suggest='mmxext_external mmxext_inline'
mobiclip_decoder_select='bswapdsp golomb'
monochrome_filter=no
morpho_filter=no
motionpixels_decoder_select=bswapdsp
mov_demuxer_select='iso_media riffdec'
mov_demuxer_suggest='iamfdec zlib'
mov_muxer_select='iso_media iso_writer riffenc rtpenc_chain vp9_superframe_bsf aac_adtstoasc_bsf ac3_parser'
mov_muxer_suggest=iamfenc
movie_filter=no
movie_filter_deps='avcodec avformat'
mp1_at_decoder_deps=audiotoolbox
mp1_at_decoder_select=mpegaudioheader
mp1_decoder_select=mpegaudio
mp1float_decoder_select=mpegaudio
mp2_at_decoder_deps=audiotoolbox
mp2_at_decoder_select=mpegaudioheader
mp2_decoder_select=mpegaudio
mp2float_decoder_select=mpegaudio
mp3_at_decoder_deps=audiotoolbox
mp3_at_decoder_select=mpegaudioheader
mp3_decoder_select=mpegaudio
mp3_demuxer_select=mpegaudio_parser
mp3_mediacodec_decoder_deps=mediacodec
mp3_mediacodec_decoder_select=mpegaudioheader
mp3_mf_encoder_deps=mediafoundation
mp3_muxer_select=mpegaudioheader
mp3adu_decoder_select=mpegaudio
mp3adufloat_decoder_select=mpegaudio
mp3float_decoder_select=mpegaudio
mp3on4_decoder_select='mpegaudio mpeg4audio'
mp3on4float_decoder_select='mpegaudio mpeg4audio'
mp4_muxer_select=mov_muxer
mpc7_decoder_select='bswapdsp mpegaudiodsp'
mpc8_decoder_select=mpegaudiodsp
mpdecimate_filter=no
mpdecimate_filter_deps=gpl
mpdecimate_filter_select=pixelutils
mpeg1_cuvid_decoder_deps=cuvid
mpeg1_nvdec_hwaccel_deps=nvdec
mpeg1_nvdec_hwaccel_select=mpeg1video_decoder
mpeg1_v4l2m2m_decoder_deps='v4l2_m2m mpeg1_v4l2_m2m'
mpeg1_vdpau_hwaccel_deps=vdpau
mpeg1_vdpau_hwaccel_select=mpeg1video_decoder
mpeg1_videotoolbox_hwaccel_deps=videotoolbox
mpeg1_videotoolbox_hwaccel_select=mpeg1video_decoder
mpeg1video_decoder_select=mpegvideodec
mpeg1video_encoder_select=mpegvideoenc
mpeg2_cuvid_decoder_deps=cuvid
mpeg2_d3d11va2_hwaccel_deps=d3d11va
mpeg2_d3d11va2_hwaccel_select=mpeg2video_decoder
mpeg2_d3d11va_hwaccel_deps=d3d11va
mpeg2_d3d11va_hwaccel_select=mpeg2video_decoder
mpeg2_d3d12va_hwaccel_deps=d3d12va
mpeg2_d3d12va_hwaccel_select=mpeg2video_decoder
mpeg2_dxva2_hwaccel_deps=dxva2
mpeg2_dxva2_hwaccel_select=mpeg2video_decoder
mpeg2_mediacodec_decoder_deps=mediacodec
mpeg2_metadata_bsf_select=cbs_mpeg2
mpeg2_mmal_decoder_deps=mmal
mpeg2_nvdec_hwaccel_deps=nvdec
mpeg2_nvdec_hwaccel_select=mpeg2video_decoder
mpeg2_qsv_decoder_select=qsvdec
mpeg2_qsv_encoder_select=qsvenc
mpeg2_v4l2m2m_decoder_deps='v4l2_m2m mpeg2_v4l2_m2m'
mpeg2_vaapi_encoder_select='cbs_mpeg2 vaapi_encode'
mpeg2_vaapi_hwaccel_deps=vaapi
mpeg2_vaapi_hwaccel_select=mpeg2video_decoder
mpeg2_vdpau_hwaccel_deps=vdpau
mpeg2_vdpau_hwaccel_select=mpeg2video_decoder
mpeg2_videotoolbox_hwaccel_deps=videotoolbox
mpeg2_videotoolbox_hwaccel_select=mpeg2video_decoder
mpeg2video_decoder_select=mpegvideodec
mpeg2video_encoder_select=mpegvideoenc
mpeg4_cuvid_decoder_deps=cuvid
mpeg4_decoder_select='h263_decoder qpeldsp'
mpeg4_encoder_select='h263_encoder qpeldsp'
mpeg4_mediacodec_decoder_deps=mediacodec
mpeg4_mediacodec_encoder_deps=mediacodec
mpeg4_mediacodec_encoder_select=extract_extradata_bsf
mpeg4_mmal_decoder_deps=mmal
mpeg4_nvdec_hwaccel_deps=nvdec
mpeg4_nvdec_hwaccel_select=mpeg4_decoder
mpeg4_omx_encoder_deps=omx
mpeg4_v4l2m2m_decoder_deps='v4l2_m2m mpeg4_v4l2_m2m'
mpeg4_v4l2m2m_encoder_deps='v4l2_m2m mpeg4_v4l2_m2m'
mpeg4_vaapi_hwaccel_deps=vaapi
mpeg4_vaapi_hwaccel_select=mpeg4_decoder
mpeg4_vdpau_hwaccel_deps=vdpau
mpeg4_vdpau_hwaccel_select=mpeg4_decoder
mpeg4_videotoolbox_hwaccel_deps=videotoolbox
mpeg4_videotoolbox_hwaccel_select=mpeg4_decoder
mpeg4video_parser_select=mpegvideodec
mpeg_er_select=error_resilience
mpegaudio_parser_select=mpegaudioheader
mpegaudio_select='mpegaudiodsp mpegaudioheader'
mpegts_demuxer_select=iso_media
mpegts_muxer_select='ac3_parser adts_muxer latm_muxer h264_mp4toannexb_bsf hevc_mp4toannexb_bsf vvc_mp4toannexb_bsf'
mpegtsraw_demuxer_select=mpegts_demuxer
mpegvideo_decoder_select=mpegvideodec
mpegvideo_select='blockdsp hpeldsp idctdsp videodsp'
mpegvideodec_select='h264chroma mpegvideo mpeg_er'
mpegvideoenc_select='aandcttables fdctdsp me_cmp mpegvideo mpegvideoencdsp pixblockdsp'
mptestsrc_filter=no
mptestsrc_filter_deps=gpl
msa=yes
msa1_decoder_select=mss34dsp
msa_deps=mipsfpu
msad_filter=no
msad_filter_select=scene_sad
mscc_decoder_select=inflate_wrapper
msmpeg4dec_select=h263_decoder
msmpeg4enc_select=h263_encoder
msmpeg4v1_decoder_select=msmpeg4dec
msmpeg4v2_decoder_select=msmpeg4dec
msmpeg4v2_encoder_select=msmpeg4enc
msmpeg4v3_decoder_select=msmpeg4dec
msmpeg4v3_encoder_select=msmpeg4enc
mss2_decoder_select='mpegvideodec vc1_decoder'
mts2_decoder_select='jpegtables mss34dsp'
multiply_filter=no
mux_example=yes
mux_example_deps='avcodec avformat avutil swscale'
muxers_if_any='a64_muxer
ac3_muxer
ac4_muxer
adts_muxer
adx_muxer
aea_muxer
aiff_muxer
alp_muxer
amr_muxer
amv_muxer
apm_muxer
apng_muxer
aptx_muxer
aptx_hd_muxer
apv_muxer
argo_asf_muxer
argo_cvg_muxer
asf_muxer
ass_muxer
ast_muxer
asf_stream_muxer
au_muxer
avi_muxer
avif_muxer
avm2_muxer
avs2_muxer
avs3_muxer
bit_muxer
caf_muxer
cavsvideo_muxer
codec2_muxer
codec2raw_muxer
crc_muxer
dash_muxer
data_muxer
daud_muxer
dfpwm_muxer
dirac_muxer
dnxhd_muxer
dts_muxer
dv_muxer
eac3_muxer
evc_muxer
f4v_muxer
ffmetadata_muxer
fifo_muxer
filmstrip_muxer
fits_muxer
flac_muxer
flv_muxer
framecrc_muxer
framehash_muxer
framemd5_muxer
g722_muxer
g723_1_muxer
g726_muxer
g726le_muxer
gif_muxer
gsm_muxer
gxf_muxer
h261_muxer
h263_muxer
h264_muxer
hash_muxer
hds_muxer
hevc_muxer
hls_muxer
iamf_muxer
ico_muxer
ilbc_muxer
image2_muxer
image2pipe_muxer
ipod_muxer
ircam_muxer
ismv_muxer
ivf_muxer
jacosub_muxer
kvag_muxer
latm_muxer
lc3_muxer
lrc_muxer
m4v_muxer
mcc_muxer
md5_muxer
matroska_muxer
matroska_audio_muxer
microdvd_muxer
mjpeg_muxer
mlp_muxer
mmf_muxer
mov_muxer
mp2_muxer
mp3_muxer
mp4_muxer
mpeg1system_muxer
mpeg1vcd_muxer
mpeg1video_muxer
mpeg2dvd_muxer
mpeg2svcd_muxer
mpeg2video_muxer
mpeg2vob_muxer
mpegts_muxer
mpjpeg_muxer
mxf_muxer
mxf_d10_muxer
mxf_opatom_muxer
null_muxer
nut_muxer
obu_muxer
oga_muxer
ogg_muxer
ogv_muxer
oma_muxer
opus_muxer
pcm_alaw_muxer
pcm_mulaw_muxer
pcm_vidc_muxer
pcm_f64be_muxer
pcm_f64le_muxer
pcm_f32be_muxer
pcm_f32le_muxer
pcm_s32be_muxer
pcm_s32le_muxer
pcm_s24be_muxer
pcm_s24le_muxer
pcm_s16be_muxer
pcm_s16le_muxer
pcm_s8_muxer
pcm_u32be_muxer
pcm_u32le_muxer
pcm_u24be_muxer
pcm_u24le_muxer
pcm_u16be_muxer
pcm_u16le_muxer
pcm_u8_muxer
psp_muxer
rawvideo_muxer
rcwt_muxer
rm_muxer
roq_muxer
rso_muxer
rtp_muxer
rtp_mpegts_muxer
rtsp_muxer
sap_muxer
sbc_muxer
scc_muxer
segafilm_muxer
segment_muxer
stream_segment_muxer
smjpeg_muxer
smoothstreaming_muxer
sox_muxer
spx_muxer
spdif_muxer
srt_muxer
streamhash_muxer
sup_muxer
swf_muxer
tee_muxer
tg2_muxer
tgp_muxer
mkvtimestamp_v2_muxer
truehd_muxer
tta_muxer
ttml_muxer
uncodedframecrc_muxer
vc1_muxer
vc1t_muxer
voc_muxer
vvc_muxer
w64_muxer
wav_muxer
webm_muxer
webm_dash_manifest_muxer
webm_chunk_muxer
webp_muxer
webvtt_muxer
whip_muxer
wsaud_muxer
wtv_muxer
wv_muxer
yuv4mpegpipe_muxer
chromaprint_muxer'
mv30_decoder_select='aandcttables blockdsp'
mvha_decoder_select='inflate_wrapper llviddsp'
mwsc_decoder_select=inflate_wrapper
mxf_d10_muxer_select=mxf_muxer
mxf_muxer_select='iso_writer pcm_rechunk_bsf rangecoder'
mxf_muxer_suggest=eia608_to_smpte436m_bsf
mxf_opatom_muxer_select=mxf_muxer
mxpeg_decoder_select='hpeldsp mjpeg_decoder'
n=protocols
name=hevc_videotoolbox_hwaccel
ncols=72
negate_filter=no
negate_filter_deps=lut_filter
nellymoser_decoder_select=sinewin
nellymoser_encoder_select='audio_frame_queue sinewin'
neon=yes
neon_deps_any='aarch64 arm'
neon_inline_deps=inline_asm
nlmeans_filter=no
nlmeans_opencl_filter=no
nlmeans_opencl_filter_deps=opencl
nlmeans_vulkan_filter=no
nlmeans_vulkan_filter_deps='vulkan spirv_library'
nm_default='nm -g'
nnedi_filter=no
nnedi_filter_deps=gpl
noformat_filter=no
noise_filter=no
normalize_filter=no
notchlc_decoder_select=lzf
null_filter=no
nullsink_filter=no
nullsrc_filter=no
nut_muxer_select=riffenc
nuv_decoder_select=idctdsp
nuv_demuxer_select=riffdec
nvdec=yes
nvdec_deps=ffnvcodec
nvenc=yes
nvenc_deps=ffnvcodec
nvenc_deps_any='libdl LoadLibrary'
objcflags_filter=echo
objformat=elf32
obu_demuxer_select='av1_frame_merge_bsf av1_parser'
obu_muxer_select=av1_metadata_bsf
ocio_filter=no
ocio_filter_deps=libopencolorio
ocr_filter=no
ocr_filter_deps=libtesseract
ocv_filter=no
ocv_filter_deps=libopencv
oga_muxer_select=ogg_muxer
ogg_demuxer_select=dirac_parse
ogv_muxer_select=ogg_muxer
ohcodec=no
omx=no
omx_deps='libdl pthreads'
omx_rpi_select=omx
op==
openal=no
openal_indev=no
openal_indev_deps=openal
opencl=no
openclsrc_filter=no
openclsrc_filter_deps=opencl
opengl=no
openssl=no
opt=libxeve
optimizations=yes
option=videotoolbox
optname=extra_cflags
optval='-arch x86_64 -mmacosx-version-min=11.0'
opus_decoder_deps=swresample
opus_encoder_select=audio_frame_queue
opus_muxer_select=ogg_muxer
oscilloscope_filter=no
oss_indev=no
oss_indev_deps_any=sys_soundcard_h
oss_outdev=no
oss_outdev_deps_any=sys_soundcard_h
outdevs_if_any='alsa_outdev
audiotoolbox_outdev
caca_outdev
decklink_outdev
fbdev_outdev
oss_outdev
pulse_outdev
sndio_outdev
v4l2_outdev
xv_outdev'
overlay_cuda_filter=no
overlay_cuda_filter_deps=ffnvcodec
overlay_cuda_filter_deps_any='cuda_nvcc cuda_llvm'
overlay_filter=no
overlay_opencl_filter=no
overlay_opencl_filter_deps=opencl
overlay_qsv_filter=no
overlay_qsv_filter_deps=libmfx
overlay_qsv_filter_select=qsvvpp
overlay_vaapi_filter=no
overlay_vaapi_filter_deps='vaapi VAProcPipelineCaps_blend_flags'
overlay_vulkan_filter=no
overlay_vulkan_filter_deps='vulkan spirv_library'
owdenoise_filter=no
owdenoise_filter_deps=gpl
pad_cuda_filter=no
pad_cuda_filter_deps=ffnvcodec
pad_cuda_filter_deps_any='cuda_nvcc cuda_llvm'
pad_filter=no
pad_opencl_filter=no
pad_opencl_filter_deps=opencl
pad_vaapi_filter=no
pad_vaapi_filter_deps=vaapi_1
pal100bars_filter=no
pal75bars_filter=no
palettegen_filter=no
paletteuse_filter=no
pan_filter=no
pan_filter_deps=swresample
parsers_if_any='aac_parser
aac_latm_parser
ac3_parser
adx_parser
ahx_parser
amr_parser
apv_parser
av1_parser
avs2_parser
avs3_parser
bmp_parser
cavsvideo_parser
cook_parser
cri_parser
dca_parser
dirac_parser
dnxhd_parser
dnxuc_parser
dolby_e_parser
dpx_parser
dvaudio_parser
dvbsub_parser
dvdsub_parser
dvd_nav_parser
evc_parser
flac_parser
ftr_parser
ffv1_parser
g723_1_parser
g729_parser
gif_parser
gsm_parser
h261_parser
h263_parser
h264_parser
hevc_parser
hdr_parser
ipu_parser
jpeg2000_parser
jpegxl_parser
jpegxs_parser
lcevc_parser
misc4_parser
mjpeg_parser
mlp_parser
mpeg4video_parser
mpegaudio_parser
mpegvideo_parser
opus_parser
prores_parser
png_parser
pnm_parser
prores_raw_parser
qoi_parser
rv34_parser
sbc_parser
sipr_parser
tak_parser
vc1_parser
vorbis_parser
vp3_parser
vp8_parser
vp9_parser
vvc_parser
webp_parser
xbm_parser
xma_parser
xwd_parser'
pcm_alaw_at_decoder_deps=audiotoolbox
pcm_alaw_at_encoder_deps=audiotoolbox
pcm_alaw_at_encoder_select=audio_frame_queue
pcm_mulaw_at_decoder_deps=audiotoolbox
pcm_mulaw_at_encoder_deps=audiotoolbox
pcm_mulaw_at_encoder_select=audio_frame_queue
pdv_decoder_select=inflate_wrapper
perlin_filter=no
perms_filter=no
perspective_filter=no
perspective_filter_deps=gpl
phase_filter=no
phase_filter_deps=gpl
photosensitivity_filter=no
pic=yes
pixdesctest_filter=no
pixelize_filter=no
pixfmts_super2xsai_test_deps=super2xsai_filter
pixscope_filter=no
pkg_config_default=pkg-config
png_decoder_select=inflate_wrapper
png_encoder_select='deflate_wrapper llvidencdsp'
pocketsphinx=no
podpages=yes
podpages_deps=perl
power8=yes
power8_deps=vsx
pp7_filter=no
pp7_filter_deps=gpl
ppc4xx=yes
ppc4xx_deps=ppc
prefix_default=/usr/local
premultiply_dynamic_filter=no
premultiply_filter=no
prewitt_filter=no
prewitt_opencl_filter=no
prewitt_opencl_filter_deps=opencl
procamp_vaapi_filter=no
procamp_vaapi_filter_deps=vaapi
program_opencl_filter=no
program_opencl_filter_deps=opencl
prores_aw_encoder_select=fdctdsp
prores_decoder_select='blockdsp idctdsp'
prores_encoder_select=fdctdsp
prores_ks_encoder_select=fdctdsp
prores_ks_vulkan_encoder_select='vulkan spirv_compiler'
prores_raw_decoder_select='blockdsp idctdsp'
prores_raw_vulkan_hwaccel_deps='vulkan spirv_compiler'
prores_raw_vulkan_hwaccel_select=prores_raw_decoder
prores_videotoolbox_encoder_deps=pthreads
prores_videotoolbox_encoder_select=videotoolbox_encoder
prores_videotoolbox_hwaccel_deps=videotoolbox
prores_videotoolbox_hwaccel_select=prores_decoder
prores_vulkan_hwaccel_deps='vulkan spirv_compiler'
prores_vulkan_hwaccel_select=prores_decoder
protocols_if_any='android_content_protocol
async_protocol
bluray_protocol
cache_protocol
concat_protocol
concatf_protocol
crypto_protocol
data_protocol
fd_protocol
ffrtmpcrypt_protocol
ffrtmphttp_protocol
file_protocol
ftp_protocol
gopher_protocol
gophers_protocol
http_protocol
httpproxy_protocol
https_protocol
icecast_protocol
mmsh_protocol
mmst_protocol
md5_protocol
pipe_protocol
prompeg_protocol
rtmp_protocol
rtmpe_protocol
rtmps_protocol
rtmpt_protocol
rtmpte_protocol
rtmpts_protocol
rtp_protocol
sctp_protocol
srtp_protocol
subfile_protocol
tee_protocol
tcp_protocol
tls_protocol
dtls_protocol
udp_protocol
udplite_protocol
unix_protocol
libamqp_protocol
librist_protocol
librtmp_protocol
librtmpe_protocol
librtmps_protocol
librtmpt_protocol
librtmpte_protocol
libsrt_protocol
libssh_protocol
libsmbclient_protocol
libzmq_protocol
ipfs_gateway_protocol
ipns_gateway_protocol'
pseudocolor_filter=no
psnr_filter=no
psp_muxer_select=mov_muxer
pullup_filter=no
pullup_filter_deps=gpl
pulse_indev=no
pulse_indev_deps=libpulse
pulse_outdev=no
pulse_outdev_deps=libpulse
qcelp_decoder_select=lsp
qdm2_at_decoder_deps=audiotoolbox
qdm2_decoder_select=mpegaudiodsp
qdmc_at_decoder_deps=audiotoolbox
qp_filter=no
qrencode_filter=no
qrencode_filter_deps=libqrencode
qrencodesrc_filter=no
qrencodesrc_filter_deps=libqrencode
qsv_decode_example=yes
qsv_decode_example_deps='avcodec avutil libmfx h264_qsv_decoder'
qsv_deps=libmfx
qsv_transcode_example=yes
qsv_transcode_example_deps='avcodec avformat avutil h264_qsv_encoder'
qsvdec_select=qsv
qsvenc_select=qsv
qsvvpp_select=qsv
quirc_filter=no
quirc_filter_deps=libquirc
r=''\''-arch x86_64 -mmacosx-version-min=11.0'\'''
ra_144_decoder_select=audiodsp
ra_144_encoder_select='audio_frame_queue lpc audiodsp'
ralf_decoder_select=golomb
random_filter=no
ranlib_default=ranlib
rasc_decoder_select=inflate_wrapper
rawvideo_decoder_select=bswapdsp
readeia608_filter=no
readvitc_filter=no
realtime_filter=no
remap_filter=no
remap_opencl_filter=no
remap_opencl_filter_deps=opencl
removegrain_filter=no
removelogo_filter=no
removelogo_filter_deps='avcodec avformat swscale'
remux_example=yes
remux_example_deps='avcodec avformat avutil'
repeatfields_filter=no
repeatfields_filter_deps=gpl
replaygain_filter=no
resample_audio_example=yes
resample_audio_example_deps='avutil swresample'
resource_compression=yes
response_files_default=auto
reverse_filter=no
rgbashift_filter=no
rgbtestsrc_filter=no
rkmpp=no
roberts_filter=no
roberts_opencl_filter=no
roberts_opencl_filter_deps=opencl
rotate_filter=no
rscc_decoder_deps=zlib
rtmp_protocol_conflict=librtmp_protocol
rtmp_protocol_select=tcp_protocol
rtmp_protocol_suggest=zlib
rtmpe_protocol_select=ffrtmpcrypt_protocol
rtmpe_protocol_suggest=zlib
rtmps_protocol_conflict=librtmp_protocol
rtmps_protocol_select=tls_protocol
rtmps_protocol_suggest=zlib
rtmpt_protocol_select=ffrtmphttp_protocol
rtmpt_protocol_suggest=zlib
rtmpte_protocol_select='ffrtmpcrypt_protocol ffrtmphttp_protocol'
rtmpte_protocol_suggest=zlib
rtmpts_protocol_select='ffrtmphttp_protocol https_protocol'
rtmpts_protocol_suggest=zlib
rtp_demuxer_select=sdp_demuxer
rtp_mpegts_muxer_select='mpegts_muxer rtp_muxer'
rtp_muxer_select=iso_writer
rtp_protocol_select=udp_protocol
rtpdec_select='asf_demuxer mov_demuxer mpegts_demuxer rm_demuxer rtp_protocol srtp'
rtsp_demuxer_select='http_protocol rtpdec'
rtsp_muxer_select='rtp_muxer http_protocol rtp_protocol rtpenc_chain'
rtv1_decoder_select=texturedsp
rubberband_filter=no
rubberband_filter_deps=librubberband
runtime_cpudetect=yes
rv=yes
rv10_decoder_select=h263_decoder
rv10_encoder_select=h263_encoder
rv20_decoder_select=h263_decoder
rv20_encoder_select=h263_encoder
rv30_decoder_select='golomb h264pred h264qpel mpegvideodec rv34dsp'
rv40_decoder_select='golomb h264pred h264qpel mpegvideodec rv34dsp'
rv60_decoder_select='videodsp golomb'
rv_deps=riscv
rv_zicbop=yes
rv_zvbb=yes
rv_zvbb_deps=rvv
rvv=yes
rvv_deps=rv
sab_filter=no
sab_filter_deps='gpl swscale'
safe_bitstream_reader=yes
sap_demuxer_select=sdp_demuxer
sap_muxer_select='rtp_muxer rtp_protocol rtpenc_chain'
scale2ref_filter=no
scale2ref_filter_deps=swscale
scale2ref_npp_filter=no
scale2ref_npp_filter_deps='ffnvcodec libnpp'
scale_cuda_filter=no
scale_cuda_filter_deps=ffnvcodec
scale_cuda_filter_deps_any='cuda_nvcc cuda_llvm'
scale_d3d11_filter=no
scale_d3d11_filter_deps=d3d11va
scale_d3d12_filter=no
scale_d3d12_filter_deps='d3d12va ID3D12VideoProcessor'
scale_filter=no
scale_filter_deps=swscale
scale_npp_filter=no
scale_npp_filter_deps='ffnvcodec libnpp'
scale_qsv_filter=no
scale_qsv_filter_deps=libmfx
scale_qsv_filter_select=qsvvpp
scale_vaapi_filter=no
scale_vaapi_filter_deps=vaapi
scale_video_example=yes
scale_video_example_deps='avutil swscale'
scale_vt_filter=no
scale_vt_filter_deps='videotoolbox VTPixelTransferSessionCreate'
scale_vulkan_filter=no
scale_vulkan_filter_deps='vulkan spirv_compiler spirv_library'
scdet_filter=no
scdet_filter_select=scene_sad
scdet_vulkan_filter=no
scdet_vulkan_filter_deps='vulkan spirv_library'
schannel=yes
schannel_conflict='openssl gnutls libtls mbedtls'
scharr_filter=no
screenpresso_decoder_deps=zlib
scroll_filter=no
sctp_protocol_deps='struct_sctp_event_subscribe struct_msghdr_msg_flags'
sctp_protocol_select=network
sdl2=yes
sdp_demuxer_select=rtpdec
securetransport=yes
securetransport_conflict='openssl gnutls libtls mbedtls'
segment_filter=no
select_filter=no
select_filter_select=scene_sad
selectivecolor_filter=no
sendcmd_filter=no
separatefields_filter=no
setdar_filter=no
setend=yes
setend_deps=arm
setend_inline_deps=inline_asm
setfield_filter=no
setparams_filter=no
setpts_filter=no
setrange_filter=no
setsar_filter=no
settb_filter=no
shader_compression=yes
shader_compression_suggest=zlib
sharpen_npp_filter=no
sharpen_npp_filter_deps='ffnvcodec libnpp'
sharpness_vaapi_filter=no
sharpness_vaapi_filter_deps=vaapi
shear_filter=no
shorten_decoder_select=bswapdsp
show_metadata_example=yes
show_metadata_example_deps='avformat avutil'
showcqt_filter=no
showcqt_filter_deps='avformat swscale'
showcqt_filter_suggest='libfontconfig libfreetype'
showcwt_filter=no
showfreqs_filter=no
showinfo_filter=no
showpalette_filter=no
showspatial_filter=no
showspectrum_filter=no
showspectrumpic_filter=no
showvolume_filter=no
showwaves_filter=no
showwavespic_filter=no
shuffleframes_filter=no
shufflepixels_filter=no
shuffleplanes_filter=no
sidechaincompress_filter=no
sidechaingate_filter=no
sidedata_filter=no
sierpinski_filter=no
signalstats_filter=no
signature_filter=no
signature_filter_deps='gpl avcodec avformat'
silencedetect_filter=no
silenceremove_filter=no
simd128=yes
simd128_deps=wasm
simd_align_16_if_any='altivec neon sse'
simd_align_32_if_any=avx
simd_align_64_if_any=avx512
sinc_filter=no
sine_filter=no
sipr_decoder_select='lsp celp_math'
siti_filter=no
smartblur_filter=no
smartblur_filter_deps='gpl swscale'
sme=yes
sme2=yes
sme2_deps='aarch64 neon sve sve2 sme'
sme2_inline_deps=inline_asm
sme_deps='aarch64 neon sve sve2'
sme_i16i64=yes
sme_i16i64_deps='aarch64 neon sve sve2 sme'
sme_i16i64_inline_deps=inline_asm
sme_inline_deps=inline_asm
smoothstreaming_muxer_select=ismv_muxer
smpte436m_to_eia608_bsf_select=smpte_436m
smptebars_filter=no
smptehdbars_filter=no
smvjpeg_decoder_select=mjpeg_decoder
sndio=yes
sndio_indev=no
sndio_indev_deps=sndio
sndio_outdev=no
sndio_outdev_deps=sndio
snow_decoder_select='dwt h264qpel rangecoder videodsp'
snow_encoder_select='dwt h264qpel hpeldsp me_cmp mpegvideoencdsp rangecoder videodsp'
sobel_filter=no
sobel_opencl_filter=no
sobel_opencl_filter_deps=opencl
sofalizer_filter=no
sofalizer_filter_deps=libmysofa
sonic_decoder_select='golomb rangecoder'
sonic_encoder_select='golomb rangecoder'
sonic_ls_encoder_select='golomb rangecoder'
source_path=.
sp5x_decoder_select=mjpeg_decoder
spdif_demuxer_select=adts_header
spdif_muxer_select=adts_header
spectrumsynth_filter=no
speechnorm_filter=no
speedhq_decoder_select='blockdsp idctdsp'
speedhq_encoder_select=mpegvideoenc
split_filter=no
spp_filter=no
spp_filter_deps='gpl avcodec'
spp_filter_select='idctdsp fdctdsp pixblockdsp'
spx_muxer_select=ogg_muxer
sr_amf_filter=no
sr_amf_filter_deps=amf
sr_filter=no
sr_filter_deps='avformat swscale'
sr_filter_select=dnn
srgc_decoder_select=inflate_wrapper
srtp_protocol_select='rtp_protocol srtp'
sse=yes
sse2=yes
sse2_deps=sse
sse2_external_deps=sse_external
sse2_inline_deps=sse_inline
sse2_suggest='sse2_external sse2_inline'
sse3=yes
sse3_deps=sse2
sse3_external_deps=sse2_external
sse3_inline_deps=sse2_inline
sse3_suggest='sse3_external sse3_inline'
sse4=yes
sse42=yes
sse42_deps=sse4
sse42_external_deps=sse4_external
sse42_inline_deps=sse4_inline
sse42_suggest='sse42_external sse42_inline'
sse4_deps=ssse3
sse4_external_deps=ssse3_external
sse4_inline_deps=ssse3_inline
sse4_suggest='sse4_external sse4_inline'
sse_deps=mmxext
sse_external_deps=mmxext_external
sse_inline_deps=mmxext_inline
sse_suggest='sse_external sse_inline'
ssim360_filter=no
ssim_filter=no
ssse3=yes
ssse3_deps=sse3
ssse3_external_deps=sse3_external
ssse3_inline_deps=sse3_inline
ssse3_suggest='ssse3_external ssse3_inline'
static=yes
stdc_default=c17
stdcxx_default=c++17
stereo3d_filter=no
stereo3d_filter_deps=gpl
stereotools_filter=no
stereowiden_filter=no
streamselect_filter=no
strip_default=strip
stripping=yes
striptype=direct
subtitles_filter=no
subtitles_filter_deps='avformat avcodec libass'
super2xsai_filter=no
super2xsai_filter_deps=gpl
superequalizer_filter=no
surround_filter=no
sve=yes
sve2=yes
sve2_deps='aarch64 neon sve'
sve2_inline_deps=inline_asm
sve_deps='aarch64 neon'
sve_inline_deps=inline_asm
svq1_decoder_select=hpeldsp
svq1_encoder_select='hpeldsp me_cmp mpegvideoencdsp'
svq3_decoder_select='golomb h264dsp h264parse h264pred hpeldsp tpeldsp videodsp'
svq3_decoder_suggest=zlib
swaprect_filter=no
swapuv_filter=no
swf_demuxer_suggest=zlib
swresample=no
swresample_deps=avutil
swresample_suggest='libm libsoxr stdatomic'
sws_max_filter_size=256
sws_max_filter_size_default=256
swscale=no
swscale_alpha=yes
swscale_deps=avutil
swscale_suggest='libm stdatomic spirv_library'
symver_if_any='symver_asm_label symver_gnu_asm'
tak_decoder_select=audiodsp
tak_demuxer_select=tak_parser
target_os_default=darwin
target_path='$(CURDIR)'
tblend_filter=no
tcp_protocol_select=network
tdsc_decoder_deps=zlib
tdsc_decoder_select=mjpeg_decoder
tee_muxer_select=fifo_muxer
telecine_filter=no
testsrc2_filter=no
testsrc_filter=no
tg2_muxer_select=mov_muxer
tgp_muxer_select=mov_muxer
theora_decoder_select=vp3_decoder
thing=hwaccel
thistogram_filter=no
thp_decoder_select=mjpeg_decoder
threads_if_any='
    pthreads
    os2threads
    w32threads
'
threshold_filter=no
thumbnail_cuda_filter=no
thumbnail_cuda_filter_deps=ffnvcodec
thumbnail_cuda_filter_deps_any='cuda_nvcc cuda_llvm'
thumbnail_filter=no
tiff_decoder_select=mjpeg_decoder
tiff_decoder_suggest='zlib lzma'
tiff_encoder_suggest=zlib
tile_filter=no
tiltandshift_filter=no
tiltshelf_filter=no
tinterlace_filter=no
tinterlace_filter_deps=gpl
tinterlace_merge_test_deps=tinterlace_filter
tinterlace_pad_test_deps=tinterlace_filter
tls_protocol_deps_any='gnutls openssl schannel securetransport libtls mbedtls'
tls_protocol_select=tcp_protocol
tlut2_filter=no
tmedian_filter=no
tmidequalizer_filter=no
tmix_filter=no
tonemap_filter=no
tonemap_filter_deps=const_nan
tonemap_opencl_filter=no
tonemap_opencl_filter_deps='opencl const_nan'
tonemap_vaapi_filter=no
tonemap_vaapi_filter_deps='vaapi VAProcFilterParameterBufferHDRToneMapping'
tpad_filter=no
trace_headers_bsf_select='cbs cbs_vp8'
transcode_aac_example=yes
transcode_aac_example_deps='avcodec avformat swresample'
transcode_example=yes
transcode_example_deps='avfilter avcodec avformat avutil'
transpose_filter=no
transpose_npp_filter=no
transpose_npp_filter_deps='ffnvcodec libnpp'
transpose_opencl_filter=no
transpose_opencl_filter_deps=opencl
transpose_vaapi_filter=no
transpose_vaapi_filter_deps='vaapi VAProcPipelineCaps_rotation_flags'
transpose_vt_filter=no
transpose_vt_filter_deps='videotoolbox VTPixelRotationSessionCreate'
transpose_vulkan_filter=no
transpose_vulkan_filter_deps='vulkan spirv_library'
treble_filter=no
tremolo_filter=no
trim_filter=no
truehd_decoder_select=mlp_parser
truehd_demuxer_select=mlp_parser
truehd_encoder_select='lpc audio_frame_queue'
truemotion2_decoder_select=bswapdsp
truespeech_decoder_select=bswapdsp
tscc_decoder_select=inflate_wrapper
twinvq_decoder_select='lsp sinewin'
txd_decoder_select=texturedsp
txtpages=yes
txtpages_deps='perl makeinfo'
udp_protocol_select=network
udplite_protocol_select=network
unix_protocol_deps=sys_un_h
unix_protocol_select=network
unpremultiply_filter=no
unsharp_filter=no
unsharp_opencl_filter=no
unsharp_opencl_filter_deps=opencl
unstable=yes
untile_filter=no
uspp_filter=no
uspp_filter_deps='gpl avcodec'
utvideo_decoder_select='bswapdsp llviddsp'
utvideo_encoder_select='bswapdsp huffman llvidencdsp'
v=avutil
v360_filter=no
v4l2_indev=no
v4l2_indev_deps_any='linux_videodev2_h sys_videoio_h'
v4l2_indev_suggest=libv4l2
v4l2_m2m=yes
v4l2_m2m_deps='linux_videodev2_h sem_timedwait'
v4l2_outdev=no
v4l2_outdev_deps_any='linux_videodev2_h sys_videoio_h'
v4l2_outdev_suggest=libv4l2
vaapi=yes
vaapi_encode_deps=vaapi
vaapi_encode_example=yes
vaapi_encode_example_deps='avcodec avutil h264_vaapi_encoder'
vaapi_transcode_example=yes
vaapi_transcode_example_deps='avcodec avformat avutil h264_vaapi_encoder'
vaapi_x11_deps=xlib_x11
vaguedenoiser_filter=no
vaguedenoiser_filter_deps=gpl
valgrind_backtrace=yes
valgrind_backtrace_conflict=optimizations
valgrind_backtrace_deps=valgrind_valgrind_h
value=no
vapoursynth=no
vapoursynth_demuxer_deps=vapoursynth
var=movie_filter
varblur_filter=no
vble_decoder_select=llviddsp
vbn_decoder_select=texturedsp
vbn_encoder_select=texturedspenc
vc1_cuvid_decoder_deps=cuvid
vc1_d3d11va2_hwaccel_deps=d3d11va
vc1_d3d11va2_hwaccel_select=vc1_decoder
vc1_d3d11va_hwaccel_deps=d3d11va
vc1_d3d11va_hwaccel_select=vc1_decoder
vc1_d3d12va_hwaccel_deps=d3d12va
vc1_d3d12va_hwaccel_select=vc1_decoder
vc1_decoder_select='blockdsp h264qpel intrax8 mpegvideodec qpeldsp vc1dsp'
vc1_dxva2_hwaccel_deps=dxva2
vc1_dxva2_hwaccel_select=vc1_decoder
vc1_mmal_decoder_deps=mmal
vc1_nvdec_hwaccel_deps=nvdec
vc1_nvdec_hwaccel_select=vc1_decoder
vc1_parser_select=vc1dsp
vc1_qsv_decoder_select=qsvdec
vc1_v4l2m2m_decoder_deps='v4l2_m2m vc1_v4l2_m2m'
vc1_vaapi_hwaccel_deps=vaapi
vc1_vaapi_hwaccel_select=vc1_decoder
vc1_vdpau_hwaccel_deps=vdpau
vc1_vdpau_hwaccel_select=vc1_decoder
vc1dsp_select='h264chroma startcode'
vc1image_decoder_select=vc1_decoder
vdpau=yes
vec_xl=yes
vec_xl_deps=altivec
vectorscope_filter=no
version_script=--version-script
version_tracking=yes
vflip_filter=no
vflip_vulkan_filter=no
vflip_vulkan_filter_deps='vulkan spirv_library'
vfp=yes
vfp_deps=arm
vfp_inline_deps=inline_asm
vfpv3=yes
vfpv3_deps=vfp
vfpv3_inline_deps=inline_asm
vfrdet_filter=no
vfwcap_indev=no
vfwcap_indev_deps='vfw32 vfwcap_defines'
vibrance_filter=no
vibrato_filter=no
videotoolbox=yes
videotoolbox_deps='corefoundation coremedia corevideo VTDecompressionSessionDecodeFrame'
videotoolbox_encoder_deps='videotoolbox VTCompressionSessionPrepareToEncodeFrames'
videotoolbox_hwaccel_deps='videotoolbox pthreads'
videotoolbox_hwaccel_extralibs='-framework QuartzCore'
videotoolbox_requested=yes
videotoolbox_suggest=coreservices
vidstabdetect_filter=no
vidstabdetect_filter_deps=libvidstab
vidstabtransform_filter=no
vidstabtransform_filter_deps=libvidstab
vif_filter=no
vignette_filter=no
virtualbass_filter=no
vmafmotion_filter=no
vmix_decoder_select=idctdsp
vobsub_demuxer_select=mpegps_demuxer
volume_filter=no
volumedetect_filter=no
vorbis_encoder_select=audio_frame_queue
vp3_decoder_select='hpeldsp vp3dsp videodsp'
vp4_decoder_select=vp3_decoder
vp5_decoder_select='h264chroma hpeldsp videodsp vp3dsp'
vp6_decoder_select='h264chroma hpeldsp huffman videodsp vp3dsp'
vp6a_decoder_select=vp6_decoder
vp6f_decoder_select=vp6_decoder
vp7_decoder_select='h264pred videodsp vp8dsp'
vp8_cuvid_decoder_deps=cuvid
vp8_decoder_select='h264pred videodsp vp8dsp'
vp8_mediacodec_decoder_deps=mediacodec
vp8_mediacodec_encoder_deps=mediacodec
vp8_nvdec_hwaccel_deps=nvdec
vp8_nvdec_hwaccel_select=vp8_decoder
vp8_qsv_decoder_select=qsvdec
vp8_rkmpp_decoder_deps=rkmpp
vp8_v4l2m2m_decoder_deps='v4l2_m2m vp8_v4l2_m2m'
vp8_v4l2m2m_encoder_deps='v4l2_m2m vp8_v4l2_m2m'
vp8_vaapi_encoder_deps=VAEncPictureParameterBufferVP8
vp8_vaapi_encoder_select=vaapi_encode
vp8_vaapi_hwaccel_deps=vaapi
vp8_vaapi_hwaccel_select=vp8_decoder
vp9_amf_decoder_deps=amf
vp9_cuvid_decoder_deps=cuvid
vp9_d3d11va2_hwaccel_deps='d3d11va DXVA_PicParams_VP9'
vp9_d3d11va2_hwaccel_select=vp9_decoder
vp9_d3d11va_hwaccel_deps='d3d11va DXVA_PicParams_VP9'
vp9_d3d11va_hwaccel_select=vp9_decoder
vp9_d3d12va_hwaccel_deps='d3d12va DXVA_PicParams_VP9'
vp9_d3d12va_hwaccel_select=vp9_decoder
vp9_decoder_select='videodsp vp9_parser cbs_vp9 vp9_superframe_split_bsf'
vp9_dxva2_hwaccel_deps='dxva2 DXVA_PicParams_VP9'
vp9_dxva2_hwaccel_select=vp9_decoder
vp9_mediacodec_decoder_deps=mediacodec
vp9_mediacodec_encoder_deps=mediacodec
vp9_metadata_bsf_select=cbs_vp9
vp9_nvdec_hwaccel_deps=nvdec
vp9_nvdec_hwaccel_select=vp9_decoder
vp9_qsv_decoder_select=qsvdec
vp9_qsv_encoder_deps='libmfx MFX_CODEC_VP9'
vp9_qsv_encoder_select=qsvenc
vp9_rkmpp_decoder_deps=rkmpp
vp9_v4l2m2m_decoder_deps='v4l2_m2m vp9_v4l2_m2m'
vp9_vaapi_encoder_deps=VAEncPictureParameterBufferVP9
vp9_vaapi_encoder_select=vaapi_encode
vp9_vaapi_hwaccel_deps='vaapi VADecPictureParameterBufferVP9_bit_depth'
vp9_vaapi_hwaccel_select=vp9_decoder
vp9_vdpau_hwaccel_deps='vdpau VdpPictureInfoVP9'
vp9_vdpau_hwaccel_select=vp9_decoder
vp9_videotoolbox_hwaccel_deps=videotoolbox
vp9_videotoolbox_hwaccel_select=vp9_decoder
vp9_vulkan_hwaccel_deps='vulkan vulkan_1_4'
vp9_vulkan_hwaccel_select=vp9_decoder
vpp_amf_filter=no
vpp_amf_filter_deps=amf
vpp_qsv_filter=no
vpp_qsv_filter_deps=libmfx
vpp_qsv_filter_select=qsvvpp
vstack_filter=no
vstack_qsv_filter=no
vstack_qsv_filter_deps=libmfx
vstack_qsv_filter_select=qsvvpp
vstack_vaapi_filter=no
vstack_vaapi_filter_deps=vaapi_1
vsx=yes
vsx_deps=altivec
vulkan=yes
vulkan_1_4_deps=vulkan
vulkan_deps=threads
vulkan_deps_any='libdl LoadLibrary'
vulkan_encode_deps=vulkan
vulkan_requested=yes
vulkan_static=no
vvc_decoder_select='cabac cbs_h266 golomb videodsp vvc_sei'
vvc_metadata_bsf_select=cbs_h266
vvc_parser_select=cbs_h266
vvc_qsv_decoder_select='vvc_mp4toannexb_bsf qsvdec'
vvc_sei_select='atsc_a53 golomb'
vvc_vaapi_hwaccel_deps='vaapi VAPictureParameterBufferVVC'
vvc_vaapi_hwaccel_select=vvc_decoder
w32threads_deps=atomics_native
w3fdif_filter=no
w64_demuxer_select=wav_demuxer
w64_muxer_select=wav_muxer
wav_demuxer_select=riffdec
wav_muxer_select=riffenc
waveform_filter=no
wcmv_decoder_select=inflate_wrapper
weave_filter=no
webm_chunk_muxer_select=webm_muxer
webm_dash_manifest_demuxer_select=matroska_demuxer
webp_decoder_select=vp8_decoder
whip_muxer_select='dtls_protocol rtp_muxer http_protocol'
whisper=no
whisper_filter=no
whisper_filter_deps=whisper
windres_default=windres
wmalossless_decoder_select=llauddsp
wmapro_decoder_select='sinewin wma_freqs'
wmav1_decoder_select='sinewin wma_freqs'
wmav1_encoder_select='sinewin wma_freqs'
wmav2_decoder_select='sinewin wma_freqs'
wmav2_encoder_select='sinewin wma_freqs'
wmavoice_decoder_select='lsp sinewin'
wmv1_decoder_select=msmpeg4dec
wmv1_encoder_select=msmpeg4enc
wmv2_decoder_select='blockdsp error_resilience idctdsp intrax8 msmpeg4dec qpeldsp videodsp wmv2dsp'
wmv2_encoder_select='msmpeg4enc wmv2dsp'
wmv2dsp_select=idctdsp
wmv3_d3d11va2_hwaccel_select=vc1_d3d11va2_hwaccel
wmv3_d3d11va_hwaccel_select=vc1_d3d11va_hwaccel
wmv3_d3d12va_hwaccel_select=vc1_d3d12va_hwaccel
wmv3_decoder_select=vc1_decoder
wmv3_dxva2_hwaccel_select=vc1_dxva2_hwaccel
wmv3_nvdec_hwaccel_select=vc1_nvdec_hwaccel
wmv3_vaapi_hwaccel_select=vc1_vaapi_hwaccel
wmv3_vdpau_hwaccel_select=vc1_vdpau_hwaccel
wmv3image_decoder_select=wmv3_decoder
wtv_demuxer_select='mpegts_demuxer riffdec'
wtv_muxer_select='mpegts_muxer riffenc'
x86_64_select=i686
x86_64_suggest=fast_cmov
x86asmexe_default=nasm
xbr_filter=no
xcbgrab_indev=no
xcbgrab_indev_deps=libxcb
xcbgrab_indev_suggest='libxcb_shm libxcb_shape libxcb_xfixes'
xcorrelate_filter=no
xfade_filter=no
xfade_opencl_filter=no
xfade_opencl_filter_deps=opencl
xfade_vulkan_filter=no
xfade_vulkan_filter_deps='vulkan spirv_library'
xlib=yes
xma1_decoder_select=wmapro_decoder
xma2_decoder_select=wmapro_decoder
xmedian_filter=no
xmv_demuxer_select=riffdec
xop=yes
xop_deps=avx
xop_external_deps=avx_external
xop_inline_deps=avx_inline
xop_suggest='xop_external xop_inline'
xpsnr_filter=no
xstack_filter=no
xstack_qsv_filter=no
xstack_qsv_filter_deps=libmfx
xstack_qsv_filter_select=qsvvpp
xstack_vaapi_filter=no
xstack_vaapi_filter_deps=vaapi_1
xv_outdev=no
xv_outdev_deps='xlib_xv xlib_x11 xlib_xext'
xwma_demuxer_select=riffdec
yadif_cuda_filter=no
yadif_cuda_filter_deps=ffnvcodec
yadif_cuda_filter_deps_any='cuda_nvcc cuda_llvm'
yadif_filter=no
yadif_videotoolbox_filter=no
yadif_videotoolbox_filter_deps='metal corevideo videotoolbox'
yaepblur_filter=no
ylc_decoder_select=bswapdsp
yuvtestsrc_filter=no
zerocodec_decoder_select=inflate_wrapper
zlib=yes
zlib_decoder_select=inflate_wrapper
zlib_encoder_select=deflate_wrapper
zmbv_decoder_select=inflate_wrapper
zmbv_encoder_select=deflate_wrapper
zmq_filter=no
zmq_filter_deps=libzmq
zoneplate_filter=no
zoompan_filter=no
zoompan_filter_deps=swscale
zscale_filter=no
zscale_filter_deps='libzimg const_nan'
mktemp -u XXXXXX
cTmAgf
test_cpp_condition windows.h _MSC_FULL_VER >= 193030705
test_cpp
BEGIN /var/folders/rv/fj31z1cj3j39vd6c2s012n7h0000gn/T//ffconf.JMIT29EY/test.c
    1	#include <windows.h>
    2	#if !(_MSC_FULL_VER >= 193030705)
    3	#error "unsatisfied condition: _MSC_FULL_VER >= 193030705"
    4	#endif
END /var/folders/rv/fj31z1cj3j39vd6c2s012n7h0000gn/T//ffconf.JMIT29EY/test.c
gcc -E -o /var/folders/rv/fj31z1cj3j39vd6c2s012n7h0000gn/T//ffconf.JMIT29EY/test.o /var/folders/rv/fj31z1cj3j39vd6c2s012n7h0000gn/T//ffconf.JMIT29EY/test.c
/var/folders/rv/fj31z1cj3j39vd6c2s012n7h0000gn/T//ffconf.JMIT29EY/test.c:1:10: fatal error: 'windows.h' file not found
#include <windows.h>
         ^~~~~~~~~~~
1 error generated.
test_host_cpp_condition windows.h _MSC_FULL_VER >= 193030705
test_host_cpp
BEGIN /var/folders/rv/fj31z1cj3j39vd6c2s012n7h0000gn/T//ffconf.JMIT29EY/test.c
    1	#include <windows.h>
    2	#if !(_MSC_FULL_VER >= 193030705)
    3	#error "unsatisfied condition: _MSC_FULL_VER >= 193030705"
    4	#endif
END /var/folders/rv/fj31z1cj3j39vd6c2s012n7h0000gn/T//ffconf.JMIT29EY/test.c
gcc -E -o /var/folders/rv/fj31z1cj3j39vd6c2s012n7h0000gn/T//ffconf.JMIT29EY/test.o /var/folders/rv/fj31z1cj3j39vd6c2s012n7h0000gn/T//ffconf.JMIT29EY/test.c
/var/folders/rv/fj31z1cj3j39vd6c2s012n7h0000gn/T//ffconf.JMIT29EY/test.c:1:10: fatal error: 'windows.h' file not found
#include <windows.h>
         ^~~~~~~~~~~
1 error generated.
test_ld cc
test_cc
BEGIN /var/folders/rv/fj31z1cj3j39vd6c2s012n7h0000gn/T//ffconf.JMIT29EY/test.c
    1	int main(void){ return 0; }
END /var/folders/rv/fj31z1cj3j39vd6c2s012n7h0000gn/T//ffconf.JMIT29EY/test.c
gcc -fPIC -arch x86_64 -mmacosx-version-min=11.0 -Wno-error=asm-operand-widths -I/Users/runner/work/ffmpeg-build/ffmpeg-build/vulkan-headers/include -c -o /var/folders/rv/fj31z1cj3j39vd6c2s012n7h0000gn/T//ffconf.JMIT29EY/test.o /var/folders/rv/fj31z1cj3j39vd6c2s012n7h0000gn/T//ffconf.JMIT29EY/test.c
gcc -arch x86_64 -mmacosx-version-min=11.0 -o /var/folders/rv/fj31z1cj3j39vd6c2s012n7h0000gn/T//ffconf.JMIT29EY/test /var/folders/rv/fj31z1cj3j39vd6c2s012n7h0000gn/T//ffconf.JMIT29EY/test.o
check_cxxflags_cc -std=c++17 ctype.h __cplusplus >= 201103L
test_cxxflags_cc -std=c++17 ctype.h __cplusplus >= 201103L
test_cxx -std=c++17
BEGIN /var/folders/rv/fj31z1cj3j39vd6c2s012n7h0000gn/T//ffconf.JMIT29EY/test.cpp
    1	#include <ctype.h>
    2	#if !(__cplusplus >= 201103L)
    3	#error "unsatisfied condition: __cplusplus >= 201103L"
    4	#endif
END /var/folders/rv/fj31z1cj3j39vd6c2s012n7h0000gn/T//ffconf.JMIT29EY/test.cpp
g++ -D_ISOC11_SOURCE -D__STDC_CONSTANT_MACROS -std=c++17 -c -o /var/folders/rv/fj31z1cj3j39vd6c2s012n7h0000gn/T//ffconf.JMIT29EY/test.o /var/folders/rv/fj31z1cj3j39vd6c2s012n7h0000gn/T//ffconf.JMIT29EY/test.cpp
test_cxxflags_cc -std=c++17 ctype.h __cplusplus >= 201703L
test_cxx -std=c++17
BEGIN /var/folders/rv/fj31z1cj3j39vd6c2s012n7h0000gn/T//ffconf.JMIT29EY/test.cpp
    1	#include <ctype.h>
    2	#if !(__cplusplus >= 201703L)
    3	#error "unsatisfied condition: __cplusplus >= 201703L"
    4	#endif
END /var/folders/rv/fj31z1cj3j39vd6c2s012n7h0000gn/T//ffconf.JMIT29EY/test.cpp
g++ -D_ISOC11_SOURCE -D__STDC_CONSTANT_MACROS -std=c++17 -std=c++17 -c -o /var/folders/rv/fj31z1cj3j39vd6c2s012n7h0000gn/T//ffconf.JMIT29EY/test.o /var/folders/rv/fj31z1cj3j39vd6c2s012n7h0000gn/T//ffconf.JMIT29EY/test.cpp
check_cflags_cc -std=c17 ctype.h __STDC_VERSION__ >= 201112L
test_cflags_cc -std=c17 ctype.h __STDC_VERSION__ >= 201112L
test_cc -std=c17
BEGIN /var/folders/rv/fj31z1cj3j39vd6c2s012n7h0000gn/T//ffconf.JMIT29EY/test.c
    1	#include <ctype.h>
    2	#if !(__STDC_VERSION__ >= 201112L)
    3	#error "unsatisfied condition: __STDC_VERSION__ >= 201112L"
    4	#endif
END /var/folders/rv/fj31z1cj3j39vd6c2s012n7h0000gn/T//ffconf.JMIT29EY/test.c
gcc -D_ISOC11_SOURCE -fPIC -arch x86_64 -mmacosx-version-min=11.0 -Wno-error=asm-operand-widths -I/Users/runner/work/ffmpeg-build/ffmpeg-build/vulkan-headers/include -std=c17 -c -o /var/folders/rv/fj31z1cj3j39vd6c2s012n7h0000gn/T//ffconf.JMIT29EY/test.o /var/folders/rv/fj31z1cj3j39vd6c2s012n7h0000gn/T//ffconf.JMIT29EY/test.c
test_cc
BEGIN /var/folders/rv/fj31z1cj3j39vd6c2s012n7h0000gn/T//ffconf.JMIT29EY/test.c
    1	#include <assert.h>
    2	#include <stddef.h>
    3	struct Foo {
    4	    int a;
    5	    void *ptr;
    6	} obj;
    7	static_assert(offsetof(struct Foo, a) == 0,
    8	              "First element of struct does not have offset 0");
    9	_Static_assert(offsetof(struct Foo, ptr) >= offsetof(struct Foo, a) + sizeof(obj.a),
   10	               "elements not properly ordered in struct");
END /var/folders/rv/fj31z1cj3j39vd6c2s012n7h0000gn/T//ffconf.JMIT29EY/test.c
gcc -D_ISOC11_SOURCE -fPIC -arch x86_64 -mmacosx-version-min=11.0 -Wno-error=asm-operand-widths -I/Users/runner/work/ffmpeg-build/ffmpeg-build/vulkan-headers/include -std=c17 -c -o /var/folders/rv/fj31z1cj3j39vd6c2s012n7h0000gn/T//ffconf.JMIT29EY/test.o /var/folders/rv/fj31z1cj3j39vd6c2s012n7h0000gn/T//ffconf.JMIT29EY/test.c
check_cppflags -D_FILE_OFFSET_BITS=64
test_cpp -D_FILE_OFFSET_BITS=64
BEGIN /var/folders/rv/fj31z1cj3j39vd6c2s012n7h0000gn/T//ffconf.JMIT29EY/test.c
    1	#include <stdlib.h>
END /var/folders/rv/fj31z1cj3j39vd6c2s012n7h0000gn/T//ffconf.JMIT29EY/test.c
gcc -D_ISOC11_SOURCE -fPIC -arch x86_64 -mmacosx-version-min=11.0 -Wno-error=asm-operand-widths -I/Users/runner/work/ffmpeg-build/ffmpeg-build/vulkan-headers/include -std=c17 -D_FILE_OFFSET_BITS=64 -E -o /var/folders/rv/fj31z1cj3j39vd6c2s012n7h0000gn/T//ffconf.JMIT29EY/test.o /var/folders/rv/fj31z1cj3j39vd6c2s012n7h0000gn/T//ffconf.JMIT29EY/test.c
check_cppflags -D_LARGEFILE_SOURCE
test_cpp -D_LARGEFILE_SOURCE
BEGIN /var/folders/rv/fj31z1cj3j39vd6c2s012n7h0000gn/T//ffconf.JMIT29EY/test.c
    1	#include <stdlib.h>
END /var/folders/rv/fj31z1cj3j39vd6c2s012n7h0000gn/T//ffconf.JMIT29EY/test.c
gcc -D_ISOC11_SOURCE -D_FILE_OFFSET_BITS=64 -fPIC -arch x86_64 -mmacosx-version-min=11.0 -Wno-error=asm-operand-widths -I/Users/runner/work/ffmpeg-build/ffmpeg-build/vulkan-headers/include -std=c17 -D_LARGEFILE_SOURCE -E -o /var/folders/rv/fj31z1cj3j39vd6c2s012n7h0000gn/T//ffconf.JMIT29EY/test.o /var/folders/rv/fj31z1cj3j39vd6c2s012n7h0000gn/T//ffconf.JMIT29EY/test.c
check_host_cflags_cc -std=c17 ctype.h __STDC_VERSION__ >= 201112L
test_host_cflags_cc -std=c17 ctype.h __STDC_VERSION__ >= 201112L
test_host_cc -std=c17
BEGIN /var/folders/rv/fj31z1cj3j39vd6c2s012n7h0000gn/T//ffconf.JMIT29EY/test.c
    1	#include <ctype.h>
    2	#if !(__STDC_VERSION__ >= 201112L)
    3	#error "unsatisfied condition: __STDC_VERSION__ >= 201112L"
    4	#endif
END /var/folders/rv/fj31z1cj3j39vd6c2s012n7h0000gn/T//ffconf.JMIT29EY/test.c
gcc -std=c17 -c -o /var/folders/rv/fj31z1cj3j39vd6c2s012n7h0000gn/T//ffconf.JMIT29EY/test.o /var/folders/rv/fj31z1cj3j39vd6c2s012n7h0000gn/T//ffconf.JMIT29EY/test.c
check_host_cflags -Wall
test_host_cc -Wall
BEGIN /var/folders/rv/fj31z1cj3j39vd6c2s012n7h0000gn/T//ffconf.JMIT29EY/test.c
    1	int x;
END /var/folders/rv/fj31z1cj3j39vd6c2s012n7h0000gn/T//ffconf.JMIT29EY/test.c
gcc -std=c17 -Wall -c -o /var/folders/rv/fj31z1cj3j39vd6c2s012n7h0000gn/T//ffconf.JMIT29EY/test.o /var/folders/rv/fj31z1cj3j39vd6c2s012n7h0000gn/T//ffconf.JMIT29EY/test.c
check_host_cflags -O3
test_host_cc -O3
BEGIN /var/folders/rv/fj31z1cj3j39vd6c2s012n7h0000gn/T//ffconf.JMIT29EY/test.c
    1	int x;
END /var/folders/rv/fj31z1cj3j39vd6c2s012n7h0000gn/T//ffconf.JMIT29EY/test.c
gcc -std=c17 -Wall -O3 -c -o /var/folders/rv/fj31z1cj3j39vd6c2s012n7h0000gn/T//ffconf.JMIT29EY/test.o /var/folders/rv/fj31z1cj3j39vd6c2s012n7h0000gn/T//ffconf.JMIT29EY/test.c
test_code cc  int test[2*(sizeof(void *) > 4) - 1]
test_cc
BEGIN /var/folders/rv/fj31z1cj3j39vd6c2s012n7h0000gn/T//ffconf.JMIT29EY/test.c
    1	int main(void) { int test[2*(sizeof(void *) > 4) - 1]; return 0; }
END /var/folders/rv/fj31z1cj3j39vd6c2s012n7h0000gn/T//ffconf.JMIT29EY/test.c
gcc -D_ISOC11_SOURCE -D_FILE_OFFSET_BITS=64 -D_LARGEFILE_SOURCE -fPIC -arch x86_64 -mmacosx-version-min=11.0 -Wno-error=asm-operand-widths -I/Users/runner/work/ffmpeg-build/ffmpeg-build/vulkan-headers/include -std=c17 -c -o /var/folders/rv/fj31z1cj3j39vd6c2s012n7h0000gn/T//ffconf.JMIT29EY/test.o /var/folders/rv/fj31z1cj3j39vd6c2s012n7h0000gn/T//ffconf.JMIT29EY/test.c
check_cflags -Werror=partial-availability
test_cflags -Werror=partial-availability
test_cc -Werror=partial-availability
BEGIN /var/folders/rv/fj31z1cj3j39vd6c2s012n7h0000gn/T//ffconf.JMIT29EY/test.c
    1	int x;
END /var/folders/rv/fj31z1cj3j39vd6c2s012n7h0000gn/T//ffconf.JMIT29EY/test.c
gcc -D_ISOC11_SOURCE -D_FILE_OFFSET_BITS=64 -D_LARGEFILE_SOURCE -fPIC -arch x86_64 -mmacosx-version-min=11.0 -Wno-error=asm-operand-widths -I/Users/runner/work/ffmpeg-build/ffmpeg-build/vulkan-headers/include -std=c17 -Werror=partial-availability -c -o /var/folders/rv/fj31z1cj3j39vd6c2s012n7h0000gn/T//ffconf.JMIT29EY/test.o /var/folders/rv/fj31z1cj3j39vd6c2s012n7h0000gn/T//ffconf.JMIT29EY/test.c
check_cxxflags -Werror=partial-availability
test_cxxflags -Werror=partial-availability
test_cxx -Werror=partial-availability
BEGIN /var/folders/rv/fj31z1cj3j39vd6c2s012n7h0000gn/T//ffconf.JMIT29EY/test.cpp
    1	int x;
END /var/folders/rv/fj31z1cj3j39vd6c2s012n7h0000gn/T//ffconf.JMIT29EY/test.cpp
g++ -D_ISOC11_SOURCE -D_FILE_OFFSET_BITS=64 -D_LARGEFILE_SOURCE -D__STDC_CONSTANT_MACROS -std=c++17 -Werror=partial-availability -c -o /var/folders/rv/fj31z1cj3j39vd6c2s012n7h0000gn/T//ffconf.JMIT29EY/test.o /var/folders/rv/fj31z1cj3j39vd6c2s012n7h0000gn/T//ffconf.JMIT29EY/test.cpp
check_objcflags -Werror=partial-availability
test_objcflags -Werror=partial-availability
test_objcc -Werror=partial-availability
BEGIN /var/folders/rv/fj31z1cj3j39vd6c2s012n7h0000gn/T//ffconf.JMIT29EY/test.m
    1	int x;
END /var/folders/rv/fj31z1cj3j39vd6c2s012n7h0000gn/T//ffconf.JMIT29EY/test.m
gcc -Werror=missing-prototypes -D_ISOC11_SOURCE -D_FILE_OFFSET_BITS=64 -D_LARGEFILE_SOURCE -fPIC -arch x86_64 -mmacosx-version-min=11.0 -Wno-error=asm-operand-widths -I/Users/runner/work/ffmpeg-build/ffmpeg-build/vulkan-headers/include -std=c17 -Werror=partial-availability -Werror=partial-availability -c -o /var/folders/rv/fj31z1cj3j39vd6c2s012n7h0000gn/T//ffconf.JMIT29EY/test.o /var/folders/rv/fj31z1cj3j39vd6c2s012n7h0000gn/T//ffconf.JMIT29EY/test.m
check_headers dispatch/dispatch.h
test_cpp
BEGIN /var/folders/rv/fj31z1cj3j39vd6c2s012n7h0000gn/T//ffconf.JMIT29EY/test.c
    1	#include <dispatch/dispatch.h>
    2	int x;
END /var/folders/rv/fj31z1cj3j39vd6c2s012n7h0000gn/T//ffconf.JMIT29EY/test.c
gcc -D_ISOC11_SOURCE -D_FILE_OFFSET_BITS=64 -D_LARGEFILE_SOURCE -fPIC -arch x86_64 -mmacosx-version-min=11.0 -Wno-error=asm-operand-widths -I/Users/runner/work/ffmpeg-build/ffmpeg-build/vulkan-headers/include -std=c17 -Werror=partial-availability -E -o /var/folders/rv/fj31z1cj3j39vd6c2s012n7h0000gn/T//ffconf.JMIT29EY/test.o /var/folders/rv/fj31z1cj3j39vd6c2s012n7h0000gn/T//ffconf.JMIT29EY/test.c
check_cflags -fno-common
test_cflags -fno-common
test_cc -fno-common
BEGIN /var/folders/rv/fj31z1cj3j39vd6c2s012n7h0000gn/T//ffconf.JMIT29EY/test.c
    1	int x;
END /var/folders/rv/fj31z1cj3j39vd6c2s012n7h0000gn/T//ffconf.JMIT29EY/test.c
gcc -D_ISOC11_SOURCE -D_FILE_OFFSET_BITS=64 -D_LARGEFILE_SOURCE -I$(SRC_PATH)/compat/dispatch_semaphore -fPIC -arch x86_64 -mmacosx-version-min=11.0 -Wno-error=asm-operand-widths -I/Users/runner/work/ffmpeg-build/ffmpeg-build/vulkan-headers/include -std=c17 -Werror=partial-availability -fno-common -c -o /var/folders/rv/fj31z1cj3j39vd6c2s012n7h0000gn/T//ffconf.JMIT29EY/test.o /var/folders/rv/fj31z1cj3j39vd6c2s012n7h0000gn/T//ffconf.JMIT29EY/test.c
test_cpp_condition features.h defined __UCLIBC__
test_cpp
BEGIN /var/folders/rv/fj31z1cj3j39vd6c2s012n7h0000gn/T//ffconf.JMIT29EY/test.c
    1	#include <features.h>
    2	#if !(defined __UCLIBC__)
    3	#error "unsatisfied condition: defined __UCLIBC__"
    4	#endif
END /var/folders/rv/fj31z1cj3j39vd6c2s012n7h0000gn/T//ffconf.JMIT29EY/test.c
gcc -D_ISOC11_SOURCE -D_FILE_OFFSET_BITS=64 -D_LARGEFILE_SOURCE -I$(SRC_PATH)/compat/dispatch_semaphore -fPIC -arch x86_64 -mmacosx-version-min=11.0 -Wno-error=asm-operand-widths -I/Users/runner/work/ffmpeg-build/ffmpeg-build/vulkan-headers/include -std=c17 -Werror=partial-availability -fno-common -E -o /var/folders/rv/fj31z1cj3j39vd6c2s012n7h0000gn/T//ffconf.JMIT29EY/test.o /var/folders/rv/fj31z1cj3j39vd6c2s012n7h0000gn/T//ffconf.JMIT29EY/test.c
/var/folders/rv/fj31z1cj3j39vd6c2s012n7h0000gn/T//ffconf.JMIT29EY/test.c:1:10: fatal error: 'features.h' file not found
#include <features.h>
         ^~~~~~~~~~~~
1 error generated.
test_cpp_condition features.h defined __GLIBC__
test_cpp
BEGIN /var/folders/rv/fj31z1cj3j39vd6c2s012n7h0000gn/T//ffconf.JMIT29EY/test.c
    1	#include <features.h>
    2	#if !(defined __GLIBC__)
    3	#error "unsatisfied condition: defined __GLIBC__"
    4	#endif
END /var/folders/rv/fj31z1cj3j39vd6c2s012n7h0000gn/T//ffconf.JMIT29EY/test.c
gcc -D_ISOC11_SOURCE -D_FILE_OFFSET_BITS=64 -D_LARGEFILE_SOURCE -I$(SRC_PATH)/compat/dispatch_semaphore -fPIC -arch x86_64 -mmacosx-version-min=11.0 -Wno-error=asm-operand-widths -I/Users/runner/work/ffmpeg-build/ffmpeg-build/vulkan-headers/include -std=c17 -Werror=partial-availability -fno-common -E -o /var/folders/rv/fj31z1cj3j39vd6c2s012n7h0000gn/T//ffconf.JMIT29EY/test.o /var/folders/rv/fj31z1cj3j39vd6c2s012n7h0000gn/T//ffconf.JMIT29EY/test.c
/var/folders/rv/fj31z1cj3j39vd6c2s012n7h0000gn/T//ffconf.JMIT29EY/test.c:1:10: fatal error: 'features.h' file not found
#include <features.h>
         ^~~~~~~~~~~~
1 error generated.
test_cpp_condition newlib.h defined _NEWLIB_VERSION
test_cpp
BEGIN /var/folders/rv/fj31z1cj3j39vd6c2s012n7h0000gn/T//ffconf.JMIT29EY/test.c
    1	#include <newlib.h>
    2	#if !(defined _NEWLIB_VERSION)
    3	#error "unsatisfied condition: defined _NEWLIB_VERSION"
    4	#endif
END /var/folders/rv/fj31z1cj3j39vd6c2s012n7h0000gn/T//ffconf.JMIT29EY/test.c
gcc -D_ISOC11_SOURCE -D_FILE_OFFSET_BITS=64 -D_LARGEFILE_SOURCE -I$(SRC_PATH)/compat/dispatch_semaphore -fPIC -arch x86_64 -mmacosx-version-min=11.0 -Wno-error=asm-operand-widths -I/Users/runner/work/ffmpeg-build/ffmpeg-build/vulkan-headers/include -std=c17 -Werror=partial-availability -fno-common -E -o /var/folders/rv/fj31z1cj3j39vd6c2s012n7h0000gn/T//ffconf.JMIT29EY/test.o /var/folders/rv/fj31z1cj3j39vd6c2s012n7h0000gn/T//ffconf.JMIT29EY/test.c
/var/folders/rv/fj31z1cj3j39vd6c2s012n7h0000gn/T//ffconf.JMIT29EY/test.c:1:10: fatal error: 'newlib.h' file not found
#include <newlib.h>
         ^~~~~~~~~~
1 error generated.
test_cpp_condition _mingw.h defined __MINGW64_VERSION_MAJOR
test_cpp
BEGIN /var/folders/rv/fj31z1cj3j39vd6c2s012n7h0000gn/T//ffconf.JMIT29EY/test.c
    1	#include <_mingw.h>
    2	#if !(defined __MINGW64_VERSION_MAJOR)
    3	#error "unsatisfied condition: defined __MINGW64_VERSION_MAJOR"
    4	#endif
END /var/folders/rv/fj31z1cj3j39vd6c2s012n7h0000gn/T//ffconf.JMIT29EY/test.c
gcc -D_ISOC11_SOURCE -D_FILE_OFFSET_BITS=64 -D_LARGEFILE_SOURCE -I$(SRC_PATH)/compat/dispatch_semaphore -fPIC -arch x86_64 -mmacosx-version-min=11.0 -Wno-error=asm-operand-widths -I/Users/runner/work/ffmpeg-build/ffmpeg-build/vulkan-headers/include -std=c17 -Werror=partial-availability -fno-common -E -o /var/folders/rv/fj31z1cj3j39vd6c2s012n7h0000gn/T//ffconf.JMIT29EY/test.o /var/folders/rv/fj31z1cj3j39vd6c2s012n7h0000gn/T//ffconf.JMIT29EY/test.c
/var/folders/rv/fj31z1cj3j39vd6c2s012n7h0000gn/T//ffconf.JMIT29EY/test.c:1:10: fatal error: '_mingw.h' file not found
#include <_mingw.h>
         ^~~~~~~~~~
1 error generated.
test_cpp_condition _mingw.h defined __MINGW_VERSION
test_cpp
BEGIN /var/folders/rv/fj31z1cj3j39vd6c2s012n7h0000gn/T//ffconf.JMIT29EY/test.c
    1	#include <_mingw.h>
    2	#if !(defined __MINGW_VERSION)
    3	#error "unsatisfied condition: defined __MINGW_VERSION"
    4	#endif
END /var/folders/rv/fj31z1cj3j39vd6c2s012n7h0000gn/T//ffconf.JMIT29EY/test.c
gcc -D_ISOC11_SOURCE -D_FILE_OFFSET_BITS=64 -D_LARGEFILE_SOURCE -I$(SRC_PATH)/compat/dispatch_semaphore -fPIC -arch x86_64 -mmacosx-version-min=11.0 -Wno-error=asm-operand-widths -I/Users/runner/work/ffmpeg-build/ffmpeg-build/vulkan-headers/include -std=c17 -Werror=partial-availability -fno-common -E -o /var/folders/rv/fj31z1cj3j39vd6c2s012n7h0000gn/T//ffconf.JMIT29EY/test.o /var/folders/rv/fj31z1cj3j39vd6c2s012n7h0000gn/T//ffconf.JMIT29EY/test.c
/var/folders/rv/fj31z1cj3j39vd6c2s012n7h0000gn/T//ffconf.JMIT29EY/test.c:1:10: fatal error: '_mingw.h' file not found
#include <_mingw.h>
         ^~~~~~~~~~
1 error generated.
test_cpp_condition _mingw.h defined __MINGW32_VERSION
test_cpp
BEGIN /var/folders/rv/fj31z1cj3j39vd6c2s012n7h0000gn/T//ffconf.JMIT29EY/test.c
    1	#include <_mingw.h>
    2	#if !(defined __MINGW32_VERSION)
    3	#error "unsatisfied condition: defined __MINGW32_VERSION"
    4	#endif
END /var/folders/rv/fj31z1cj3j39vd6c2s012n7h0000gn/T//ffconf.JMIT29EY/test.c
gcc -D_ISOC11_SOURCE -D_FILE_OFFSET_BITS=64 -D_LARGEFILE_SOURCE -I$(SRC_PATH)/compat/dispatch_semaphore -fPIC -arch x86_64 -mmacosx-version-min=11.0 -Wno-error=asm-operand-widths -I/Users/runner/work/ffmpeg-build/ffmpeg-build/vulkan-headers/include -std=c17 -Werror=partial-availability -fno-common -E -o /var/folders/rv/fj31z1cj3j39vd6c2s012n7h0000gn/T//ffconf.JMIT29EY/test.o /var/folders/rv/fj31z1cj3j39vd6c2s012n7h0000gn/T//ffconf.JMIT29EY/test.c
/var/folders/rv/fj31z1cj3j39vd6c2s012n7h0000gn/T//ffconf.JMIT29EY/test.c:1:10: fatal error: '_mingw.h' file not found
#include <_mingw.h>
         ^~~~~~~~~~
1 error generated.
test_cpp_condition crtversion.h defined _VC_CRT_MAJOR_VERSION
test_cpp
BEGIN /var/folders/rv/fj31z1cj3j39vd6c2s012n7h0000gn/T//ffconf.JMIT29EY/test.c
    1	#include <crtversion.h>
    2	#if !(defined _VC_CRT_MAJOR_VERSION)
    3	#error "unsatisfied condition: defined _VC_CRT_MAJOR_VERSION"
    4	#endif
END /var/folders/rv/fj31z1cj3j39vd6c2s012n7h0000gn/T//ffconf.JMIT29EY/test.c
gcc -D_ISOC11_SOURCE -D_FILE_OFFSET_BITS=64 -D_LARGEFILE_SOURCE -I$(SRC_PATH)/compat/dispatch_semaphore -fPIC -arch x86_64 -mmacosx-version-min=11.0 -Wno-error=asm-operand-widths -I/Users/runner/work/ffmpeg-build/ffmpeg-build/vulkan-headers/include -std=c17 -Werror=partial-availability -fno-common -E -o /var/folders/rv/fj31z1cj3j39vd6c2s012n7h0000gn/T//ffconf.JMIT29EY/test.o /var/folders/rv/fj31z1cj3j39vd6c2s012n7h0000gn/T//ffconf.JMIT29EY/test.c
/var/folders/rv/fj31z1cj3j39vd6c2s012n7h0000gn/T//ffconf.JMIT29EY/test.c:1:10: fatal error: 'crtversion.h' file not found
#include <crtversion.h>
         ^~~~~~~~~~~~~~
1 error generated.
test_cpp_condition stddef.h defined __KLIBC__
test_cpp
BEGIN /var/folders/rv/fj31z1cj3j39vd6c2s012n7h0000gn/T//ffconf.JMIT29EY/test.c
    1	#include <stddef.h>
    2	#if !(defined __KLIBC__)
    3	#error "unsatisfied condition: defined __KLIBC__"
    4	#endif
END /var/folders/rv/fj31z1cj3j39vd6c2s012n7h0000gn/T//ffconf.JMIT29EY/test.c
gcc -D_ISOC11_SOURCE -D_FILE_OFFSET_BITS=64 -D_LARGEFILE_SOURCE -I$(SRC_PATH)/compat/dispatch_semaphore -fPIC -arch x86_64 -mmacosx-version-min=11.0 -Wno-error=asm-operand-widths -I/Users/runner/work/ffmpeg-build/ffmpeg-build/vulkan-headers/include -std=c17 -Werror=partial-availability -fno-common -E -o /var/folders/rv/fj31z1cj3j39vd6c2s012n7h0000gn/T//ffconf.JMIT29EY/test.o /var/folders/rv/fj31z1cj3j39vd6c2s012n7h0000gn/T//ffconf.JMIT29EY/test.c
/var/folders/rv/fj31z1cj3j39vd6c2s012n7h0000gn/T//ffconf.JMIT29EY/test.c:3:2: error: "unsatisfied condition: defined __KLIBC__"
#error "unsatisfied condition: defined __KLIBC__"
 ^
1 error generated.
test_cpp_condition sys/cdefs.h defined __BIONIC__
test_cpp
BEGIN /var/folders/rv/fj31z1cj3j39vd6c2s012n7h0000gn/T//ffconf.JMIT29EY/test.c
    1	#include <sys/cdefs.h>
    2	#if !(defined __BIONIC__)
    3	#error "unsatisfied condition: defined __BIONIC__"
    4	#endif
END /var/folders/rv/fj31z1cj3j39vd6c2s012n7h0000gn/T//ffconf.JMIT29EY/test.c
gcc -D_ISOC11_SOURCE -D_FILE_OFFSET_BITS=64 -D_LARGEFILE_SOURCE -I$(SRC_PATH)/compat/dispatch_semaphore -fPIC -arch x86_64 -mmacosx-version-min=11.0 -Wno-error=asm-operand-widths -I/Users/runner/work/ffmpeg-build/ffmpeg-build/vulkan-headers/include -std=c17 -Werror=partial-availability -fno-common -E -o /var/folders/rv/fj31z1cj3j39vd6c2s012n7h0000gn/T//ffconf.JMIT29EY/test.o /var/folders/rv/fj31z1cj3j39vd6c2s012n7h0000gn/T//ffconf.JMIT29EY/test.c
/var/folders/rv/fj31z1cj3j39vd6c2s012n7h0000gn/T//ffconf.JMIT29EY/test.c:3:2: error: "unsatisfied condition: defined __BIONIC__"
#error "unsatisfied condition: defined __BIONIC__"
 ^
1 error generated.
test_cpp_condition sys/brand.h defined LABELED_BRAND_NAME
test_cpp
BEGIN /var/folders/rv/fj31z1cj3j39vd6c2s012n7h0000gn/T//ffconf.JMIT29EY/test.c
    1	#include <sys/brand.h>
    2	#if !(defined LABELED_BRAND_NAME)
    3	#error "unsatisfied condition: defined LABELED_BRAND_NAME"
    4	#endif
END /var/folders/rv/fj31z1cj3j39vd6c2s012n7h0000gn/T//ffconf.JMIT29EY/test.c
gcc -D_ISOC11_SOURCE -D_FILE_OFFSET_BITS=64 -D_LARGEFILE_SOURCE -I$(SRC_PATH)/compat/dispatch_semaphore -fPIC -arch x86_64 -mmacosx-version-min=11.0 -Wno-error=asm-operand-widths -I/Users/runner/work/ffmpeg-build/ffmpeg-build/vulkan-headers/include -std=c17 -Werror=partial-availability -fno-common -E -o /var/folders/rv/fj31z1cj3j39vd6c2s012n7h0000gn/T//ffconf.JMIT29EY/test.o /var/folders/rv/fj31z1cj3j39vd6c2s012n7h0000gn/T//ffconf.JMIT29EY/test.c
/var/folders/rv/fj31z1cj3j39vd6c2s012n7h0000gn/T//ffconf.JMIT29EY/test.c:1:10: fatal error: 'sys/brand.h' file not found
#include <sys/brand.h>
         ^~~~~~~~~~~~~
1 error generated.
test_cpp_condition sys/version.h defined __DJGPP__
test_cpp
BEGIN /var/folders/rv/fj31z1cj3j39vd6c2s012n7h0000gn/T//ffconf.JMIT29EY/test.c
    1	#include <sys/version.h>
    2	#if !(defined __DJGPP__)
    3	#error "unsatisfied condition: defined __DJGPP__"
    4	#endif
END /var/folders/rv/fj31z1cj3j39vd6c2s012n7h0000gn/T//ffconf.JMIT29EY/test.c
gcc -D_ISOC11_SOURCE -D_FILE_OFFSET_BITS=64 -D_LARGEFILE_SOURCE -I$(SRC_PATH)/compat/dispatch_semaphore -fPIC -arch x86_64 -mmacosx-version-min=11.0 -Wno-error=asm-operand-widths -I/Users/runner/work/ffmpeg-build/ffmpeg-build/vulkan-headers/include -std=c17 -Werror=partial-availability -fno-common -E -o /var/folders/rv/fj31z1cj3j39vd6c2s012n7h0000gn/T//ffconf.JMIT29EY/test.o /var/folders/rv/fj31z1cj3j39vd6c2s012n7h0000gn/T//ffconf.JMIT29EY/test.c
/var/folders/rv/fj31z1cj3j39vd6c2s012n7h0000gn/T//ffconf.JMIT29EY/test.c:1:10: fatal error: 'sys/version.h' file not found
#include <sys/version.h>
         ^~~~~~~~~~~~~~~
1 error generated.
test_cc
BEGIN /var/folders/rv/fj31z1cj3j39vd6c2s012n7h0000gn/T//ffconf.JMIT29EY/test.c
    1	#include <time.h>
    2	void *v = localtime_r;
END /var/folders/rv/fj31z1cj3j39vd6c2s012n7h0000gn/T//ffconf.JMIT29EY/test.c
gcc -D_ISOC11_SOURCE -D_FILE_OFFSET_BITS=64 -D_LARGEFILE_SOURCE -I$(SRC_PATH)/compat/dispatch_semaphore -fPIC -arch x86_64 -mmacosx-version-min=11.0 -Wno-error=asm-operand-widths -I/Users/runner/work/ffmpeg-build/ffmpeg-build/vulkan-headers/include -std=c17 -Werror=partial-availability -fno-common -c -o /var/folders/rv/fj31z1cj3j39vd6c2s012n7h0000gn/T//ffconf.JMIT29EY/test.o /var/folders/rv/fj31z1cj3j39vd6c2s012n7h0000gn/T//ffconf.JMIT29EY/test.c
test_host_cpp_condition features.h defined __UCLIBC__
test_host_cpp
BEGIN /var/folders/rv/fj31z1cj3j39vd6c2s012n7h0000gn/T//ffconf.JMIT29EY/test.c
    1	#include <features.h>
    2	#if !(defined __UCLIBC__)
    3	#error "unsatisfied condition: defined __UCLIBC__"
    4	#endif
END /var/folders/rv/fj31z1cj3j39vd6c2s012n7h0000gn/T//ffconf.JMIT29EY/test.c
gcc -D_ISOC11_SOURCE -std=c17 -Wall -O3 -E -o /var/folders/rv/fj31z1cj3j39vd6c2s012n7h0000gn/T//ffconf.JMIT29EY/test.o /var/folders/rv/fj31z1cj3j39vd6c2s012n7h0000gn/T//ffconf.JMIT29EY/test.c
/var/folders/rv/fj31z1cj3j39vd6c2s012n7h0000gn/T//ffconf.JMIT29EY/test.c:1:10: fatal error: 'features.h' file not found
#include <features.h>
         ^~~~~~~~~~~~
1 error generated.
test_host_cpp_condition features.h defined __GLIBC__
test_host_cpp
BEGIN /var/folders/rv/fj31z1cj3j39vd6c2s012n7h0000gn/T//ffconf.JMIT29EY/test.c
    1	#include <features.h>
    2	#if !(defined __GLIBC__)
    3	#error "unsatisfied condition: defined __GLIBC__"
    4	#endif
END /var/folders/rv/fj31z1cj3j39vd6c2s012n7h0000gn/T//ffconf.JMIT29EY/test.c
gcc -D_ISOC11_SOURCE -std=c17 -Wall -O3 -E -o /var/folders/rv/fj31z1cj3j39vd6c2s012n7h0000gn/T//ffconf.JMIT29EY/test.o /var/folders/rv/fj31z1cj3j39vd6c2s012n7h0000gn/T//ffconf.JMIT29EY/test.c
/var/folders/rv/fj31z1cj3j39vd6c2s012n7h0000gn/T//ffconf.JMIT29EY/test.c:1:10: fatal error: 'features.h' file not found
#include <features.h>
         ^~~~~~~~~~~~
1 error generated.
test_host_cpp_condition newlib.h defined _NEWLIB_VERSION
test_host_cpp
BEGIN /var/folders/rv/fj31z1cj3j39vd6c2s012n7h0000gn/T//ffconf.JMIT29EY/test.c
    1	#include <newlib.h>
    2	#if !(defined _NEWLIB_VERSION)
    3	#error "unsatisfied condition: defined _NEWLIB_VERSION"
    4	#endif
END /var/folders/rv/fj31z1cj3j39vd6c2s012n7h0000gn/T//ffconf.JMIT29EY/test.c
gcc -D_ISOC11_SOURCE -std=c17 -Wall -O3 -E -o /var/folders/rv/fj31z1cj3j39vd6c2s012n7h0000gn/T//ffconf.JMIT29EY/test.o /var/folders/rv/fj31z1cj3j39vd6c2s012n7h0000gn/T//ffconf.JMIT29EY/test.c
/var/folders/rv/fj31z1cj3j39vd6c2s012n7h0000gn/T//ffconf.JMIT29EY/test.c:1:10: fatal error: 'newlib.h' file not found
#include <newlib.h>
         ^~~~~~~~~~
1 error generated.
test_host_cpp_condition _mingw.h defined __MINGW64_VERSION_MAJOR
test_host_cpp
BEGIN /var/folders/rv/fj31z1cj3j39vd6c2s012n7h0000gn/T//ffconf.JMIT29EY/test.c
    1	#include <_mingw.h>
    2	#if !(defined __MINGW64_VERSION_MAJOR)
    3	#error "unsatisfied condition: defined __MINGW64_VERSION_MAJOR"
    4	#endif
END /var/folders/rv/fj31z1cj3j39vd6c2s012n7h0000gn/T//ffconf.JMIT29EY/test.c
gcc -D_ISOC11_SOURCE -std=c17 -Wall -O3 -E -o /var/folders/rv/fj31z1cj3j39vd6c2s012n7h0000gn/T//ffconf.JMIT29EY/test.o /var/folders/rv/fj31z1cj3j39vd6c2s012n7h0000gn/T//ffconf.JMIT29EY/test.c
/var/folders/rv/fj31z1cj3j39vd6c2s012n7h0000gn/T//ffconf.JMIT29EY/test.c:1:10: fatal error: '_mingw.h' file not found
#include <_mingw.h>
         ^~~~~~~~~~
1 error generated.
test_host_cpp_condition _mingw.h defined __MINGW_VERSION
test_host_cpp
BEGIN /var/folders/rv/fj31z1cj3j39vd6c2s012n7h0000gn/T//ffconf.JMIT29EY/test.c
    1	#include <_mingw.h>
    2	#if !(defined __MINGW_VERSION)
    3	#error "unsatisfied condition: defined __MINGW_VERSION"
    4	#endif
END /var/folders/rv/fj31z1cj3j39vd6c2s012n7h0000gn/T//ffconf.JMIT29EY/test.c
gcc -D_ISOC11_SOURCE -std=c17 -Wall -O3 -E -o /var/folders/rv/fj31z1cj3j39vd6c2s012n7h0000gn/T//ffconf.JMIT29EY/test.o /var/folders/rv/fj31z1cj3j39vd6c2s012n7h0000gn/T//ffconf.JMIT29EY/test.c
/var/folders/rv/fj31z1cj3j39vd6c2s012n7h0000gn/T//ffconf.JMIT29EY/test.c:1:10: fatal error: '_mingw.h' file not found
#include <_mingw.h>
         ^~~~~~~~~~
1 error generated.
test_host_cpp_condition _mingw.h defined __MINGW32_VERSION
test_host_cpp
BEGIN /var/folders/rv/fj31z1cj3j39vd6c2s012n7h0000gn/T//ffconf.JMIT29EY/test.c
    1	#include <_mingw.h>
    2	#if !(defined __MINGW32_VERSION)
    3	#error "unsatisfied condition: defined __MINGW32_VERSION"
    4	#endif
END /var/folders/rv/fj31z1cj3j39vd6c2s012n7h0000gn/T//ffconf.JMIT29EY/test.c
gcc -D_ISOC11_SOURCE -std=c17 -Wall -O3 -E -o /var/folders/rv/fj31z1cj3j39vd6c2s012n7h0000gn/T//ffconf.JMIT29EY/test.o /var/folders/rv/fj31z1cj3j39vd6c2s012n7h0000gn/T//ffconf.JMIT29EY/test.c
/var/folders/rv/fj31z1cj3j39vd6c2s012n7h0000gn/T//ffconf.JMIT29EY/test.c:1:10: fatal error: '_mingw.h' file not found
#include <_mingw.h>
         ^~~~~~~~~~
1 error generated.
test_host_cpp_condition crtversion.h defined _VC_CRT_MAJOR_VERSION
test_host_cpp
BEGIN /var/folders/rv/fj31z1cj3j39vd6c2s012n7h0000gn/T//ffconf.JMIT29EY/test.c
    1	#include <crtversion.h>
    2	#if !(defined _VC_CRT_MAJOR_VERSION)
    3	#error "unsatisfied condition: defined _VC_CRT_MAJOR_VERSION"
    4	#endif
END /var/folders/rv/fj31z1cj3j39vd6c2s012n7h0000gn/T//ffconf.JMIT29EY/test.c
gcc -D_ISOC11_SOURCE -std=c17 -Wall -O3 -E -o /var/folders/rv/fj31z1cj3j39vd6c2s012n7h0000gn/T//ffconf.JMIT29EY/test.o /var/folders/rv/fj31z1cj3j39vd6c2s012n7h0000gn/T//ffconf.JMIT29EY/test.c
/var/folders/rv/fj31z1cj3j39vd6c2s012n7h0000gn/T//ffconf.JMIT29EY/test.c:1:10: fatal error: 'crtversion.h' file not found
#include <crtversion.h>
         ^~~~~~~~~~~~~~
1 error generated.
test_host_cpp_condition stddef.h defined __KLIBC__
test_host_cpp
BEGIN /var/folders/rv/fj31z1cj3j39vd6c2s012n7h0000gn/T//ffconf.JMIT29EY/test.c
    1	#include <stddef.h>
    2	#if !(defined __KLIBC__)
    3	#error "unsatisfied condition: defined __KLIBC__"
    4	#endif
END /var/folders/rv/fj31z1cj3j39vd6c2s012n7h0000gn/T//ffconf.JMIT29EY/test.c
gcc -D_ISOC11_SOURCE -std=c17 -Wall -O3 -E -o /var/folders/rv/fj31z1cj3j39vd6c2s012n7h0000gn/T//ffconf.JMIT29EY/test.o /var/folders/rv/fj31z1cj3j39vd6c2s012n7h0000gn/T//ffconf.JMIT29EY/test.c
/var/folders/rv/fj31z1cj3j39vd6c2s012n7h0000gn/T//ffconf.JMIT29EY/test.c:3:2: error: "unsatisfied condition: defined __KLIBC__"
#error "unsatisfied condition: defined __KLIBC__"
 ^
1 error generated.
test_host_cpp_condition sys/cdefs.h defined __BIONIC__
test_host_cpp
BEGIN /var/folders/rv/fj31z1cj3j39vd6c2s012n7h0000gn/T//ffconf.JMIT29EY/test.c
    1	#include <sys/cdefs.h>
    2	#if !(defined __BIONIC__)
    3	#error "unsatisfied condition: defined __BIONIC__"
    4	#endif
END /var/folders/rv/fj31z1cj3j39vd6c2s012n7h0000gn/T//ffconf.JMIT29EY/test.c
gcc -D_ISOC11_SOURCE -std=c17 -Wall -O3 -E -o /var/folders/rv/fj31z1cj3j39vd6c2s012n7h0000gn/T//ffconf.JMIT29EY/test.o /var/folders/rv/fj31z1cj3j39vd6c2s012n7h0000gn/T//ffconf.JMIT29EY/test.c
/var/folders/rv/fj31z1cj3j39vd6c2s012n7h0000gn/T//ffconf.JMIT29EY/test.c:3:2: error: "unsatisfied condition: defined __BIONIC__"
#error "unsatisfied condition: defined __BIONIC__"
 ^
1 error generated.
test_host_cpp_condition sys/brand.h defined LABELED_BRAND_NAME
test_host_cpp
BEGIN /var/folders/rv/fj31z1cj3j39vd6c2s012n7h0000gn/T//ffconf.JMIT29EY/test.c
    1	#include <sys/brand.h>
    2	#if !(defined LABELED_BRAND_NAME)
    3	#error "unsatisfied condition: defined LABELED_BRAND_NAME"
    4	#endif
END /var/folders/rv/fj31z1cj3j39vd6c2s012n7h0000gn/T//ffconf.JMIT29EY/test.c
gcc -D_ISOC11_SOURCE -std=c17 -Wall -O3 -E -o /var/folders/rv/fj31z1cj3j39vd6c2s012n7h0000gn/T//ffconf.JMIT29EY/test.o /var/folders/rv/fj31z1cj3j39vd6c2s012n7h0000gn/T//ffconf.JMIT29EY/test.c
/var/folders/rv/fj31z1cj3j39vd6c2s012n7h0000gn/T//ffconf.JMIT29EY/test.c:1:10: fatal error: 'sys/brand.h' file not found
#include <sys/brand.h>
         ^~~~~~~~~~~~~
1 error generated.
test_host_cpp_condition sys/version.h defined __DJGPP__
test_host_cpp
BEGIN /var/folders/rv/fj31z1cj3j39vd6c2s012n7h0000gn/T//ffconf.JMIT29EY/test.c
    1	#include <sys/version.h>
    2	#if !(defined __DJGPP__)
    3	#error "unsatisfied condition: defined __DJGPP__"
    4	#endif
END /var/folders/rv/fj31z1cj3j39vd6c2s012n7h0000gn/T//ffconf.JMIT29EY/test.c
gcc -D_ISOC11_SOURCE -std=c17 -Wall -O3 -E -o /var/folders/rv/fj31z1cj3j39vd6c2s012n7h0000gn/T//ffconf.JMIT29EY/test.o /var/folders/rv/fj31z1cj3j39vd6c2s012n7h0000gn/T//ffconf.JMIT29EY/test.c
/var/folders/rv/fj31z1cj3j39vd6c2s012n7h0000gn/T//ffconf.JMIT29EY/test.c:1:10: fatal error: 'sys/version.h' file not found
#include <sys/version.h>
         ^~~~~~~~~~~~~~~
1 error generated.
test_host_cc
BEGIN /var/folders/rv/fj31z1cj3j39vd6c2s012n7h0000gn/T//ffconf.JMIT29EY/test.c
    1	#include <time.h>
    2	void *v = localtime_r;
END /var/folders/rv/fj31z1cj3j39vd6c2s012n7h0000gn/T//ffconf.JMIT29EY/test.c
gcc -std=c17 -Wall -O3 -c -o /var/folders/rv/fj31z1cj3j39vd6c2s012n7h0000gn/T//ffconf.JMIT29EY/test.o /var/folders/rv/fj31z1cj3j39vd6c2s012n7h0000gn/T//ffconf.JMIT29EY/test.c
check_compile_assert flt_lim float.h limits.h DBL_MAX == (double)DBL_MAX
test_code cc float.h limits.h char c[2 * !!(DBL_MAX == (double)DBL_MAX) - 1]
test_cc
BEGIN /var/folders/rv/fj31z1cj3j39vd6c2s012n7h0000gn/T//ffconf.JMIT29EY/test.c
    1	#include <float.h>
    2	#include <limits.h>
    3	int main(void) { char c[2 * !!(DBL_MAX == (double)DBL_MAX) - 1]; return 0; }
END /var/folders/rv/fj31z1cj3j39vd6c2s012n7h0000gn/T//ffconf.JMIT29EY/test.c
gcc -D_ISOC11_SOURCE -D_FILE_OFFSET_BITS=64 -D_LARGEFILE_SOURCE -I$(SRC_PATH)/compat/dispatch_semaphore -fPIC -arch x86_64 -mmacosx-version-min=11.0 -Wno-error=asm-operand-widths -I/Users/runner/work/ffmpeg-build/ffmpeg-build/vulkan-headers/include -std=c17 -Werror=partial-availability -fno-common -c -o /var/folders/rv/fj31z1cj3j39vd6c2s012n7h0000gn/T//ffconf.JMIT29EY/test.o /var/folders/rv/fj31z1cj3j39vd6c2s012n7h0000gn/T//ffconf.JMIT29EY/test.c
test_cpp_condition stdlib.h defined(__PIC__) || defined(__pic__) || defined(PIC)
test_cpp
BEGIN /var/folders/rv/fj31z1cj3j39vd6c2s012n7h0000gn/T//ffconf.JMIT29EY/test.c
    1	#include <stdlib.h>
    2	#if !(defined(__PIC__) || defined(__pic__) || defined(PIC))
    3	#error "unsatisfied condition: defined(__PIC__) || defined(__pic__) || defined(PIC)"
    4	#endif
END /var/folders/rv/fj31z1cj3j39vd6c2s012n7h0000gn/T//ffconf.JMIT29EY/test.c
gcc -D_ISOC11_SOURCE -D_FILE_OFFSET_BITS=64 -D_LARGEFILE_SOURCE -I$(SRC_PATH)/compat/dispatch_semaphore -fPIC -arch x86_64 -mmacosx-version-min=11.0 -Wno-error=asm-operand-widths -I/Users/runner/work/ffmpeg-build/ffmpeg-build/vulkan-headers/include -std=c17 -Werror=partial-availability -fno-common -E -o /var/folders/rv/fj31z1cj3j39vd6c2s012n7h0000gn/T//ffconf.JMIT29EY/test.o /var/folders/rv/fj31z1cj3j39vd6c2s012n7h0000gn/T//ffconf.JMIT29EY/test.c
check_cflags -fomit-frame-pointer
test_cflags -fomit-frame-pointer
test_cc -fomit-frame-pointer
BEGIN /var/folders/rv/fj31z1cj3j39vd6c2s012n7h0000gn/T//ffconf.JMIT29EY/test.c
    1	int x;
END /var/folders/rv/fj31z1cj3j39vd6c2s012n7h0000gn/T//ffconf.JMIT29EY/test.c
gcc -D_ISOC11_SOURCE -D_FILE_OFFSET_BITS=64 -D_LARGEFILE_SOURCE -I$(SRC_PATH)/compat/dispatch_semaphore -fPIC -arch x86_64 -mmacosx-version-min=11.0 -Wno-error=asm-operand-widths -I/Users/runner/work/ffmpeg-build/ffmpeg-build/vulkan-headers/include -std=c17 -Werror=partial-availability -fno-common -fomit-frame-pointer -c -o /var/folders/rv/fj31z1cj3j39vd6c2s012n7h0000gn/T//ffconf.JMIT29EY/test.o /var/folders/rv/fj31z1cj3j39vd6c2s012n7h0000gn/T//ffconf.JMIT29EY/test.c
check_cxxflags -fomit-frame-pointer
test_cxxflags -fomit-frame-pointer
test_cxx -fomit-frame-pointer
BEGIN /var/folders/rv/fj31z1cj3j39vd6c2s012n7h0000gn/T//ffconf.JMIT29EY/test.cpp
    1	int x;
END /var/folders/rv/fj31z1cj3j39vd6c2s012n7h0000gn/T//ffconf.JMIT29EY/test.cpp
g++ -D_ISOC11_SOURCE -D_FILE_OFFSET_BITS=64 -D_LARGEFILE_SOURCE -I$(SRC_PATH)/compat/dispatch_semaphore -D__STDC_CONSTANT_MACROS -std=c++17 -Werror=partial-availability -fomit-frame-pointer -c -o /var/folders/rv/fj31z1cj3j39vd6c2s012n7h0000gn/T//ffconf.JMIT29EY/test.o /var/folders/rv/fj31z1cj3j39vd6c2s012n7h0000gn/T//ffconf.JMIT29EY/test.cpp
check_objcflags -fomit-frame-pointer
test_objcflags -fomit-frame-pointer
test_objcc -fomit-frame-pointer
BEGIN /var/folders/rv/fj31z1cj3j39vd6c2s012n7h0000gn/T//ffconf.JMIT29EY/test.m
    1	int x;
END /var/folders/rv/fj31z1cj3j39vd6c2s012n7h0000gn/T//ffconf.JMIT29EY/test.m
gcc -Werror=missing-prototypes -D_ISOC11_SOURCE -D_FILE_OFFSET_BITS=64 -D_LARGEFILE_SOURCE -I$(SRC_PATH)/compat/dispatch_semaphore -fPIC -arch x86_64 -mmacosx-version-min=11.0 -Wno-error=asm-operand-widths -I/Users/runner/work/ffmpeg-build/ffmpeg-build/vulkan-headers/include -std=c17 -Werror=partial-availability -fno-common -fomit-frame-pointer -Werror=partial-availability -fomit-frame-pointer -c -o /var/folders/rv/fj31z1cj3j39vd6c2s012n7h0000gn/T//ffconf.JMIT29EY/test.o /var/folders/rv/fj31z1cj3j39vd6c2s012n7h0000gn/T//ffconf.JMIT29EY/test.m
test_cc
BEGIN /var/folders/rv/fj31z1cj3j39vd6c2s012n7h0000gn/T//ffconf.JMIT29EY/test.c
    1	int ff_extern;
END /var/folders/rv/fj31z1cj3j39vd6c2s012n7h0000gn/T//ffconf.JMIT29EY/test.c
gcc -D_ISOC11_SOURCE -D_FILE_OFFSET_BITS=64 -D_LARGEFILE_SOURCE -I$(SRC_PATH)/compat/dispatch_semaphore -DPIC -fPIC -arch x86_64 -mmacosx-version-min=11.0 -Wno-error=asm-operand-widths -I/Users/runner/work/ffmpeg-build/ffmpeg-build/vulkan-headers/include -std=c17 -Werror=partial-availability -fno-common -fomit-frame-pointer -fPIC -c -o /var/folders/rv/fj31z1cj3j39vd6c2s012n7h0000gn/T//ffconf.JMIT29EY/test.o /var/folders/rv/fj31z1cj3j39vd6c2s012n7h0000gn/T//ffconf.JMIT29EY/test.c
Symbol prefix detected as: '_'
check_inline_asm inline_asm "" ::
test_cc
BEGIN /var/folders/rv/fj31z1cj3j39vd6c2s012n7h0000gn/T//ffconf.JMIT29EY/test.c
    1	void foo(void){ __asm__ volatile("" ::); }
END /var/folders/rv/fj31z1cj3j39vd6c2s012n7h0000gn/T//ffconf.JMIT29EY/test.c
gcc -D_ISOC11_SOURCE -D_FILE_OFFSET_BITS=64 -D_LARGEFILE_SOURCE -I$(SRC_PATH)/compat/dispatch_semaphore -DPIC -fPIC -arch x86_64 -mmacosx-version-min=11.0 -Wno-error=asm-operand-widths -I/Users/runner/work/ffmpeg-build/ffmpeg-build/vulkan-headers/include -std=c17 -Werror=partial-availability -fno-common -fomit-frame-pointer -fPIC -c -o /var/folders/rv/fj31z1cj3j39vd6c2s012n7h0000gn/T//ffconf.JMIT29EY/test.o /var/folders/rv/fj31z1cj3j39vd6c2s012n7h0000gn/T//ffconf.JMIT29EY/test.c
check_cc pragma_deprecated  _Pragma("GCC diagnostic push") _Pragma("GCC diagnostic ignored \"-Wdeprecated-declarations\"")
test_code cc  _Pragma("GCC diagnostic push") _Pragma("GCC diagnostic ignored \"-Wdeprecated-declarations\"")
test_cc
BEGIN /var/folders/rv/fj31z1cj3j39vd6c2s012n7h0000gn/T//ffconf.JMIT29EY/test.c
    1	int main(void) { _Pragma("GCC diagnostic push") _Pragma("GCC diagnostic ignored \"-Wdeprecated-declarations\""); return 0; }
END /var/folders/rv/fj31z1cj3j39vd6c2s012n7h0000gn/T//ffconf.JMIT29EY/test.c
gcc -D_ISOC11_SOURCE -D_FILE_OFFSET_BITS=64 -D_LARGEFILE_SOURCE -I$(SRC_PATH)/compat/dispatch_semaphore -DPIC -fPIC -arch x86_64 -mmacosx-version-min=11.0 -Wno-error=asm-operand-widths -I/Users/runner/work/ffmpeg-build/ffmpeg-build/vulkan-headers/include -std=c17 -Werror=partial-availability -fno-common -fomit-frame-pointer -fPIC -c -o /var/folders/rv/fj31z1cj3j39vd6c2s012n7h0000gn/T//ffconf.JMIT29EY/test.o /var/folders/rv/fj31z1cj3j39vd6c2s012n7h0000gn/T//ffconf.JMIT29EY/test.c
test_cpp_condition stdlib.h defined(__BYTE_ORDER__) && (__BYTE_ORDER__ == __ORDER_BIG_ENDIAN__)
test_cpp
BEGIN /var/folders/rv/fj31z1cj3j39vd6c2s012n7h0000gn/T//ffconf.JMIT29EY/test.c
    1	#include <stdlib.h>
    2	#if !(defined(__BYTE_ORDER__) && (__BYTE_ORDER__ == __ORDER_BIG_ENDIAN__))
    3	#error "unsatisfied condition: defined(__BYTE_ORDER__) && (__BYTE_ORDER__ == __ORDER_BIG_ENDIAN__)"
    4	#endif
END /var/folders/rv/fj31z1cj3j39vd6c2s012n7h0000gn/T//ffconf.JMIT29EY/test.c
gcc -D_ISOC11_SOURCE -D_FILE_OFFSET_BITS=64 -D_LARGEFILE_SOURCE -I$(SRC_PATH)/compat/dispatch_semaphore -DPIC -fPIC -arch x86_64 -mmacosx-version-min=11.0 -Wno-error=asm-operand-widths -I/Users/runner/work/ffmpeg-build/ffmpeg-build/vulkan-headers/include -std=c17 -Werror=partial-availability -fno-common -fomit-frame-pointer -fPIC -E -o /var/folders/rv/fj31z1cj3j39vd6c2s012n7h0000gn/T//ffconf.JMIT29EY/test.o /var/folders/rv/fj31z1cj3j39vd6c2s012n7h0000gn/T//ffconf.JMIT29EY/test.c
/var/folders/rv/fj31z1cj3j39vd6c2s012n7h0000gn/T//ffconf.JMIT29EY/test.c:3:2: error: "unsatisfied condition: defined(__BYTE_ORDER__) && (__BYTE_ORDER__ == __ORDER_BIG_ENDIAN__)"
#error "unsatisfied condition: defined(__BYTE_ORDER__) && (__BYTE_ORDER__ == __ORDER_BIG_ENDIAN__)"
 ^
1 error generated.
check_cc const_nan math.h struct { double d; } static const bar[] = { { NAN } }
test_code cc math.h struct { double d; } static const bar[] = { { NAN } }
test_cc
BEGIN /var/folders/rv/fj31z1cj3j39vd6c2s012n7h0000gn/T//ffconf.JMIT29EY/test.c
    1	#include <math.h>
    2	int main(void) { struct { double d; } static const bar[] = { { NAN } }; return 0; }
END /var/folders/rv/fj31z1cj3j39vd6c2s012n7h0000gn/T//ffconf.JMIT29EY/test.c
gcc -D_ISOC11_SOURCE -D_FILE_OFFSET_BITS=64 -D_LARGEFILE_SOURCE -I$(SRC_PATH)/compat/dispatch_semaphore -DPIC -fPIC -arch x86_64 -mmacosx-version-min=11.0 -Wno-error=asm-operand-widths -I/Users/runner/work/ffmpeg-build/ffmpeg-build/vulkan-headers/include -std=c17 -Werror=partial-availability -fno-common -fomit-frame-pointer -fPIC -c -o /var/folders/rv/fj31z1cj3j39vd6c2s012n7h0000gn/T//ffconf.JMIT29EY/test.o /var/folders/rv/fj31z1cj3j39vd6c2s012n7h0000gn/T//ffconf.JMIT29EY/test.c
check_inline_asm inline_asm_labels "1:
"
test_cc
BEGIN /var/folders/rv/fj31z1cj3j39vd6c2s012n7h0000gn/T//ffconf.JMIT29EY/test.c
    1	void foo(void){ __asm__ volatile("1:\n"); }
END /var/folders/rv/fj31z1cj3j39vd6c2s012n7h0000gn/T//ffconf.JMIT29EY/test.c
gcc -D_ISOC11_SOURCE -D_FILE_OFFSET_BITS=64 -D_LARGEFILE_SOURCE -I$(SRC_PATH)/compat/dispatch_semaphore -DPIC -fPIC -arch x86_64 -mmacosx-version-min=11.0 -Wno-error=asm-operand-widths -I/Users/runner/work/ffmpeg-build/ffmpeg-build/vulkan-headers/include -std=c17 -Werror=partial-availability -fno-common -fomit-frame-pointer -fPIC -c -o /var/folders/rv/fj31z1cj3j39vd6c2s012n7h0000gn/T//ffconf.JMIT29EY/test.o /var/folders/rv/fj31z1cj3j39vd6c2s012n7h0000gn/T//ffconf.JMIT29EY/test.c
check_inline_asm inline_asm_nonlocal_labels "Label:
"
test_cc
BEGIN /var/folders/rv/fj31z1cj3j39vd6c2s012n7h0000gn/T//ffconf.JMIT29EY/test.c
    1	void foo(void){ __asm__ volatile("Label:\n"); }
END /var/folders/rv/fj31z1cj3j39vd6c2s012n7h0000gn/T//ffconf.JMIT29EY/test.c
gcc -D_ISOC11_SOURCE -D_FILE_OFFSET_BITS=64 -D_LARGEFILE_SOURCE -I$(SRC_PATH)/compat/dispatch_semaphore -DPIC -fPIC -arch x86_64 -mmacosx-version-min=11.0 -Wno-error=asm-operand-widths -I/Users/runner/work/ffmpeg-build/ffmpeg-build/vulkan-headers/include -std=c17 -Werror=partial-availability -fno-common -fomit-frame-pointer -fPIC -c -o /var/folders/rv/fj31z1cj3j39vd6c2s012n7h0000gn/T//ffconf.JMIT29EY/test.o /var/folders/rv/fj31z1cj3j39vd6c2s012n7h0000gn/T//ffconf.JMIT29EY/test.c
check_builtin rdtsc intrin.h __rdtsc()
test_code ld intrin.h __rdtsc() cc
test_ld cc
test_cc
BEGIN /var/folders/rv/fj31z1cj3j39vd6c2s012n7h0000gn/T//ffconf.JMIT29EY/test.c
    1	#include <intrin.h>
    2	int main(void) { __rdtsc(); return 0; }
END /var/folders/rv/fj31z1cj3j39vd6c2s012n7h0000gn/T//ffconf.JMIT29EY/test.c
gcc -D_ISOC11_SOURCE -D_FILE_OFFSET_BITS=64 -D_LARGEFILE_SOURCE -I$(SRC_PATH)/compat/dispatch_semaphore -DPIC -fPIC -arch x86_64 -mmacosx-version-min=11.0 -Wno-error=asm-operand-widths -I/Users/runner/work/ffmpeg-build/ffmpeg-build/vulkan-headers/include -std=c17 -Werror=partial-availability -fno-common -fomit-frame-pointer -fPIC -c -o /var/folders/rv/fj31z1cj3j39vd6c2s012n7h0000gn/T//ffconf.JMIT29EY/test.o /var/folders/rv/fj31z1cj3j39vd6c2s012n7h0000gn/T//ffconf.JMIT29EY/test.c
In file included from /var/folders/rv/fj31z1cj3j39vd6c2s012n7h0000gn/T//ffconf.JMIT29EY/test.c:1:
/Applications/Xcode_15.4.app/Contents/Developer/Toolchains/XcodeDefault.xctoolchain/usr/lib/clang/15.0.0/include/intrin.h:12:15: fatal error: 'intrin.h' file not found
#include_next <intrin.h>
              ^~~~~~~~~~
1 error generated.
check_builtin mm_empty mmintrin.h _mm_empty()
test_code ld mmintrin.h _mm_empty() cc
test_ld cc
test_cc
BEGIN /var/folders/rv/fj31z1cj3j39vd6c2s012n7h0000gn/T//ffconf.JMIT29EY/test.c
    1	#include <mmintrin.h>
    2	int main(void) { _mm_empty(); return 0; }
END /var/folders/rv/fj31z1cj3j39vd6c2s012n7h0000gn/T//ffconf.JMIT29EY/test.c
gcc -D_ISOC11_SOURCE -D_FILE_OFFSET_BITS=64 -D_LARGEFILE_SOURCE -I$(SRC_PATH)/compat/dispatch_semaphore -DPIC -fPIC -arch x86_64 -mmacosx-version-min=11.0 -Wno-error=asm-operand-widths -I/Users/runner/work/ffmpeg-build/ffmpeg-build/vulkan-headers/include -std=c17 -Werror=partial-availability -fno-common -fomit-frame-pointer -fPIC -c -o /var/folders/rv/fj31z1cj3j39vd6c2s012n7h0000gn/T//ffconf.JMIT29EY/test.o /var/folders/rv/fj31z1cj3j39vd6c2s012n7h0000gn/T//ffconf.JMIT29EY/test.c
gcc -arch x86_64 -mmacosx-version-min=11.0 -Wl,-dynamic,-search_paths_first -o /var/folders/rv/fj31z1cj3j39vd6c2s012n7h0000gn/T//ffconf.JMIT29EY/test /var/folders/rv/fj31z1cj3j39vd6c2s012n7h0000gn/T//ffconf.JMIT29EY/test.o
check_exec_crash
test_ld cc
test_cc
BEGIN /var/folders/rv/fj31z1cj3j39vd6c2s012n7h0000gn/T//ffconf.JMIT29EY/test.c
    1	#include <signal.h>
    2	static void sighandler(int sig){
    3	    raise(SIGTERM);
    4	}
    5	int foo(void){
    6	    volatile int i=0;
    7	__asm__ volatile ("xorl %%ebp, %%ebp" ::: "%ebp");
    8	return i;
    9	}
   10	int (*func_ptr)(void) = foo;
   11	int main(void){
   12	    signal(SIGILL, sighandler);
   13	    signal(SIGFPE, sighandler);
   14	    signal(SIGSEGV, sighandler);
   15	#ifdef SIGBUS
   16	    signal(SIGBUS, sighandler);
   17	#endif
   18	    return func_ptr();
   19	}
END /var/folders/rv/fj31z1cj3j39vd6c2s012n7h0000gn/T//ffconf.JMIT29EY/test.c
gcc -D_ISOC11_SOURCE -D_FILE_OFFSET_BITS=64 -D_LARGEFILE_SOURCE -I$(SRC_PATH)/compat/dispatch_semaphore -DPIC -fPIC -arch x86_64 -mmacosx-version-min=11.0 -Wno-error=asm-operand-widths -I/Users/runner/work/ffmpeg-build/ffmpeg-build/vulkan-headers/include -std=c17 -Werror=partial-availability -fno-common -fomit-frame-pointer -fPIC -c -o /var/folders/rv/fj31z1cj3j39vd6c2s012n7h0000gn/T//ffconf.JMIT29EY/test.o /var/folders/rv/fj31z1cj3j39vd6c2s012n7h0000gn/T//ffconf.JMIT29EY/test.c
gcc -arch x86_64 -mmacosx-version-min=11.0 -Wl,-dynamic,-search_paths_first -o /var/folders/rv/fj31z1cj3j39vd6c2s012n7h0000gn/T//ffconf.JMIT29EY/test /var/folders/rv/fj31z1cj3j39vd6c2s012n7h0000gn/T//ffconf.JMIT29EY/test.o
check_inline_asm ebx_available ""::"b"(0)
test_cc
BEGIN /var/folders/rv/fj31z1cj3j39vd6c2s012n7h0000gn/T//ffconf.JMIT29EY/test.c
    1	void foo(void){ __asm__ volatile(""::"b"(0)); }
END /var/folders/rv/fj31z1cj3j39vd6c2s012n7h0000gn/T//ffconf.JMIT29EY/test.c
gcc -D_ISOC11_SOURCE -D_FILE_OFFSET_BITS=64 -D_LARGEFILE_SOURCE -I$(SRC_PATH)/compat/dispatch_semaphore -DPIC -fPIC -arch x86_64 -mmacosx-version-min=11.0 -Wno-error=asm-operand-widths -I/Users/runner/work/ffmpeg-build/ffmpeg-build/vulkan-headers/include -std=c17 -Werror=partial-availability -fno-common -fomit-frame-pointer -fPIC -c -o /var/folders/rv/fj31z1cj3j39vd6c2s012n7h0000gn/T//ffconf.JMIT29EY/test.o /var/folders/rv/fj31z1cj3j39vd6c2s012n7h0000gn/T//ffconf.JMIT29EY/test.c
check_inline_asm ebx_available "":::"%ebx"
test_cc
BEGIN /var/folders/rv/fj31z1cj3j39vd6c2s012n7h0000gn/T//ffconf.JMIT29EY/test.c
    1	void foo(void){ __asm__ volatile("":::"%ebx"); }
END /var/folders/rv/fj31z1cj3j39vd6c2s012n7h0000gn/T//ffconf.JMIT29EY/test.c
gcc -D_ISOC11_SOURCE -D_FILE_OFFSET_BITS=64 -D_LARGEFILE_SOURCE -I$(SRC_PATH)/compat/dispatch_semaphore -DPIC -fPIC -arch x86_64 -mmacosx-version-min=11.0 -Wno-error=asm-operand-widths -I/Users/runner/work/ffmpeg-build/ffmpeg-build/vulkan-headers/include -std=c17 -Werror=partial-availability -fno-common -fomit-frame-pointer -fPIC -c -o /var/folders/rv/fj31z1cj3j39vd6c2s012n7h0000gn/T//ffconf.JMIT29EY/test.o /var/folders/rv/fj31z1cj3j39vd6c2s012n7h0000gn/T//ffconf.JMIT29EY/test.c
check_inline_asm xmm_clobbers "":::"%xmm0"
test_cc
BEGIN /var/folders/rv/fj31z1cj3j39vd6c2s012n7h0000gn/T//ffconf.JMIT29EY/test.c
    1	void foo(void){ __asm__ volatile("":::"%xmm0"); }
END /var/folders/rv/fj31z1cj3j39vd6c2s012n7h0000gn/T//ffconf.JMIT29EY/test.c
gcc -D_ISOC11_SOURCE -D_FILE_OFFSET_BITS=64 -D_LARGEFILE_SOURCE -I$(SRC_PATH)/compat/dispatch_semaphore -DPIC -fPIC -arch x86_64 -mmacosx-version-min=11.0 -Wno-error=asm-operand-widths -I/Users/runner/work/ffmpeg-build/ffmpeg-build/vulkan-headers/include -std=c17 -Werror=partial-availability -fno-common -fomit-frame-pointer -fPIC -c -o /var/folders/rv/fj31z1cj3j39vd6c2s012n7h0000gn/T//ffconf.JMIT29EY/test.o /var/folders/rv/fj31z1cj3j39vd6c2s012n7h0000gn/T//ffconf.JMIT29EY/test.c
check_inline_asm inline_asm_direct_symbol_refs "movl _test, %eax"
test_cc
BEGIN /var/folders/rv/fj31z1cj3j39vd6c2s012n7h0000gn/T//ffconf.JMIT29EY/test.c
    1	void foo(void){ __asm__ volatile("movl _test, %eax"); }
END /var/folders/rv/fj31z1cj3j39vd6c2s012n7h0000gn/T//ffconf.JMIT29EY/test.c
gcc -D_ISOC11_SOURCE -D_FILE_OFFSET_BITS=64 -D_LARGEFILE_SOURCE -I$(SRC_PATH)/compat/dispatch_semaphore -DPIC -fPIC -arch x86_64 -mmacosx-version-min=11.0 -Wno-error=asm-operand-widths -I/Users/runner/work/ffmpeg-build/ffmpeg-build/vulkan-headers/include -std=c17 -Werror=partial-availability -fno-common -fomit-frame-pointer -fPIC -c -o /var/folders/rv/fj31z1cj3j39vd6c2s012n7h0000gn/T//ffconf.JMIT29EY/test.o /var/folders/rv/fj31z1cj3j39vd6c2s012n7h0000gn/T//ffconf.JMIT29EY/test.c
/var/folders/rv/fj31z1cj3j39vd6c2s012n7h0000gn/T//ffconf.JMIT29EY/test.c:1:34: error: 32-bit absolute addressing is not supported in 64-bit mode
void foo(void){ __asm__ volatile("movl _test, %eax"); }
                                 ^
<inline asm>:1:2: note: instantiated into assembly here
        movl _test, %eax
        ^
1 error generated.
check_inline_asm inline_asm_direct_symbol_refs "movl _test(%rip), %eax"
test_cc
BEGIN /var/folders/rv/fj31z1cj3j39vd6c2s012n7h0000gn/T//ffconf.JMIT29EY/test.c
    1	void foo(void){ __asm__ volatile("movl _test(%rip), %eax"); }
END /var/folders/rv/fj31z1cj3j39vd6c2s012n7h0000gn/T//ffconf.JMIT29EY/test.c
gcc -D_ISOC11_SOURCE -D_FILE_OFFSET_BITS=64 -D_LARGEFILE_SOURCE -I$(SRC_PATH)/compat/dispatch_semaphore -DPIC -fPIC -arch x86_64 -mmacosx-version-min=11.0 -Wno-error=asm-operand-widths -I/Users/runner/work/ffmpeg-build/ffmpeg-build/vulkan-headers/include -std=c17 -Werror=partial-availability -fno-common -fomit-frame-pointer -fPIC -c -o /var/folders/rv/fj31z1cj3j39vd6c2s012n7h0000gn/T//ffconf.JMIT29EY/test.o /var/folders/rv/fj31z1cj3j39vd6c2s012n7h0000gn/T//ffconf.JMIT29EY/test.c
check_inline_asm ssse3_inline "pabsw %xmm0, %xmm0"
test_cc
BEGIN /var/folders/rv/fj31z1cj3j39vd6c2s012n7h0000gn/T//ffconf.JMIT29EY/test.c
    1	void foo(void){ __asm__ volatile("pabsw %xmm0, %xmm0"); }
END /var/folders/rv/fj31z1cj3j39vd6c2s012n7h0000gn/T//ffconf.JMIT29EY/test.c
gcc -D_ISOC11_SOURCE -D_FILE_OFFSET_BITS=64 -D_LARGEFILE_SOURCE -I$(SRC_PATH)/compat/dispatch_semaphore -DPIC -fPIC -arch x86_64 -mmacosx-version-min=11.0 -Wno-error=asm-operand-widths -I/Users/runner/work/ffmpeg-build/ffmpeg-build/vulkan-headers/include -std=c17 -Werror=partial-availability -fno-common -fomit-frame-pointer -fPIC -c -o /var/folders/rv/fj31z1cj3j39vd6c2s012n7h0000gn/T//ffconf.JMIT29EY/test.o /var/folders/rv/fj31z1cj3j39vd6c2s012n7h0000gn/T//ffconf.JMIT29EY/test.c
check_inline_asm mmxext_inline "pmaxub %mm0, %mm1"
test_cc
BEGIN /var/folders/rv/fj31z1cj3j39vd6c2s012n7h0000gn/T//ffconf.JMIT29EY/test.c
    1	void foo(void){ __asm__ volatile("pmaxub %mm0, %mm1"); }
END /var/folders/rv/fj31z1cj3j39vd6c2s012n7h0000gn/T//ffconf.JMIT29EY/test.c
gcc -D_ISOC11_SOURCE -D_FILE_OFFSET_BITS=64 -D_LARGEFILE_SOURCE -I$(SRC_PATH)/compat/dispatch_semaphore -DPIC -fPIC -arch x86_64 -mmacosx-version-min=11.0 -Wno-error=asm-operand-widths -I/Users/runner/work/ffmpeg-build/ffmpeg-build/vulkan-headers/include -std=c17 -Werror=partial-availability -fno-common -fomit-frame-pointer -fPIC -c -o /var/folders/rv/fj31z1cj3j39vd6c2s012n7h0000gn/T//ffconf.JMIT29EY/test.o /var/folders/rv/fj31z1cj3j39vd6c2s012n7h0000gn/T//ffconf.JMIT29EY/test.c
nasm -v
NASM version 3.02 compiled on Jun 29 2026
check_x86asm x86asm movbe ecx, [5]
test_x86asm movbe ecx, [5]
BEGIN /var/folders/rv/fj31z1cj3j39vd6c2s012n7h0000gn/T//ffconf.JMIT29EY/test.asm
    1	movbe ecx, [5]
END /var/folders/rv/fj31z1cj3j39vd6c2s012n7h0000gn/T//ffconf.JMIT29EY/test.asm
nasm -Werror -o /var/folders/rv/fj31z1cj3j39vd6c2s012n7h0000gn/T//ffconf.JMIT29EY/test.o /var/folders/rv/fj31z1cj3j39vd6c2s012n7h0000gn/T//ffconf.JMIT29EY/test.asm
check_x86asm avx512_external vmovdqa32 [eax]{k1}{z}, zmm0
test_x86asm vmovdqa32 [eax]{k1}{z}, zmm0
BEGIN /var/folders/rv/fj31z1cj3j39vd6c2s012n7h0000gn/T//ffconf.JMIT29EY/test.asm
    1	vmovdqa32 [eax]{k1}{z}, zmm0
END /var/folders/rv/fj31z1cj3j39vd6c2s012n7h0000gn/T//ffconf.JMIT29EY/test.asm
nasm -f macho64 -DPREFIX -Werror -o /var/folders/rv/fj31z1cj3j39vd6c2s012n7h0000gn/T//ffconf.JMIT29EY/test.o /var/folders/rv/fj31z1cj3j39vd6c2s012n7h0000gn/T//ffconf.JMIT29EY/test.asm
check_x86asm avx512icl_external vpdpwssds zmm31{k1}{z}, zmm29, zmm28
test_x86asm vpdpwssds zmm31{k1}{z}, zmm29, zmm28
BEGIN /var/folders/rv/fj31z1cj3j39vd6c2s012n7h0000gn/T//ffconf.JMIT29EY/test.asm
    1	vpdpwssds zmm31{k1}{z}, zmm29, zmm28
END /var/folders/rv/fj31z1cj3j39vd6c2s012n7h0000gn/T//ffconf.JMIT29EY/test.asm
nasm -f macho64 -DPREFIX -Werror -o /var/folders/rv/fj31z1cj3j39vd6c2s012n7h0000gn/T//ffconf.JMIT29EY/test.o /var/folders/rv/fj31z1cj3j39vd6c2s012n7h0000gn/T//ffconf.JMIT29EY/test.asm
check_x86asm avx2_external vextracti128 xmm0, ymm0, 0
test_x86asm vextracti128 xmm0, ymm0, 0
BEGIN /var/folders/rv/fj31z1cj3j39vd6c2s012n7h0000gn/T//ffconf.JMIT29EY/test.asm
    1	vextracti128 xmm0, ymm0, 0
END /var/folders/rv/fj31z1cj3j39vd6c2s012n7h0000gn/T//ffconf.JMIT29EY/test.asm
nasm -f macho64 -DPREFIX -Werror -o /var/folders/rv/fj31z1cj3j39vd6c2s012n7h0000gn/T//ffconf.JMIT29EY/test.o /var/folders/rv/fj31z1cj3j39vd6c2s012n7h0000gn/T//ffconf.JMIT29EY/test.asm
check_x86asm xop_external vpmacsdd xmm0, xmm1, xmm2, xmm3
test_x86asm vpmacsdd xmm0, xmm1, xmm2, xmm3
BEGIN /var/folders/rv/fj31z1cj3j39vd6c2s012n7h0000gn/T//ffconf.JMIT29EY/test.asm
    1	vpmacsdd xmm0, xmm1, xmm2, xmm3
END /var/folders/rv/fj31z1cj3j39vd6c2s012n7h0000gn/T//ffconf.JMIT29EY/test.asm
nasm -f macho64 -DPREFIX -Werror -o /var/folders/rv/fj31z1cj3j39vd6c2s012n7h0000gn/T//ffconf.JMIT29EY/test.o /var/folders/rv/fj31z1cj3j39vd6c2s012n7h0000gn/T//ffconf.JMIT29EY/test.asm
check_x86asm fma4_external vfmaddps ymm0, ymm1, ymm2, ymm3
test_x86asm vfmaddps ymm0, ymm1, ymm2, ymm3
BEGIN /var/folders/rv/fj31z1cj3j39vd6c2s012n7h0000gn/T//ffconf.JMIT29EY/test.asm
    1	vfmaddps ymm0, ymm1, ymm2, ymm3
END /var/folders/rv/fj31z1cj3j39vd6c2s012n7h0000gn/T//ffconf.JMIT29EY/test.asm
nasm -f macho64 -DPREFIX -Werror -o /var/folders/rv/fj31z1cj3j39vd6c2s012n7h0000gn/T//ffconf.JMIT29EY/test.o /var/folders/rv/fj31z1cj3j39vd6c2s012n7h0000gn/T//ffconf.JMIT29EY/test.asm
check_cc intrinsics_sse2 emmintrin.h __m128i test = _mm_setzero_si128()
test_code cc emmintrin.h __m128i test = _mm_setzero_si128()
test_cc
BEGIN /var/folders/rv/fj31z1cj3j39vd6c2s012n7h0000gn/T//ffconf.JMIT29EY/test.c
    1	#include <emmintrin.h>
    2	int main(void) { __m128i test = _mm_setzero_si128(); return 0; }
END /var/folders/rv/fj31z1cj3j39vd6c2s012n7h0000gn/T//ffconf.JMIT29EY/test.c
gcc -D_ISOC11_SOURCE -D_FILE_OFFSET_BITS=64 -D_LARGEFILE_SOURCE -I$(SRC_PATH)/compat/dispatch_semaphore -DPIC -fPIC -arch x86_64 -mmacosx-version-min=11.0 -Wno-error=asm-operand-widths -I/Users/runner/work/ffmpeg-build/ffmpeg-build/vulkan-headers/include -std=c17 -Werror=partial-availability -fno-common -fomit-frame-pointer -fPIC -c -o /var/folders/rv/fj31z1cj3j39vd6c2s012n7h0000gn/T//ffconf.JMIT29EY/test.o /var/folders/rv/fj31z1cj3j39vd6c2s012n7h0000gn/T//ffconf.JMIT29EY/test.c
check_cc intrinsics_neon arm_neon.h int16x8_t test = vdupq_n_s16(0)
test_code cc arm_neon.h int16x8_t test = vdupq_n_s16(0)
test_cc
BEGIN /var/folders/rv/fj31z1cj3j39vd6c2s012n7h0000gn/T//ffconf.JMIT29EY/test.c
    1	#include <arm_neon.h>
    2	int main(void) { int16x8_t test = vdupq_n_s16(0); return 0; }
END /var/folders/rv/fj31z1cj3j39vd6c2s012n7h0000gn/T//ffconf.JMIT29EY/test.c
gcc -D_ISOC11_SOURCE -D_FILE_OFFSET_BITS=64 -D_LARGEFILE_SOURCE -I$(SRC_PATH)/compat/dispatch_semaphore -DPIC -fPIC -arch x86_64 -mmacosx-version-min=11.0 -Wno-error=asm-operand-widths -I/Users/runner/work/ffmpeg-build/ffmpeg-build/vulkan-headers/include -std=c17 -Werror=partial-availability -fno-common -fomit-frame-pointer -fPIC -c -o /var/folders/rv/fj31z1cj3j39vd6c2s012n7h0000gn/T//ffconf.JMIT29EY/test.o /var/folders/rv/fj31z1cj3j39vd6c2s012n7h0000gn/T//ffconf.JMIT29EY/test.c
In file included from /var/folders/rv/fj31z1cj3j39vd6c2s012n7h0000gn/T//ffconf.JMIT29EY/test.c:1:
/Applications/Xcode_15.4.app/Contents/Developer/Toolchains/XcodeDefault.xctoolchain/usr/lib/clang/15.0.0/include/arm_neon.h:28:2: error: "NEON intrinsics not available with the soft-float ABI. Please use -mfloat-abi=softfp or -mfloat-abi=hard"
#error "NEON intrinsics not available with the soft-float ABI. Please use -mfloat-abi=softfp or -mfloat-abi=hard"
 ^
/var/folders/rv/fj31z1cj3j39vd6c2s012n7h0000gn/T//ffconf.JMIT29EY/test.c:2:18: error: use of undeclared identifier 'int16x8_t'
int main(void) { int16x8_t test = vdupq_n_s16(0); return 0; }
                 ^
2 errors generated.
check_ldflags -Wl,--as-needed
test_ldflags -Wl,--as-needed
test_ld cc -Wl,--as-needed
test_cc -Wl,--as-needed
BEGIN /var/folders/rv/fj31z1cj3j39vd6c2s012n7h0000gn/T//ffconf.JMIT29EY/test.c
    1	int main(void){ return 0; }
END /var/folders/rv/fj31z1cj3j39vd6c2s012n7h0000gn/T//ffconf.JMIT29EY/test.c
gcc -D_ISOC11_SOURCE -D_FILE_OFFSET_BITS=64 -D_LARGEFILE_SOURCE -I$(SRC_PATH)/compat/dispatch_semaphore -DPIC -fPIC -arch x86_64 -mmacosx-version-min=11.0 -Wno-error=asm-operand-widths -I/Users/runner/work/ffmpeg-build/ffmpeg-build/vulkan-headers/include -std=c17 -Werror=partial-availability -fno-common -fomit-frame-pointer -fPIC -Wl,--as-needed -c -o /var/folders/rv/fj31z1cj3j39vd6c2s012n7h0000gn/T//ffconf.JMIT29EY/test.o /var/folders/rv/fj31z1cj3j39vd6c2s012n7h0000gn/T//ffconf.JMIT29EY/test.c
clang: warning: -Wl,--as-needed: 'linker' input unused [-Wunused-command-line-argument]
gcc -arch x86_64 -mmacosx-version-min=11.0 -Wl,-dynamic,-search_paths_first -Wl,--as-needed -o /var/folders/rv/fj31z1cj3j39vd6c2s012n7h0000gn/T//ffconf.JMIT29EY/test /var/folders/rv/fj31z1cj3j39vd6c2s012n7h0000gn/T//ffconf.JMIT29EY/test.o
ld: unknown options: --as-needed 
clang: error: linker command failed with exit code 1 (use -v to see invocation)
check_ldflags -Wl,-z,noexecstack
test_ldflags -Wl,-z,noexecstack
test_ld cc -Wl,-z,noexecstack
test_cc -Wl,-z,noexecstack
BEGIN /var/folders/rv/fj31z1cj3j39vd6c2s012n7h0000gn/T//ffconf.JMIT29EY/test.c
    1	int main(void){ return 0; }
END /var/folders/rv/fj31z1cj3j39vd6c2s012n7h0000gn/T//ffconf.JMIT29EY/test.c
gcc -D_ISOC11_SOURCE -D_FILE_OFFSET_BITS=64 -D_LARGEFILE_SOURCE -I$(SRC_PATH)/compat/dispatch_semaphore -DPIC -fPIC -arch x86_64 -mmacosx-version-min=11.0 -Wno-error=asm-operand-widths -I/Users/runner/work/ffmpeg-build/ffmpeg-build/vulkan-headers/include -std=c17 -Werror=partial-availability -fno-common -fomit-frame-pointer -fPIC -Wl,-z,noexecstack -c -o /var/folders/rv/fj31z1cj3j39vd6c2s012n7h0000gn/T//ffconf.JMIT29EY/test.o /var/folders/rv/fj31z1cj3j39vd6c2s012n7h0000gn/T//ffconf.JMIT29EY/test.c
clang: warning: -Wl,-z,noexecstack: 'linker' input unused [-Wunused-command-line-argument]
gcc -arch x86_64 -mmacosx-version-min=11.0 -Wl,-dynamic,-search_paths_first -Wl,-z,noexecstack -o /var/folders/rv/fj31z1cj3j39vd6c2s012n7h0000gn/T//ffconf.JMIT29EY/test /var/folders/rv/fj31z1cj3j39vd6c2s012n7h0000gn/T//ffconf.JMIT29EY/test.o
ld: unknown options: -z 
clang: error: linker command failed with exit code 1 (use -v to see invocation)
check_ldflags -Wl,-no_warn_duplicate_libraries
test_ldflags -Wl,-no_warn_duplicate_libraries
test_ld cc -Wl,-no_warn_duplicate_libraries
test_cc -Wl,-no_warn_duplicate_libraries
BEGIN /var/folders/rv/fj31z1cj3j39vd6c2s012n7h0000gn/T//ffconf.JMIT29EY/test.c
    1	int main(void){ return 0; }
END /var/folders/rv/fj31z1cj3j39vd6c2s012n7h0000gn/T//ffconf.JMIT29EY/test.c
gcc -D_ISOC11_SOURCE -D_FILE_OFFSET_BITS=64 -D_LARGEFILE_SOURCE -I$(SRC_PATH)/compat/dispatch_semaphore -DPIC -fPIC -arch x86_64 -mmacosx-version-min=11.0 -Wno-error=asm-operand-widths -I/Users/runner/work/ffmpeg-build/ffmpeg-build/vulkan-headers/include -std=c17 -Werror=partial-availability -fno-common -fomit-frame-pointer -fPIC -Wl,-no_warn_duplicate_libraries -c -o /var/folders/rv/fj31z1cj3j39vd6c2s012n7h0000gn/T//ffconf.JMIT29EY/test.o /var/folders/rv/fj31z1cj3j39vd6c2s012n7h0000gn/T//ffconf.JMIT29EY/test.c
clang: warning: -Wl,-no_warn_duplicate_libraries: 'linker' input unused [-Wunused-command-line-argument]
gcc -arch x86_64 -mmacosx-version-min=11.0 -Wl,-dynamic,-search_paths_first -Wl,-no_warn_duplicate_libraries -o /var/folders/rv/fj31z1cj3j39vd6c2s012n7h0000gn/T//ffconf.JMIT29EY/test /var/folders/rv/fj31z1cj3j39vd6c2s012n7h0000gn/T//ffconf.JMIT29EY/test.o
check_func getaddrinfo
test_ld cc
test_cc
BEGIN /var/folders/rv/fj31z1cj3j39vd6c2s012n7h0000gn/T//ffconf.JMIT29EY/test.c
    1	extern int getaddrinfo();
    2	int main(void){ getaddrinfo(); }
END /var/folders/rv/fj31z1cj3j39vd6c2s012n7h0000gn/T//ffconf.JMIT29EY/test.c
gcc -D_ISOC11_SOURCE -D_FILE_OFFSET_BITS=64 -D_LARGEFILE_SOURCE -I$(SRC_PATH)/compat/dispatch_semaphore -DPIC -fPIC -arch x86_64 -mmacosx-version-min=11.0 -Wno-error=asm-operand-widths -I/Users/runner/work/ffmpeg-build/ffmpeg-build/vulkan-headers/include -std=c17 -Werror=partial-availability -fno-common -fomit-frame-pointer -fPIC -c -o /var/folders/rv/fj31z1cj3j39vd6c2s012n7h0000gn/T//ffconf.JMIT29EY/test.o /var/folders/rv/fj31z1cj3j39vd6c2s012n7h0000gn/T//ffconf.JMIT29EY/test.c
gcc -arch x86_64 -mmacosx-version-min=11.0 -Wl,-dynamic,-search_paths_first -Wl,-no_warn_duplicate_libraries -o /var/folders/rv/fj31z1cj3j39vd6c2s012n7h0000gn/T//ffconf.JMIT29EY/test /var/folders/rv/fj31z1cj3j39vd6c2s012n7h0000gn/T//ffconf.JMIT29EY/test.o
check_func inet_aton
test_ld cc
test_cc
BEGIN /var/folders/rv/fj31z1cj3j39vd6c2s012n7h0000gn/T//ffconf.JMIT29EY/test.c
    1	extern int inet_aton();
    2	int main(void){ inet_aton(); }
END /var/folders/rv/fj31z1cj3j39vd6c2s012n7h0000gn/T//ffconf.JMIT29EY/test.c
gcc -D_ISOC11_SOURCE -D_FILE_OFFSET_BITS=64 -D_LARGEFILE_SOURCE -I$(SRC_PATH)/compat/dispatch_semaphore -DPIC -fPIC -arch x86_64 -mmacosx-version-min=11.0 -Wno-error=asm-operand-widths -I/Users/runner/work/ffmpeg-build/ffmpeg-build/vulkan-headers/include -std=c17 -Werror=partial-availability -fno-common -fomit-frame-pointer -fPIC -c -o /var/folders/rv/fj31z1cj3j39vd6c2s012n7h0000gn/T//ffconf.JMIT29EY/test.o /var/folders/rv/fj31z1cj3j39vd6c2s012n7h0000gn/T//ffconf.JMIT29EY/test.c
gcc -arch x86_64 -mmacosx-version-min=11.0 -Wl,-dynamic,-search_paths_first -Wl,-no_warn_duplicate_libraries -o /var/folders/rv/fj31z1cj3j39vd6c2s012n7h0000gn/T//ffconf.JMIT29EY/test /var/folders/rv/fj31z1cj3j39vd6c2s012n7h0000gn/T//ffconf.JMIT29EY/test.o
check_type netdb.h struct addrinfo
test_code cc netdb.h struct addrinfo v
test_cc
BEGIN /var/folders/rv/fj31z1cj3j39vd6c2s012n7h0000gn/T//ffconf.JMIT29EY/test.c
    1	#include <netdb.h>
    2	int main(void) { struct addrinfo v; return 0; }
END /var/folders/rv/fj31z1cj3j39vd6c2s012n7h0000gn/T//ffconf.JMIT29EY/test.c
gcc -D_ISOC11_SOURCE -D_FILE_OFFSET_BITS=64 -D_LARGEFILE_SOURCE -I$(SRC_PATH)/compat/dispatch_semaphore -DPIC -fPIC -arch x86_64 -mmacosx-version-min=11.0 -Wno-error=asm-operand-widths -I/Users/runner/work/ffmpeg-build/ffmpeg-build/vulkan-headers/include -std=c17 -Werror=partial-availability -fno-common -fomit-frame-pointer -fPIC -c -o /var/folders/rv/fj31z1cj3j39vd6c2s012n7h0000gn/T//ffconf.JMIT29EY/test.o /var/folders/rv/fj31z1cj3j39vd6c2s012n7h0000gn/T//ffconf.JMIT29EY/test.c
check_type netinet/in.h struct group_source_req -D_BSD_SOURCE
test_code cc netinet/in.h struct group_source_req v -D_BSD_SOURCE
test_cc -D_BSD_SOURCE
BEGIN /var/folders/rv/fj31z1cj3j39vd6c2s012n7h0000gn/T//ffconf.JMIT29EY/test.c
    1	#include <netinet/in.h>
    2	int main(void) { struct group_source_req v; return 0; }
END /var/folders/rv/fj31z1cj3j39vd6c2s012n7h0000gn/T//ffconf.JMIT29EY/test.c
gcc -D_ISOC11_SOURCE -D_FILE_OFFSET_BITS=64 -D_LARGEFILE_SOURCE -I$(SRC_PATH)/compat/dispatch_semaphore -DPIC -fPIC -arch x86_64 -mmacosx-version-min=11.0 -Wno-error=asm-operand-widths -I/Users/runner/work/ffmpeg-build/ffmpeg-build/vulkan-headers/include -std=c17 -Werror=partial-availability -fno-common -fomit-frame-pointer -fPIC -D_BSD_SOURCE -c -o /var/folders/rv/fj31z1cj3j39vd6c2s012n7h0000gn/T//ffconf.JMIT29EY/test.o /var/folders/rv/fj31z1cj3j39vd6c2s012n7h0000gn/T//ffconf.JMIT29EY/test.c
check_type netinet/in.h struct ip_mreq_source -D_BSD_SOURCE
test_code cc netinet/in.h struct ip_mreq_source v -D_BSD_SOURCE
test_cc -D_BSD_SOURCE
BEGIN /var/folders/rv/fj31z1cj3j39vd6c2s012n7h0000gn/T//ffconf.JMIT29EY/test.c
    1	#include <netinet/in.h>
    2	int main(void) { struct ip_mreq_source v; return 0; }
END /var/folders/rv/fj31z1cj3j39vd6c2s012n7h0000gn/T//ffconf.JMIT29EY/test.c
gcc -D_ISOC11_SOURCE -D_FILE_OFFSET_BITS=64 -D_LARGEFILE_SOURCE -I$(SRC_PATH)/compat/dispatch_semaphore -DPIC -fPIC -arch x86_64 -mmacosx-version-min=11.0 -Wno-error=asm-operand-widths -I/Users/runner/work/ffmpeg-build/ffmpeg-build/vulkan-headers/include -std=c17 -Werror=partial-availability -fno-common -fomit-frame-pointer -fPIC -D_BSD_SOURCE -c -o /var/folders/rv/fj31z1cj3j39vd6c2s012n7h0000gn/T//ffconf.JMIT29EY/test.o /var/folders/rv/fj31z1cj3j39vd6c2s012n7h0000gn/T//ffconf.JMIT29EY/test.c
check_type netinet/in.h struct ipv6_mreq -D_DARWIN_C_SOURCE
test_code cc netinet/in.h struct ipv6_mreq v -D_DARWIN_C_SOURCE
test_cc -D_DARWIN_C_SOURCE
BEGIN /var/folders/rv/fj31z1cj3j39vd6c2s012n7h0000gn/T//ffconf.JMIT29EY/test.c
    1	#include <netinet/in.h>
    2	int main(void) { struct ipv6_mreq v; return 0; }
END /var/folders/rv/fj31z1cj3j39vd6c2s012n7h0000gn/T//ffconf.JMIT29EY/test.c
gcc -D_ISOC11_SOURCE -D_FILE_OFFSET_BITS=64 -D_LARGEFILE_SOURCE -I$(SRC_PATH)/compat/dispatch_semaphore -DPIC -fPIC -arch x86_64 -mmacosx-version-min=11.0 -Wno-error=asm-operand-widths -I/Users/runner/work/ffmpeg-build/ffmpeg-build/vulkan-headers/include -std=c17 -Werror=partial-availability -fno-common -fomit-frame-pointer -fPIC -D_DARWIN_C_SOURCE -c -o /var/folders/rv/fj31z1cj3j39vd6c2s012n7h0000gn/T//ffconf.JMIT29EY/test.o /var/folders/rv/fj31z1cj3j39vd6c2s012n7h0000gn/T//ffconf.JMIT29EY/test.c
check_type poll.h struct pollfd
test_code cc poll.h struct pollfd v
test_cc
BEGIN /var/folders/rv/fj31z1cj3j39vd6c2s012n7h0000gn/T//ffconf.JMIT29EY/test.c
    1	#include <poll.h>
    2	int main(void) { struct pollfd v; return 0; }
END /var/folders/rv/fj31z1cj3j39vd6c2s012n7h0000gn/T//ffconf.JMIT29EY/test.c
gcc -D_ISOC11_SOURCE -D_FILE_OFFSET_BITS=64 -D_LARGEFILE_SOURCE -I$(SRC_PATH)/compat/dispatch_semaphore -DPIC -fPIC -arch x86_64 -mmacosx-version-min=11.0 -Wno-error=asm-operand-widths -I/Users/runner/work/ffmpeg-build/ffmpeg-build/vulkan-headers/include -std=c17 -Werror=partial-availability -fno-common -fomit-frame-pointer -fPIC -c -o /var/folders/rv/fj31z1cj3j39vd6c2s012n7h0000gn/T//ffconf.JMIT29EY/test.o /var/folders/rv/fj31z1cj3j39vd6c2s012n7h0000gn/T//ffconf.JMIT29EY/test.c
check_type netinet/sctp.h struct sctp_event_subscribe
test_code cc netinet/sctp.h struct sctp_event_subscribe v
test_cc
BEGIN /var/folders/rv/fj31z1cj3j39vd6c2s012n7h0000gn/T//ffconf.JMIT29EY/test.c
    1	#include <netinet/sctp.h>
    2	int main(void) { struct sctp_event_subscribe v; return 0; }
END /var/folders/rv/fj31z1cj3j39vd6c2s012n7h0000gn/T//ffconf.JMIT29EY/test.c
gcc -D_ISOC11_SOURCE -D_FILE_OFFSET_BITS=64 -D_LARGEFILE_SOURCE -I$(SRC_PATH)/compat/dispatch_semaphore -DPIC -fPIC -arch x86_64 -mmacosx-version-min=11.0 -Wno-error=asm-operand-widths -I/Users/runner/work/ffmpeg-build/ffmpeg-build/vulkan-headers/include -std=c17 -Werror=partial-availability -fno-common -fomit-frame-pointer -fPIC -c -o /var/folders/rv/fj31z1cj3j39vd6c2s012n7h0000gn/T//ffconf.JMIT29EY/test.o /var/folders/rv/fj31z1cj3j39vd6c2s012n7h0000gn/T//ffconf.JMIT29EY/test.c
/var/folders/rv/fj31z1cj3j39vd6c2s012n7h0000gn/T//ffconf.JMIT29EY/test.c:1:10: fatal error: 'netinet/sctp.h' file not found
#include <netinet/sctp.h>
         ^~~~~~~~~~~~~~~~
1 error generated.
check_struct sys/socket.h struct msghdr msg_flags
test_code cc sys/socket.h const void *p = &((struct msghdr *)0)->msg_flags
test_cc
BEGIN /var/folders/rv/fj31z1cj3j39vd6c2s012n7h0000gn/T//ffconf.JMIT29EY/test.c
    1	#include <sys/socket.h>
    2	int main(void) { const void *p = &((struct msghdr *)0)->msg_flags; return 0; }
END /var/folders/rv/fj31z1cj3j39vd6c2s012n7h0000gn/T//ffconf.JMIT29EY/test.c
gcc -D_ISOC11_SOURCE -D_FILE_OFFSET_BITS=64 -D_LARGEFILE_SOURCE -I$(SRC_PATH)/compat/dispatch_semaphore -DPIC -fPIC -arch x86_64 -mmacosx-version-min=11.0 -Wno-error=asm-operand-widths -I/Users/runner/work/ffmpeg-build/ffmpeg-build/vulkan-headers/include -std=c17 -Werror=partial-availability -fno-common -fomit-frame-pointer -fPIC -c -o /var/folders/rv/fj31z1cj3j39vd6c2s012n7h0000gn/T//ffconf.JMIT29EY/test.o /var/folders/rv/fj31z1cj3j39vd6c2s012n7h0000gn/T//ffconf.JMIT29EY/test.c
check_struct sys/types.h sys/socket.h struct sockaddr sa_len
test_code cc sys/types.h sys/socket.h const void *p = &((struct sockaddr *)0)->sa_len
test_cc
BEGIN /var/folders/rv/fj31z1cj3j39vd6c2s012n7h0000gn/T//ffconf.JMIT29EY/test.c
    1	#include <sys/types.h>
    2	#include <sys/socket.h>
    3	int main(void) { const void *p = &((struct sockaddr *)0)->sa_len; return 0; }
END /var/folders/rv/fj31z1cj3j39vd6c2s012n7h0000gn/T//ffconf.JMIT29EY/test.c
gcc -D_ISOC11_SOURCE -D_FILE_OFFSET_BITS=64 -D_LARGEFILE_SOURCE -I$(SRC_PATH)/compat/dispatch_semaphore -DPIC -fPIC -arch x86_64 -mmacosx-version-min=11.0 -Wno-error=asm-operand-widths -I/Users/runner/work/ffmpeg-build/ffmpeg-build/vulkan-headers/include -std=c17 -Werror=partial-availability -fno-common -fomit-frame-pointer -fPIC -c -o /var/folders/rv/fj31z1cj3j39vd6c2s012n7h0000gn/T//ffconf.JMIT29EY/test.o /var/folders/rv/fj31z1cj3j39vd6c2s012n7h0000gn/T//ffconf.JMIT29EY/test.c
check_type netinet/in.h struct sockaddr_in6
test_code cc netinet/in.h struct sockaddr_in6 v
test_cc
BEGIN /var/folders/rv/fj31z1cj3j39vd6c2s012n7h0000gn/T//ffconf.JMIT29EY/test.c
    1	#include <netinet/in.h>
    2	int main(void) { struct sockaddr_in6 v; return 0; }
END /var/folders/rv/fj31z1cj3j39vd6c2s012n7h0000gn/T//ffconf.JMIT29EY/test.c
gcc -D_ISOC11_SOURCE -D_FILE_OFFSET_BITS=64 -D_LARGEFILE_SOURCE -I$(SRC_PATH)/compat/dispatch_semaphore -DPIC -fPIC -arch x86_64 -mmacosx-version-min=11.0 -Wno-error=asm-operand-widths -I/Users/runner/work/ffmpeg-build/ffmpeg-build/vulkan-headers/include -std=c17 -Werror=partial-availability -fno-common -fomit-frame-pointer -fPIC -c -o /var/folders/rv/fj31z1cj3j39vd6c2s012n7h0000gn/T//ffconf.JMIT29EY/test.o /var/folders/rv/fj31z1cj3j39vd6c2s012n7h0000gn/T//ffconf.JMIT29EY/test.c
check_type sys/types.h sys/socket.h struct sockaddr_storage
test_code cc sys/types.h sys/socket.h struct sockaddr_storage v
test_cc
BEGIN /var/folders/rv/fj31z1cj3j39vd6c2s012n7h0000gn/T//ffconf.JMIT29EY/test.c
    1	#include <sys/types.h>
    2	#include <sys/socket.h>
    3	int main(void) { struct sockaddr_storage v; return 0; }
END /var/folders/rv/fj31z1cj3j39vd6c2s012n7h0000gn/T//ffconf.JMIT29EY/test.c
gcc -D_ISOC11_SOURCE -D_FILE_OFFSET_BITS=64 -D_LARGEFILE_SOURCE -I$(SRC_PATH)/compat/dispatch_semaphore -DPIC -fPIC -arch x86_64 -mmacosx-version-min=11.0 -Wno-error=asm-operand-widths -I/Users/runner/work/ffmpeg-build/ffmpeg-build/vulkan-headers/include -std=c17 -Werror=partial-availability -fno-common -fomit-frame-pointer -fPIC -c -o /var/folders/rv/fj31z1cj3j39vd6c2s012n7h0000gn/T//ffconf.JMIT29EY/test.o /var/folders/rv/fj31z1cj3j39vd6c2s012n7h0000gn/T//ffconf.JMIT29EY/test.c
check_type sys/types.h sys/socket.h socklen_t
test_code cc sys/types.h sys/socket.h socklen_t v
test_cc
BEGIN /var/folders/rv/fj31z1cj3j39vd6c2s012n7h0000gn/T//ffconf.JMIT29EY/test.c
    1	#include <sys/types.h>
    2	#include <sys/socket.h>
    3	int main(void) { socklen_t v; return 0; }
END /var/folders/rv/fj31z1cj3j39vd6c2s012n7h0000gn/T//ffconf.JMIT29EY/test.c
gcc -D_ISOC11_SOURCE -D_FILE_OFFSET_BITS=64 -D_LARGEFILE_SOURCE -I$(SRC_PATH)/compat/dispatch_semaphore -DPIC -fPIC -arch x86_64 -mmacosx-version-min=11.0 -Wno-error=asm-operand-widths -I/Users/runner/work/ffmpeg-build/ffmpeg-build/vulkan-headers/include -std=c17 -Werror=partial-availability -fno-common -fomit-frame-pointer -fPIC -c -o /var/folders/rv/fj31z1cj3j39vd6c2s012n7h0000gn/T//ffconf.JMIT29EY/test.o /var/folders/rv/fj31z1cj3j39vd6c2s012n7h0000gn/T//ffconf.JMIT29EY/test.c
check_headers arpa/inet.h
test_cpp
BEGIN /var/folders/rv/fj31z1cj3j39vd6c2s012n7h0000gn/T//ffconf.JMIT29EY/test.c
    1	#include <arpa/inet.h>
    2	int x;
END /var/folders/rv/fj31z1cj3j39vd6c2s012n7h0000gn/T//ffconf.JMIT29EY/test.c
gcc -D_ISOC11_SOURCE -D_FILE_OFFSET_BITS=64 -D_LARGEFILE_SOURCE -I$(SRC_PATH)/compat/dispatch_semaphore -DPIC -fPIC -arch x86_64 -mmacosx-version-min=11.0 -Wno-error=asm-operand-widths -I/Users/runner/work/ffmpeg-build/ffmpeg-build/vulkan-headers/include -std=c17 -Werror=partial-availability -fno-common -fomit-frame-pointer -fPIC -E -o /var/folders/rv/fj31z1cj3j39vd6c2s012n7h0000gn/T//ffconf.JMIT29EY/test.o /var/folders/rv/fj31z1cj3j39vd6c2s012n7h0000gn/T//ffconf.JMIT29EY/test.c
check_func closesocket
test_ld cc
test_cc
BEGIN /var/folders/rv/fj31z1cj3j39vd6c2s012n7h0000gn/T//ffconf.JMIT29EY/test.c
    1	extern int closesocket();
    2	int main(void){ closesocket(); }
END /var/folders/rv/fj31z1cj3j39vd6c2s012n7h0000gn/T//ffconf.JMIT29EY/test.c
gcc -D_ISOC11_SOURCE -D_FILE_OFFSET_BITS=64 -D_LARGEFILE_SOURCE -I$(SRC_PATH)/compat/dispatch_semaphore -DPIC -fPIC -arch x86_64 -mmacosx-version-min=11.0 -Wno-error=asm-operand-widths -I/Users/runner/work/ffmpeg-build/ffmpeg-build/vulkan-headers/include -std=c17 -Werror=partial-availability -fno-common -fomit-frame-pointer -fPIC -c -o /var/folders/rv/fj31z1cj3j39vd6c2s012n7h0000gn/T//ffconf.JMIT29EY/test.o /var/folders/rv/fj31z1cj3j39vd6c2s012n7h0000gn/T//ffconf.JMIT29EY/test.c
gcc -arch x86_64 -mmacosx-version-min=11.0 -Wl,-dynamic,-search_paths_first -Wl,-no_warn_duplicate_libraries -o /var/folders/rv/fj31z1cj3j39vd6c2s012n7h0000gn/T//ffconf.JMIT29EY/test /var/folders/rv/fj31z1cj3j39vd6c2s012n7h0000gn/T//ffconf.JMIT29EY/test.o
Undefined symbols for architecture x86_64:
  "_closesocket", referenced from:
      _main in test.o
ld: symbol(s) not found for architecture x86_64
clang: error: linker command failed with exit code 1 (use -v to see invocation)
check_builtin MemoryBarrier windows.h MemoryBarrier()
test_code ld windows.h MemoryBarrier() cc
test_ld cc
test_cc
BEGIN /var/folders/rv/fj31z1cj3j39vd6c2s012n7h0000gn/T//ffconf.JMIT29EY/test.c
    1	#include <windows.h>
    2	int main(void) { MemoryBarrier(); return 0; }
END /var/folders/rv/fj31z1cj3j39vd6c2s012n7h0000gn/T//ffconf.JMIT29EY/test.c
gcc -D_ISOC11_SOURCE -D_FILE_OFFSET_BITS=64 -D_LARGEFILE_SOURCE -I$(SRC_PATH)/compat/dispatch_semaphore -DPIC -fPIC -arch x86_64 -mmacosx-version-min=11.0 -Wno-error=asm-operand-widths -I/Users/runner/work/ffmpeg-build/ffmpeg-build/vulkan-headers/include -std=c17 -Werror=partial-availability -fno-common -fomit-frame-pointer -fPIC -c -o /var/folders/rv/fj31z1cj3j39vd6c2s012n7h0000gn/T//ffconf.JMIT29EY/test.o /var/folders/rv/fj31z1cj3j39vd6c2s012n7h0000gn/T//ffconf.JMIT29EY/test.c
/var/folders/rv/fj31z1cj3j39vd6c2s012n7h0000gn/T//ffconf.JMIT29EY/test.c:1:10: fatal error: 'windows.h' file not found
#include <windows.h>
         ^~~~~~~~~~~
1 error generated.
check_builtin gmtime_r time.h time_t *time; struct tm *tm; gmtime_r(time, tm)
test_code ld time.h time_t *time; struct tm *tm; gmtime_r(time, tm) cc
test_ld cc
test_cc
BEGIN /var/folders/rv/fj31z1cj3j39vd6c2s012n7h0000gn/T//ffconf.JMIT29EY/test.c
    1	#include <time.h>
    2	int main(void) { time_t *time; struct tm *tm; gmtime_r(time, tm); return 0; }
END /var/folders/rv/fj31z1cj3j39vd6c2s012n7h0000gn/T//ffconf.JMIT29EY/test.c
gcc -D_ISOC11_SOURCE -D_FILE_OFFSET_BITS=64 -D_LARGEFILE_SOURCE -I$(SRC_PATH)/compat/dispatch_semaphore -DPIC -fPIC -arch x86_64 -mmacosx-version-min=11.0 -Wno-error=asm-operand-widths -I/Users/runner/work/ffmpeg-build/ffmpeg-build/vulkan-headers/include -std=c17 -Werror=partial-availability -fno-common -fomit-frame-pointer -fPIC -c -o /var/folders/rv/fj31z1cj3j39vd6c2s012n7h0000gn/T//ffconf.JMIT29EY/test.o /var/folders/rv/fj31z1cj3j39vd6c2s012n7h0000gn/T//ffconf.JMIT29EY/test.c
gcc -arch x86_64 -mmacosx-version-min=11.0 -Wl,-dynamic,-search_paths_first -Wl,-no_warn_duplicate_libraries -o /var/folders/rv/fj31z1cj3j39vd6c2s012n7h0000gn/T//ffconf.JMIT29EY/test /var/folders/rv/fj31z1cj3j39vd6c2s012n7h0000gn/T//ffconf.JMIT29EY/test.o
check_builtin localtime_r time.h time_t *time; struct tm *tm; localtime_r(time, tm)
test_code ld time.h time_t *time; struct tm *tm; localtime_r(time, tm) cc
test_ld cc
test_cc
BEGIN /var/folders/rv/fj31z1cj3j39vd6c2s012n7h0000gn/T//ffconf.JMIT29EY/test.c
    1	#include <time.h>
    2	int main(void) { time_t *time; struct tm *tm; localtime_r(time, tm); return 0; }
END /var/folders/rv/fj31z1cj3j39vd6c2s012n7h0000gn/T//ffconf.JMIT29EY/test.c
gcc -D_ISOC11_SOURCE -D_FILE_OFFSET_BITS=64 -D_LARGEFILE_SOURCE -I$(SRC_PATH)/compat/dispatch_semaphore -DPIC -fPIC -arch x86_64 -mmacosx-version-min=11.0 -Wno-error=asm-operand-widths -I/Users/runner/work/ffmpeg-build/ffmpeg-build/vulkan-headers/include -std=c17 -Werror=partial-availability -fno-common -fomit-frame-pointer -fPIC -c -o /var/folders/rv/fj31z1cj3j39vd6c2s012n7h0000gn/T//ffconf.JMIT29EY/test.o /var/folders/rv/fj31z1cj3j39vd6c2s012n7h0000gn/T//ffconf.JMIT29EY/test.c
gcc -arch x86_64 -mmacosx-version-min=11.0 -Wl,-dynamic,-search_paths_first -Wl,-no_warn_duplicate_libraries -o /var/folders/rv/fj31z1cj3j39vd6c2s012n7h0000gn/T//ffconf.JMIT29EY/test /var/folders/rv/fj31z1cj3j39vd6c2s012n7h0000gn/T//ffconf.JMIT29EY/test.o
check_builtin float16  _Float16 f16var
test_code ld  _Float16 f16var cc
test_ld cc
test_cc
BEGIN /var/folders/rv/fj31z1cj3j39vd6c2s012n7h0000gn/T//ffconf.JMIT29EY/test.c
    1	int main(void) { _Float16 f16var; return 0; }
END /var/folders/rv/fj31z1cj3j39vd6c2s012n7h0000gn/T//ffconf.JMIT29EY/test.c
gcc -D_ISOC11_SOURCE -D_FILE_OFFSET_BITS=64 -D_LARGEFILE_SOURCE -I$(SRC_PATH)/compat/dispatch_semaphore -DPIC -fPIC -arch x86_64 -mmacosx-version-min=11.0 -Wno-error=asm-operand-widths -I/Users/runner/work/ffmpeg-build/ffmpeg-build/vulkan-headers/include -std=c17 -Werror=partial-availability -fno-common -fomit-frame-pointer -fPIC -c -o /var/folders/rv/fj31z1cj3j39vd6c2s012n7h0000gn/T//ffconf.JMIT29EY/test.o /var/folders/rv/fj31z1cj3j39vd6c2s012n7h0000gn/T//ffconf.JMIT29EY/test.c
gcc -arch x86_64 -mmacosx-version-min=11.0 -Wl,-dynamic,-search_paths_first -Wl,-no_warn_duplicate_libraries -o /var/folders/rv/fj31z1cj3j39vd6c2s012n7h0000gn/T//ffconf.JMIT29EY/test /var/folders/rv/fj31z1cj3j39vd6c2s012n7h0000gn/T//ffconf.JMIT29EY/test.o
test_cpp_condition stddef.h defined(__F16C__)
test_cpp
BEGIN /var/folders/rv/fj31z1cj3j39vd6c2s012n7h0000gn/T//ffconf.JMIT29EY/test.c
    1	#include <stddef.h>
    2	#if !(defined(__F16C__))
    3	#error "unsatisfied condition: defined(__F16C__)"
    4	#endif
END /var/folders/rv/fj31z1cj3j39vd6c2s012n7h0000gn/T//ffconf.JMIT29EY/test.c
gcc -D_ISOC11_SOURCE -D_FILE_OFFSET_BITS=64 -D_LARGEFILE_SOURCE -I$(SRC_PATH)/compat/dispatch_semaphore -DPIC -fPIC -arch x86_64 -mmacosx-version-min=11.0 -Wno-error=asm-operand-widths -I/Users/runner/work/ffmpeg-build/ffmpeg-build/vulkan-headers/include -std=c17 -Werror=partial-availability -fno-common -fomit-frame-pointer -fPIC -E -o /var/folders/rv/fj31z1cj3j39vd6c2s012n7h0000gn/T//ffconf.JMIT29EY/test.o /var/folders/rv/fj31z1cj3j39vd6c2s012n7h0000gn/T//ffconf.JMIT29EY/test.c
/var/folders/rv/fj31z1cj3j39vd6c2s012n7h0000gn/T//ffconf.JMIT29EY/test.c:3:2: error: "unsatisfied condition: defined(__F16C__)"
#error "unsatisfied condition: defined(__F16C__)"
 ^
1 error generated.
check_func_headers malloc.h _aligned_malloc
test_ld cc
test_cc
BEGIN /var/folders/rv/fj31z1cj3j39vd6c2s012n7h0000gn/T//ffconf.JMIT29EY/test.c
    1	#include <malloc.h>
    2	#include <stdint.h>
    3	long check__aligned_malloc(void) { return (long) _aligned_malloc; }
    4	int main(void) { int ret = 0;
    5	 ret |= ((intptr_t)check__aligned_malloc) & 0xFFFF;
    6	return ret; }
END /var/folders/rv/fj31z1cj3j39vd6c2s012n7h0000gn/T//ffconf.JMIT29EY/test.c
gcc -D_ISOC11_SOURCE -D_FILE_OFFSET_BITS=64 -D_LARGEFILE_SOURCE -I$(SRC_PATH)/compat/dispatch_semaphore -DPIC -fPIC -arch x86_64 -mmacosx-version-min=11.0 -Wno-error=asm-operand-widths -I/Users/runner/work/ffmpeg-build/ffmpeg-build/vulkan-headers/include -std=c17 -Werror=partial-availability -fno-common -fomit-frame-pointer -fPIC -c -o /var/folders/rv/fj31z1cj3j39vd6c2s012n7h0000gn/T//ffconf.JMIT29EY/test.o /var/folders/rv/fj31z1cj3j39vd6c2s012n7h0000gn/T//ffconf.JMIT29EY/test.c
/var/folders/rv/fj31z1cj3j39vd6c2s012n7h0000gn/T//ffconf.JMIT29EY/test.c:1:10: fatal error: 'malloc.h' file not found
#include <malloc.h>
         ^~~~~~~~~~
1 error generated.
check_func memalign
test_ld cc
test_cc
BEGIN /var/folders/rv/fj31z1cj3j39vd6c2s012n7h0000gn/T//ffconf.JMIT29EY/test.c
    1	extern int memalign();
    2	int main(void){ memalign(); }
END /var/folders/rv/fj31z1cj3j39vd6c2s012n7h0000gn/T//ffconf.JMIT29EY/test.c
gcc -D_ISOC11_SOURCE -D_FILE_OFFSET_BITS=64 -D_LARGEFILE_SOURCE -I$(SRC_PATH)/compat/dispatch_semaphore -DPIC -fPIC -arch x86_64 -mmacosx-version-min=11.0 -Wno-error=asm-operand-widths -I/Users/runner/work/ffmpeg-build/ffmpeg-build/vulkan-headers/include -std=c17 -Werror=partial-availability -fno-common -fomit-frame-pointer -fPIC -c -o /var/folders/rv/fj31z1cj3j39vd6c2s012n7h0000gn/T//ffconf.JMIT29EY/test.o /var/folders/rv/fj31z1cj3j39vd6c2s012n7h0000gn/T//ffconf.JMIT29EY/test.c
gcc -arch x86_64 -mmacosx-version-min=11.0 -Wl,-dynamic,-search_paths_first -Wl,-no_warn_duplicate_libraries -o /var/folders/rv/fj31z1cj3j39vd6c2s012n7h0000gn/T//ffconf.JMIT29EY/test /var/folders/rv/fj31z1cj3j39vd6c2s012n7h0000gn/T//ffconf.JMIT29EY/test.o
Undefined symbols for architecture x86_64:
  "_memalign", referenced from:
      _main in test.o
ld: symbol(s) not found for architecture x86_64
clang: error: linker command failed with exit code 1 (use -v to see invocation)
check_func posix_memalign
test_ld cc
test_cc
BEGIN /var/folders/rv/fj31z1cj3j39vd6c2s012n7h0000gn/T//ffconf.JMIT29EY/test.c
    1	extern int posix_memalign();
    2	int main(void){ posix_memalign(); }
END /var/folders/rv/fj31z1cj3j39vd6c2s012n7h0000gn/T//ffconf.JMIT29EY/test.c
gcc -D_ISOC11_SOURCE -D_FILE_OFFSET_BITS=64 -D_LARGEFILE_SOURCE -I$(SRC_PATH)/compat/dispatch_semaphore -DPIC -fPIC -arch x86_64 -mmacosx-version-min=11.0 -Wno-error=asm-operand-widths -I/Users/runner/work/ffmpeg-build/ffmpeg-build/vulkan-headers/include -std=c17 -Werror=partial-availability -fno-common -fomit-frame-pointer -fPIC -c -o /var/folders/rv/fj31z1cj3j39vd6c2s012n7h0000gn/T//ffconf.JMIT29EY/test.o /var/folders/rv/fj31z1cj3j39vd6c2s012n7h0000gn/T//ffconf.JMIT29EY/test.c
gcc -arch x86_64 -mmacosx-version-min=11.0 -Wl,-dynamic,-search_paths_first -Wl,-no_warn_duplicate_libraries -o /var/folders/rv/fj31z1cj3j39vd6c2s012n7h0000gn/T//ffconf.JMIT29EY/test /var/folders/rv/fj31z1cj3j39vd6c2s012n7h0000gn/T//ffconf.JMIT29EY/test.o
check_func access
test_ld cc
test_cc
BEGIN /var/folders/rv/fj31z1cj3j39vd6c2s012n7h0000gn/T//ffconf.JMIT29EY/test.c
    1	extern int access();
    2	int main(void){ access(); }
END /var/folders/rv/fj31z1cj3j39vd6c2s012n7h0000gn/T//ffconf.JMIT29EY/test.c
gcc -D_ISOC11_SOURCE -D_FILE_OFFSET_BITS=64 -D_LARGEFILE_SOURCE -I$(SRC_PATH)/compat/dispatch_semaphore -DPIC -fPIC -arch x86_64 -mmacosx-version-min=11.0 -Wno-error=asm-operand-widths -I/Users/runner/work/ffmpeg-build/ffmpeg-build/vulkan-headers/include -std=c17 -Werror=partial-availability -fno-common -fomit-frame-pointer -fPIC -c -o /var/folders/rv/fj31z1cj3j39vd6c2s012n7h0000gn/T//ffconf.JMIT29EY/test.o /var/folders/rv/fj31z1cj3j39vd6c2s012n7h0000gn/T//ffconf.JMIT29EY/test.c
gcc -arch x86_64 -mmacosx-version-min=11.0 -Wl,-dynamic,-search_paths_first -Wl,-no_warn_duplicate_libraries -o /var/folders/rv/fj31z1cj3j39vd6c2s012n7h0000gn/T//ffconf.JMIT29EY/test /var/folders/rv/fj31z1cj3j39vd6c2s012n7h0000gn/T//ffconf.JMIT29EY/test.o
check_func_headers stdlib.h arc4random_buf
test_ld cc
test_cc
BEGIN /var/folders/rv/fj31z1cj3j39vd6c2s012n7h0000gn/T//ffconf.JMIT29EY/test.c
    1	#include <stdlib.h>
    2	#include <stdint.h>
    3	long check_arc4random_buf(void) { return (long) arc4random_buf; }
    4	int main(void) { int ret = 0;
    5	 ret |= ((intptr_t)check_arc4random_buf) & 0xFFFF;
    6	return ret; }
END /var/folders/rv/fj31z1cj3j39vd6c2s012n7h0000gn/T//ffconf.JMIT29EY/test.c
gcc -D_ISOC11_SOURCE -D_FILE_OFFSET_BITS=64 -D_LARGEFILE_SOURCE -I$(SRC_PATH)/compat/dispatch_semaphore -DPIC -fPIC -arch x86_64 -mmacosx-version-min=11.0 -Wno-error=asm-operand-widths -I/Users/runner/work/ffmpeg-build/ffmpeg-build/vulkan-headers/include -std=c17 -Werror=partial-availability -fno-common -fomit-frame-pointer -fPIC -c -o /var/folders/rv/fj31z1cj3j39vd6c2s012n7h0000gn/T//ffconf.JMIT29EY/test.o /var/folders/rv/fj31z1cj3j39vd6c2s012n7h0000gn/T//ffconf.JMIT29EY/test.c
gcc -arch x86_64 -mmacosx-version-min=11.0 -Wl,-dynamic,-search_paths_first -Wl,-no_warn_duplicate_libraries -o /var/folders/rv/fj31z1cj3j39vd6c2s012n7h0000gn/T//ffconf.JMIT29EY/test /var/folders/rv/fj31z1cj3j39vd6c2s012n7h0000gn/T//ffconf.JMIT29EY/test.o
check_lib clock_gettime time.h clock_gettime
check_func_headers time.h clock_gettime
test_ld cc
test_cc
BEGIN /var/folders/rv/fj31z1cj3j39vd6c2s012n7h0000gn/T//ffconf.JMIT29EY/test.c
    1	#include <time.h>
    2	#include <stdint.h>
    3	long check_clock_gettime(void) { return (long) clock_gettime; }
    4	int main(void) { int ret = 0;
    5	 ret |= ((intptr_t)check_clock_gettime) & 0xFFFF;
    6	return ret; }
END /var/folders/rv/fj31z1cj3j39vd6c2s012n7h0000gn/T//ffconf.JMIT29EY/test.c
gcc -D_ISOC11_SOURCE -D_FILE_OFFSET_BITS=64 -D_LARGEFILE_SOURCE -I$(SRC_PATH)/compat/dispatch_semaphore -DPIC -fPIC -arch x86_64 -mmacosx-version-min=11.0 -Wno-error=asm-operand-widths -I/Users/runner/work/ffmpeg-build/ffmpeg-build/vulkan-headers/include -std=c17 -Werror=partial-availability -fno-common -fomit-frame-pointer -fPIC -c -o /var/folders/rv/fj31z1cj3j39vd6c2s012n7h0000gn/T//ffconf.JMIT29EY/test.o /var/folders/rv/fj31z1cj3j39vd6c2s012n7h0000gn/T//ffconf.JMIT29EY/test.c
gcc -arch x86_64 -mmacosx-version-min=11.0 -Wl,-dynamic,-search_paths_first -Wl,-no_warn_duplicate_libraries -o /var/folders/rv/fj31z1cj3j39vd6c2s012n7h0000gn/T//ffconf.JMIT29EY/test /var/folders/rv/fj31z1cj3j39vd6c2s012n7h0000gn/T//ffconf.JMIT29EY/test.o
check_func fcntl
test_ld cc
test_cc
BEGIN /var/folders/rv/fj31z1cj3j39vd6c2s012n7h0000gn/T//ffconf.JMIT29EY/test.c
    1	extern int fcntl();
    2	int main(void){ fcntl(); }
END /var/folders/rv/fj31z1cj3j39vd6c2s012n7h0000gn/T//ffconf.JMIT29EY/test.c
gcc -D_ISOC11_SOURCE -D_FILE_OFFSET_BITS=64 -D_LARGEFILE_SOURCE -I$(SRC_PATH)/compat/dispatch_semaphore -DPIC -fPIC -arch x86_64 -mmacosx-version-min=11.0 -Wno-error=asm-operand-widths -I/Users/runner/work/ffmpeg-build/ffmpeg-build/vulkan-headers/include -std=c17 -Werror=partial-availability -fno-common -fomit-frame-pointer -fPIC -c -o /var/folders/rv/fj31z1cj3j39vd6c2s012n7h0000gn/T//ffconf.JMIT29EY/test.o /var/folders/rv/fj31z1cj3j39vd6c2s012n7h0000gn/T//ffconf.JMIT29EY/test.c
gcc -arch x86_64 -mmacosx-version-min=11.0 -Wl,-dynamic,-search_paths_first -Wl,-no_warn_duplicate_libraries -o /var/folders/rv/fj31z1cj3j39vd6c2s012n7h0000gn/T//ffconf.JMIT29EY/test /var/folders/rv/fj31z1cj3j39vd6c2s012n7h0000gn/T//ffconf.JMIT29EY/test.o
check_func fork
test_ld cc
test_cc
BEGIN /var/folders/rv/fj31z1cj3j39vd6c2s012n7h0000gn/T//ffconf.JMIT29EY/test.c
    1	extern int fork();
    2	int main(void){ fork(); }
END /var/folders/rv/fj31z1cj3j39vd6c2s012n7h0000gn/T//ffconf.JMIT29EY/test.c
gcc -D_ISOC11_SOURCE -D_FILE_OFFSET_BITS=64 -D_LARGEFILE_SOURCE -I$(SRC_PATH)/compat/dispatch_semaphore -DPIC -fPIC -arch x86_64 -mmacosx-version-min=11.0 -Wno-error=asm-operand-widths -I/Users/runner/work/ffmpeg-build/ffmpeg-build/vulkan-headers/include -std=c17 -Werror=partial-availability -fno-common -fomit-frame-pointer -fPIC -c -o /var/folders/rv/fj31z1cj3j39vd6c2s012n7h0000gn/T//ffconf.JMIT29EY/test.o /var/folders/rv/fj31z1cj3j39vd6c2s012n7h0000gn/T//ffconf.JMIT29EY/test.c
gcc -arch x86_64 -mmacosx-version-min=11.0 -Wl,-dynamic,-search_paths_first -Wl,-no_warn_duplicate_libraries -o /var/folders/rv/fj31z1cj3j39vd6c2s012n7h0000gn/T//ffconf.JMIT29EY/test /var/folders/rv/fj31z1cj3j39vd6c2s012n7h0000gn/T//ffconf.JMIT29EY/test.o
check_func gethrtime
test_ld cc
test_cc
BEGIN /var/folders/rv/fj31z1cj3j39vd6c2s012n7h0000gn/T//ffconf.JMIT29EY/test.c
    1	extern int gethrtime();
    2	int main(void){ gethrtime(); }
END /var/folders/rv/fj31z1cj3j39vd6c2s012n7h0000gn/T//ffconf.JMIT29EY/test.c
gcc -D_ISOC11_SOURCE -D_FILE_OFFSET_BITS=64 -D_LARGEFILE_SOURCE -I$(SRC_PATH)/compat/dispatch_semaphore -DPIC -fPIC -arch x86_64 -mmacosx-version-min=11.0 -Wno-error=asm-operand-widths -I/Users/runner/work/ffmpeg-build/ffmpeg-build/vulkan-headers/include -std=c17 -Werror=partial-availability -fno-common -fomit-frame-pointer -fPIC -c -o /var/folders/rv/fj31z1cj3j39vd6c2s012n7h0000gn/T//ffconf.JMIT29EY/test.o /var/folders/rv/fj31z1cj3j39vd6c2s012n7h0000gn/T//ffconf.JMIT29EY/test.c
gcc -arch x86_64 -mmacosx-version-min=11.0 -Wl,-dynamic,-search_paths_first -Wl,-no_warn_duplicate_libraries -o /var/folders/rv/fj31z1cj3j39vd6c2s012n7h0000gn/T//ffconf.JMIT29EY/test /var/folders/rv/fj31z1cj3j39vd6c2s012n7h0000gn/T//ffconf.JMIT29EY/test.o
Undefined symbols for architecture x86_64:
  "_gethrtime", referenced from:
      _main in test.o
ld: symbol(s) not found for architecture x86_64
clang: error: linker command failed with exit code 1 (use -v to see invocation)
check_func getopt
test_ld cc
test_cc
BEGIN /var/folders/rv/fj31z1cj3j39vd6c2s012n7h0000gn/T//ffconf.JMIT29EY/test.c
    1	extern int getopt();
    2	int main(void){ getopt(); }
END /var/folders/rv/fj31z1cj3j39vd6c2s012n7h0000gn/T//ffconf.JMIT29EY/test.c
gcc -D_ISOC11_SOURCE -D_FILE_OFFSET_BITS=64 -D_LARGEFILE_SOURCE -I$(SRC_PATH)/compat/dispatch_semaphore -DPIC -fPIC -arch x86_64 -mmacosx-version-min=11.0 -Wno-error=asm-operand-widths -I/Users/runner/work/ffmpeg-build/ffmpeg-build/vulkan-headers/include -std=c17 -Werror=partial-availability -fno-common -fomit-frame-pointer -fPIC -c -o /var/folders/rv/fj31z1cj3j39vd6c2s012n7h0000gn/T//ffconf.JMIT29EY/test.o /var/folders/rv/fj31z1cj3j39vd6c2s012n7h0000gn/T//ffconf.JMIT29EY/test.c
gcc -arch x86_64 -mmacosx-version-min=11.0 -Wl,-dynamic,-search_paths_first -Wl,-no_warn_duplicate_libraries -o /var/folders/rv/fj31z1cj3j39vd6c2s012n7h0000gn/T//ffconf.JMIT29EY/test /var/folders/rv/fj31z1cj3j39vd6c2s012n7h0000gn/T//ffconf.JMIT29EY/test.o
check_func getrusage
test_ld cc
test_cc
BEGIN /var/folders/rv/fj31z1cj3j39vd6c2s012n7h0000gn/T//ffconf.JMIT29EY/test.c
    1	extern int getrusage();
    2	int main(void){ getrusage(); }
END /var/folders/rv/fj31z1cj3j39vd6c2s012n7h0000gn/T//ffconf.JMIT29EY/test.c
gcc -D_ISOC11_SOURCE -D_FILE_OFFSET_BITS=64 -D_LARGEFILE_SOURCE -I$(SRC_PATH)/compat/dispatch_semaphore -DPIC -fPIC -arch x86_64 -mmacosx-version-min=11.0 -Wno-error=asm-operand-widths -I/Users/runner/work/ffmpeg-build/ffmpeg-build/vulkan-headers/include -std=c17 -Werror=partial-availability -fno-common -fomit-frame-pointer -fPIC -c -o /var/folders/rv/fj31z1cj3j39vd6c2s012n7h0000gn/T//ffconf.JMIT29EY/test.o /var/folders/rv/fj31z1cj3j39vd6c2s012n7h0000gn/T//ffconf.JMIT29EY/test.c
gcc -arch x86_64 -mmacosx-version-min=11.0 -Wl,-dynamic,-search_paths_first -Wl,-no_warn_duplicate_libraries -o /var/folders/rv/fj31z1cj3j39vd6c2s012n7h0000gn/T//ffconf.JMIT29EY/test /var/folders/rv/fj31z1cj3j39vd6c2s012n7h0000gn/T//ffconf.JMIT29EY/test.o
check_func gettimeofday
test_ld cc
test_cc
BEGIN /var/folders/rv/fj31z1cj3j39vd6c2s012n7h0000gn/T//ffconf.JMIT29EY/test.c
    1	extern int gettimeofday();
    2	int main(void){ gettimeofday(); }
END /var/folders/rv/fj31z1cj3j39vd6c2s012n7h0000gn/T//ffconf.JMIT29EY/test.c
gcc -D_ISOC11_SOURCE -D_FILE_OFFSET_BITS=64 -D_LARGEFILE_SOURCE -I$(SRC_PATH)/compat/dispatch_semaphore -DPIC -fPIC -arch x86_64 -mmacosx-version-min=11.0 -Wno-error=asm-operand-widths -I/Users/runner/work/ffmpeg-build/ffmpeg-build/vulkan-headers/include -std=c17 -Werror=partial-availability -fno-common -fomit-frame-pointer -fPIC -c -o /var/folders/rv/fj31z1cj3j39vd6c2s012n7h0000gn/T//ffconf.JMIT29EY/test.o /var/folders/rv/fj31z1cj3j39vd6c2s012n7h0000gn/T//ffconf.JMIT29EY/test.c
gcc -arch x86_64 -mmacosx-version-min=11.0 -Wl,-dynamic,-search_paths_first -Wl,-no_warn_duplicate_libraries -o /var/folders/rv/fj31z1cj3j39vd6c2s012n7h0000gn/T//ffconf.JMIT29EY/test /var/folders/rv/fj31z1cj3j39vd6c2s012n7h0000gn/T//ffconf.JMIT29EY/test.o
check_func isatty
test_ld cc
test_cc
BEGIN /var/folders/rv/fj31z1cj3j39vd6c2s012n7h0000gn/T//ffconf.JMIT29EY/test.c
    1	extern int isatty();
    2	int main(void){ isatty(); }
END /var/folders/rv/fj31z1cj3j39vd6c2s012n7h0000gn/T//ffconf.JMIT29EY/test.c
gcc -D_ISOC11_SOURCE -D_FILE_OFFSET_BITS=64 -D_LARGEFILE_SOURCE -I$(SRC_PATH)/compat/dispatch_semaphore -DPIC -fPIC -arch x86_64 -mmacosx-version-min=11.0 -Wno-error=asm-operand-widths -I/Users/runner/work/ffmpeg-build/ffmpeg-build/vulkan-headers/include -std=c17 -Werror=partial-availability -fno-common -fomit-frame-pointer -fPIC -c -o /var/folders/rv/fj31z1cj3j39vd6c2s012n7h0000gn/T//ffconf.JMIT29EY/test.o /var/folders/rv/fj31z1cj3j39vd6c2s012n7h0000gn/T//ffconf.JMIT29EY/test.c
gcc -arch x86_64 -mmacosx-version-min=11.0 -Wl,-dynamic,-search_paths_first -Wl,-no_warn_duplicate_libraries -o /var/folders/rv/fj31z1cj3j39vd6c2s012n7h0000gn/T//ffconf.JMIT29EY/test /var/folders/rv/fj31z1cj3j39vd6c2s012n7h0000gn/T//ffconf.JMIT29EY/test.o
check_func mkstemp
test_ld cc
test_cc
BEGIN /var/folders/rv/fj31z1cj3j39vd6c2s012n7h0000gn/T//ffconf.JMIT29EY/test.c
    1	extern int mkstemp();
    2	int main(void){ mkstemp(); }
END /var/folders/rv/fj31z1cj3j39vd6c2s012n7h0000gn/T//ffconf.JMIT29EY/test.c
gcc -D_ISOC11_SOURCE -D_FILE_OFFSET_BITS=64 -D_LARGEFILE_SOURCE -I$(SRC_PATH)/compat/dispatch_semaphore -DPIC -fPIC -arch x86_64 -mmacosx-version-min=11.0 -Wno-error=asm-operand-widths -I/Users/runner/work/ffmpeg-build/ffmpeg-build/vulkan-headers/include -std=c17 -Werror=partial-availability -fno-common -fomit-frame-pointer -fPIC -c -o /var/folders/rv/fj31z1cj3j39vd6c2s012n7h0000gn/T//ffconf.JMIT29EY/test.o /var/folders/rv/fj31z1cj3j39vd6c2s012n7h0000gn/T//ffconf.JMIT29EY/test.c
gcc -arch x86_64 -mmacosx-version-min=11.0 -Wl,-dynamic,-search_paths_first -Wl,-no_warn_duplicate_libraries -o /var/folders/rv/fj31z1cj3j39vd6c2s012n7h0000gn/T//ffconf.JMIT29EY/test /var/folders/rv/fj31z1cj3j39vd6c2s012n7h0000gn/T//ffconf.JMIT29EY/test.o
check_func mmap
test_ld cc
test_cc
BEGIN /var/folders/rv/fj31z1cj3j39vd6c2s012n7h0000gn/T//ffconf.JMIT29EY/test.c
    1	extern int mmap();
    2	int main(void){ mmap(); }
END /var/folders/rv/fj31z1cj3j39vd6c2s012n7h0000gn/T//ffconf.JMIT29EY/test.c
gcc -D_ISOC11_SOURCE -D_FILE_OFFSET_BITS=64 -D_LARGEFILE_SOURCE -I$(SRC_PATH)/compat/dispatch_semaphore -DPIC -fPIC -arch x86_64 -mmacosx-version-min=11.0 -Wno-error=asm-operand-widths -I/Users/runner/work/ffmpeg-build/ffmpeg-build/vulkan-headers/include -std=c17 -Werror=partial-availability -fno-common -fomit-frame-pointer -fPIC -c -o /var/folders/rv/fj31z1cj3j39vd6c2s012n7h0000gn/T//ffconf.JMIT29EY/test.o /var/folders/rv/fj31z1cj3j39vd6c2s012n7h0000gn/T//ffconf.JMIT29EY/test.c
gcc -arch x86_64 -mmacosx-version-min=11.0 -Wl,-dynamic,-search_paths_first -Wl,-no_warn_duplicate_libraries -o /var/folders/rv/fj31z1cj3j39vd6c2s012n7h0000gn/T//ffconf.JMIT29EY/test /var/folders/rv/fj31z1cj3j39vd6c2s012n7h0000gn/T//ffconf.JMIT29EY/test.o
check_func mprotect
test_ld cc
test_cc
BEGIN /var/folders/rv/fj31z1cj3j39vd6c2s012n7h0000gn/T//ffconf.JMIT29EY/test.c
    1	extern int mprotect();
    2	int main(void){ mprotect(); }
END /var/folders/rv/fj31z1cj3j39vd6c2s012n7h0000gn/T//ffconf.JMIT29EY/test.c
gcc -D_ISOC11_SOURCE -D_FILE_OFFSET_BITS=64 -D_LARGEFILE_SOURCE -I$(SRC_PATH)/compat/dispatch_semaphore -DPIC -fPIC -arch x86_64 -mmacosx-version-min=11.0 -Wno-error=asm-operand-widths -I/Users/runner/work/ffmpeg-build/ffmpeg-build/vulkan-headers/include -std=c17 -Werror=partial-availability -fno-common -fomit-frame-pointer -fPIC -c -o /var/folders/rv/fj31z1cj3j39vd6c2s012n7h0000gn/T//ffconf.JMIT29EY/test.o /var/folders/rv/fj31z1cj3j39vd6c2s012n7h0000gn/T//ffconf.JMIT29EY/test.c
gcc -arch x86_64 -mmacosx-version-min=11.0 -Wl,-dynamic,-search_paths_first -Wl,-no_warn_duplicate_libraries -o /var/folders/rv/fj31z1cj3j39vd6c2s012n7h0000gn/T//ffconf.JMIT29EY/test /var/folders/rv/fj31z1cj3j39vd6c2s012n7h0000gn/T//ffconf.JMIT29EY/test.o
check_func_headers time.h nanosleep
test_ld cc
test_cc
BEGIN /var/folders/rv/fj31z1cj3j39vd6c2s012n7h0000gn/T//ffconf.JMIT29EY/test.c
    1	#include <time.h>
    2	#include <stdint.h>
    3	long check_nanosleep(void) { return (long) nanosleep; }
    4	int main(void) { int ret = 0;
    5	 ret |= ((intptr_t)check_nanosleep) & 0xFFFF;
    6	return ret; }
END /var/folders/rv/fj31z1cj3j39vd6c2s012n7h0000gn/T//ffconf.JMIT29EY/test.c
gcc -D_ISOC11_SOURCE -D_FILE_OFFSET_BITS=64 -D_LARGEFILE_SOURCE -I$(SRC_PATH)/compat/dispatch_semaphore -DPIC -fPIC -arch x86_64 -mmacosx-version-min=11.0 -Wno-error=asm-operand-widths -I/Users/runner/work/ffmpeg-build/ffmpeg-build/vulkan-headers/include -std=c17 -Werror=partial-availability -fno-common -fomit-frame-pointer -fPIC -c -o /var/folders/rv/fj31z1cj3j39vd6c2s012n7h0000gn/T//ffconf.JMIT29EY/test.o /var/folders/rv/fj31z1cj3j39vd6c2s012n7h0000gn/T//ffconf.JMIT29EY/test.c
gcc -arch x86_64 -mmacosx-version-min=11.0 -Wl,-dynamic,-search_paths_first -Wl,-no_warn_duplicate_libraries -o /var/folders/rv/fj31z1cj3j39vd6c2s012n7h0000gn/T//ffconf.JMIT29EY/test /var/folders/rv/fj31z1cj3j39vd6c2s012n7h0000gn/T//ffconf.JMIT29EY/test.o
check_func_headers sys/prctl.h prctl
test_ld cc
test_cc
BEGIN /var/folders/rv/fj31z1cj3j39vd6c2s012n7h0000gn/T//ffconf.JMIT29EY/test.c
    1	#include <sys/prctl.h>
    2	#include <stdint.h>
    3	long check_prctl(void) { return (long) prctl; }
    4	int main(void) { int ret = 0;
    5	 ret |= ((intptr_t)check_prctl) & 0xFFFF;
    6	return ret; }
END /var/folders/rv/fj31z1cj3j39vd6c2s012n7h0000gn/T//ffconf.JMIT29EY/test.c
gcc -D_ISOC11_SOURCE -D_FILE_OFFSET_BITS=64 -D_LARGEFILE_SOURCE -I$(SRC_PATH)/compat/dispatch_semaphore -DPIC -fPIC -arch x86_64 -mmacosx-version-min=11.0 -Wno-error=asm-operand-widths -I/Users/runner/work/ffmpeg-build/ffmpeg-build/vulkan-headers/include -std=c17 -Werror=partial-availability -fno-common -fomit-frame-pointer -fPIC -c -o /var/folders/rv/fj31z1cj3j39vd6c2s012n7h0000gn/T//ffconf.JMIT29EY/test.o /var/folders/rv/fj31z1cj3j39vd6c2s012n7h0000gn/T//ffconf.JMIT29EY/test.c
/var/folders/rv/fj31z1cj3j39vd6c2s012n7h0000gn/T//ffconf.JMIT29EY/test.c:1:10: fatal error: 'sys/prctl.h' file not found
#include <sys/prctl.h>
         ^~~~~~~~~~~~~
1 error generated.
check_func sched_getaffinity
test_ld cc
test_cc
BEGIN /var/folders/rv/fj31z1cj3j39vd6c2s012n7h0000gn/T//ffconf.JMIT29EY/test.c
    1	extern int sched_getaffinity();
    2	int main(void){ sched_getaffinity(); }
END /var/folders/rv/fj31z1cj3j39vd6c2s012n7h0000gn/T//ffconf.JMIT29EY/test.c
gcc -D_ISOC11_SOURCE -D_FILE_OFFSET_BITS=64 -D_LARGEFILE_SOURCE -I$(SRC_PATH)/compat/dispatch_semaphore -DPIC -fPIC -arch x86_64 -mmacosx-version-min=11.0 -Wno-error=asm-operand-widths -I/Users/runner/work/ffmpeg-build/ffmpeg-build/vulkan-headers/include -std=c17 -Werror=partial-availability -fno-common -fomit-frame-pointer -fPIC -c -o /var/folders/rv/fj31z1cj3j39vd6c2s012n7h0000gn/T//ffconf.JMIT29EY/test.o /var/folders/rv/fj31z1cj3j39vd6c2s012n7h0000gn/T//ffconf.JMIT29EY/test.c
gcc -arch x86_64 -mmacosx-version-min=11.0 -Wl,-dynamic,-search_paths_first -Wl,-no_warn_duplicate_libraries -o /var/folders/rv/fj31z1cj3j39vd6c2s012n7h0000gn/T//ffconf.JMIT29EY/test /var/folders/rv/fj31z1cj3j39vd6c2s012n7h0000gn/T//ffconf.JMIT29EY/test.o
Undefined symbols for architecture x86_64:
  "_sched_getaffinity", referenced from:
      _main in test.o
ld: symbol(s) not found for architecture x86_64
clang: error: linker command failed with exit code 1 (use -v to see invocation)
check_func setrlimit
test_ld cc
test_cc
BEGIN /var/folders/rv/fj31z1cj3j39vd6c2s012n7h0000gn/T//ffconf.JMIT29EY/test.c
    1	extern int setrlimit();
    2	int main(void){ setrlimit(); }
END /var/folders/rv/fj31z1cj3j39vd6c2s012n7h0000gn/T//ffconf.JMIT29EY/test.c
gcc -D_ISOC11_SOURCE -D_FILE_OFFSET_BITS=64 -D_LARGEFILE_SOURCE -I$(SRC_PATH)/compat/dispatch_semaphore -DPIC -fPIC -arch x86_64 -mmacosx-version-min=11.0 -Wno-error=asm-operand-widths -I/Users/runner/work/ffmpeg-build/ffmpeg-build/vulkan-headers/include -std=c17 -Werror=partial-availability -fno-common -fomit-frame-pointer -fPIC -c -o /var/folders/rv/fj31z1cj3j39vd6c2s012n7h0000gn/T//ffconf.JMIT29EY/test.o /var/folders/rv/fj31z1cj3j39vd6c2s012n7h0000gn/T//ffconf.JMIT29EY/test.c
gcc -arch x86_64 -mmacosx-version-min=11.0 -Wl,-dynamic,-search_paths_first -Wl,-no_warn_duplicate_libraries -o /var/folders/rv/fj31z1cj3j39vd6c2s012n7h0000gn/T//ffconf.JMIT29EY/test /var/folders/rv/fj31z1cj3j39vd6c2s012n7h0000gn/T//ffconf.JMIT29EY/test.o
check_struct sys/stat.h struct stat st_mtim.tv_nsec -D_BSD_SOURCE
test_code cc sys/stat.h const void *p = &((struct stat *)0)->st_mtim.tv_nsec -D_BSD_SOURCE
test_cc -D_BSD_SOURCE
BEGIN /var/folders/rv/fj31z1cj3j39vd6c2s012n7h0000gn/T//ffconf.JMIT29EY/test.c
    1	#include <sys/stat.h>
    2	int main(void) { const void *p = &((struct stat *)0)->st_mtim.tv_nsec; return 0; }
END /var/folders/rv/fj31z1cj3j39vd6c2s012n7h0000gn/T//ffconf.JMIT29EY/test.c
gcc -D_ISOC11_SOURCE -D_FILE_OFFSET_BITS=64 -D_LARGEFILE_SOURCE -I$(SRC_PATH)/compat/dispatch_semaphore -DPIC -fPIC -arch x86_64 -mmacosx-version-min=11.0 -Wno-error=asm-operand-widths -I/Users/runner/work/ffmpeg-build/ffmpeg-build/vulkan-headers/include -std=c17 -Werror=partial-availability -fno-common -fomit-frame-pointer -fPIC -D_BSD_SOURCE -c -o /var/folders/rv/fj31z1cj3j39vd6c2s012n7h0000gn/T//ffconf.JMIT29EY/test.o /var/folders/rv/fj31z1cj3j39vd6c2s012n7h0000gn/T//ffconf.JMIT29EY/test.c
/var/folders/rv/fj31z1cj3j39vd6c2s012n7h0000gn/T//ffconf.JMIT29EY/test.c:2:55: error: no member named 'st_mtim' in 'struct stat'
int main(void) { const void *p = &((struct stat *)0)->st_mtim.tv_nsec; return 0; }
                                  ~~~~~~~~~~~~~~~~~~  ^
1 error generated.
check_func strerror_r
test_ld cc
test_cc
BEGIN /var/folders/rv/fj31z1cj3j39vd6c2s012n7h0000gn/T//ffconf.JMIT29EY/test.c
    1	extern int strerror_r();
    2	int main(void){ strerror_r(); }
END /var/folders/rv/fj31z1cj3j39vd6c2s012n7h0000gn/T//ffconf.JMIT29EY/test.c
gcc -D_ISOC11_SOURCE -D_FILE_OFFSET_BITS=64 -D_LARGEFILE_SOURCE -I$(SRC_PATH)/compat/dispatch_semaphore -DPIC -fPIC -arch x86_64 -mmacosx-version-min=11.0 -Wno-error=asm-operand-widths -I/Users/runner/work/ffmpeg-build/ffmpeg-build/vulkan-headers/include -std=c17 -Werror=partial-availability -fno-common -fomit-frame-pointer -fPIC -c -o /var/folders/rv/fj31z1cj3j39vd6c2s012n7h0000gn/T//ffconf.JMIT29EY/test.o /var/folders/rv/fj31z1cj3j39vd6c2s012n7h0000gn/T//ffconf.JMIT29EY/test.c
gcc -arch x86_64 -mmacosx-version-min=11.0 -Wl,-dynamic,-search_paths_first -Wl,-no_warn_duplicate_libraries -o /var/folders/rv/fj31z1cj3j39vd6c2s012n7h0000gn/T//ffconf.JMIT29EY/test /var/folders/rv/fj31z1cj3j39vd6c2s012n7h0000gn/T//ffconf.JMIT29EY/test.o
check_func sysconf
test_ld cc
test_cc
BEGIN /var/folders/rv/fj31z1cj3j39vd6c2s012n7h0000gn/T//ffconf.JMIT29EY/test.c
    1	extern int sysconf();
    2	int main(void){ sysconf(); }
END /var/folders/rv/fj31z1cj3j39vd6c2s012n7h0000gn/T//ffconf.JMIT29EY/test.c
gcc -D_ISOC11_SOURCE -D_FILE_OFFSET_BITS=64 -D_LARGEFILE_SOURCE -I$(SRC_PATH)/compat/dispatch_semaphore -DPIC -fPIC -arch x86_64 -mmacosx-version-min=11.0 -Wno-error=asm-operand-widths -I/Users/runner/work/ffmpeg-build/ffmpeg-build/vulkan-headers/include -std=c17 -Werror=partial-availability -fno-common -fomit-frame-pointer -fPIC -c -o /var/folders/rv/fj31z1cj3j39vd6c2s012n7h0000gn/T//ffconf.JMIT29EY/test.o /var/folders/rv/fj31z1cj3j39vd6c2s012n7h0000gn/T//ffconf.JMIT29EY/test.c
gcc -arch x86_64 -mmacosx-version-min=11.0 -Wl,-dynamic,-search_paths_first -Wl,-no_warn_duplicate_libraries -o /var/folders/rv/fj31z1cj3j39vd6c2s012n7h0000gn/T//ffconf.JMIT29EY/test /var/folders/rv/fj31z1cj3j39vd6c2s012n7h0000gn/T//ffconf.JMIT29EY/test.o
check_func sysctl
test_ld cc
test_cc
BEGIN /var/folders/rv/fj31z1cj3j39vd6c2s012n7h0000gn/T//ffconf.JMIT29EY/test.c
    1	extern int sysctl();
    2	int main(void){ sysctl(); }
END /var/folders/rv/fj31z1cj3j39vd6c2s012n7h0000gn/T//ffconf.JMIT29EY/test.c
gcc -D_ISOC11_SOURCE -D_FILE_OFFSET_BITS=64 -D_LARGEFILE_SOURCE -I$(SRC_PATH)/compat/dispatch_semaphore -DPIC -fPIC -arch x86_64 -mmacosx-version-min=11.0 -Wno-error=asm-operand-widths -I/Users/runner/work/ffmpeg-build/ffmpeg-build/vulkan-headers/include -std=c17 -Werror=partial-availability -fno-common -fomit-frame-pointer -fPIC -c -o /var/folders/rv/fj31z1cj3j39vd6c2s012n7h0000gn/T//ffconf.JMIT29EY/test.o /var/folders/rv/fj31z1cj3j39vd6c2s012n7h0000gn/T//ffconf.JMIT29EY/test.c
gcc -arch x86_64 -mmacosx-version-min=11.0 -Wl,-dynamic,-search_paths_first -Wl,-no_warn_duplicate_libraries -o /var/folders/rv/fj31z1cj3j39vd6c2s012n7h0000gn/T//ffconf.JMIT29EY/test /var/folders/rv/fj31z1cj3j39vd6c2s012n7h0000gn/T//ffconf.JMIT29EY/test.o
check_func tempnam
test_ld cc
test_cc
BEGIN /var/folders/rv/fj31z1cj3j39vd6c2s012n7h0000gn/T//ffconf.JMIT29EY/test.c
    1	extern int tempnam();
    2	int main(void){ tempnam(); }
END /var/folders/rv/fj31z1cj3j39vd6c2s012n7h0000gn/T//ffconf.JMIT29EY/test.c
gcc -D_ISOC11_SOURCE -D_FILE_OFFSET_BITS=64 -D_LARGEFILE_SOURCE -I$(SRC_PATH)/compat/dispatch_semaphore -DPIC -fPIC -arch x86_64 -mmacosx-version-min=11.0 -Wno-error=asm-operand-widths -I/Users/runner/work/ffmpeg-build/ffmpeg-build/vulkan-headers/include -std=c17 -Werror=partial-availability -fno-common -fomit-frame-pointer -fPIC -c -o /var/folders/rv/fj31z1cj3j39vd6c2s012n7h0000gn/T//ffconf.JMIT29EY/test.o /var/folders/rv/fj31z1cj3j39vd6c2s012n7h0000gn/T//ffconf.JMIT29EY/test.c
gcc -arch x86_64 -mmacosx-version-min=11.0 -Wl,-dynamic,-search_paths_first -Wl,-no_warn_duplicate_libraries -o /var/folders/rv/fj31z1cj3j39vd6c2s012n7h0000gn/T//ffconf.JMIT29EY/test /var/folders/rv/fj31z1cj3j39vd6c2s012n7h0000gn/T//ffconf.JMIT29EY/test.o
check_func usleep
test_ld cc
test_cc
BEGIN /var/folders/rv/fj31z1cj3j39vd6c2s012n7h0000gn/T//ffconf.JMIT29EY/test.c
    1	extern int usleep();
    2	int main(void){ usleep(); }
END /var/folders/rv/fj31z1cj3j39vd6c2s012n7h0000gn/T//ffconf.JMIT29EY/test.c
gcc -D_ISOC11_SOURCE -D_FILE_OFFSET_BITS=64 -D_LARGEFILE_SOURCE -I$(SRC_PATH)/compat/dispatch_semaphore -DPIC -fPIC -arch x86_64 -mmacosx-version-min=11.0 -Wno-error=asm-operand-widths -I/Users/runner/work/ffmpeg-build/ffmpeg-build/vulkan-headers/include -std=c17 -Werror=partial-availability -fno-common -fomit-frame-pointer -fPIC -c -o /var/folders/rv/fj31z1cj3j39vd6c2s012n7h0000gn/T//ffconf.JMIT29EY/test.o /var/folders/rv/fj31z1cj3j39vd6c2s012n7h0000gn/T//ffconf.JMIT29EY/test.c
gcc -arch x86_64 -mmacosx-version-min=11.0 -Wl,-dynamic,-search_paths_first -Wl,-no_warn_duplicate_libraries -o /var/folders/rv/fj31z1cj3j39vd6c2s012n7h0000gn/T//ffconf.JMIT29EY/test /var/folders/rv/fj31z1cj3j39vd6c2s012n7h0000gn/T//ffconf.JMIT29EY/test.o
check_func_headers conio.h kbhit
test_ld cc
test_cc
BEGIN /var/folders/rv/fj31z1cj3j39vd6c2s012n7h0000gn/T//ffconf.JMIT29EY/test.c
    1	#include <conio.h>
    2	#include <stdint.h>
    3	long check_kbhit(void) { return (long) kbhit; }
    4	int main(void) { int ret = 0;
    5	 ret |= ((intptr_t)check_kbhit) & 0xFFFF;
    6	return ret; }
END /var/folders/rv/fj31z1cj3j39vd6c2s012n7h0000gn/T//ffconf.JMIT29EY/test.c
gcc -D_ISOC11_SOURCE -D_FILE_OFFSET_BITS=64 -D_LARGEFILE_SOURCE -I$(SRC_PATH)/compat/dispatch_semaphore -DPIC -fPIC -arch x86_64 -mmacosx-version-min=11.0 -Wno-error=asm-operand-widths -I/Users/runner/work/ffmpeg-build/ffmpeg-build/vulkan-headers/include -std=c17 -Werror=partial-availability -fno-common -fomit-frame-pointer -fPIC -c -o /var/folders/rv/fj31z1cj3j39vd6c2s012n7h0000gn/T//ffconf.JMIT29EY/test.o /var/folders/rv/fj31z1cj3j39vd6c2s012n7h0000gn/T//ffconf.JMIT29EY/test.c
/var/folders/rv/fj31z1cj3j39vd6c2s012n7h0000gn/T//ffconf.JMIT29EY/test.c:1:10: fatal error: 'conio.h' file not found
#include <conio.h>
         ^~~~~~~~~
1 error generated.
check_func_headers io.h setmode
test_ld cc
test_cc
BEGIN /var/folders/rv/fj31z1cj3j39vd6c2s012n7h0000gn/T//ffconf.JMIT29EY/test.c
    1	#include <io.h>
    2	#include <stdint.h>
    3	long check_setmode(void) { return (long) setmode; }
    4	int main(void) { int ret = 0;
    5	 ret |= ((intptr_t)check_setmode) & 0xFFFF;
    6	return ret; }
END /var/folders/rv/fj31z1cj3j39vd6c2s012n7h0000gn/T//ffconf.JMIT29EY/test.c
gcc -D_ISOC11_SOURCE -D_FILE_OFFSET_BITS=64 -D_LARGEFILE_SOURCE -I$(SRC_PATH)/compat/dispatch_semaphore -DPIC -fPIC -arch x86_64 -mmacosx-version-min=11.0 -Wno-error=asm-operand-widths -I/Users/runner/work/ffmpeg-build/ffmpeg-build/vulkan-headers/include -std=c17 -Werror=partial-availability -fno-common -fomit-frame-pointer -fPIC -c -o /var/folders/rv/fj31z1cj3j39vd6c2s012n7h0000gn/T//ffconf.JMIT29EY/test.o /var/folders/rv/fj31z1cj3j39vd6c2s012n7h0000gn/T//ffconf.JMIT29EY/test.c
/var/folders/rv/fj31z1cj3j39vd6c2s012n7h0000gn/T//ffconf.JMIT29EY/test.c:1:10: fatal error: 'io.h' file not found
#include <io.h>
         ^~~~~~
1 error generated.
check_func_headers lzo/lzo1x.h lzo1x_999_compress
test_ld cc
test_cc
BEGIN /var/folders/rv/fj31z1cj3j39vd6c2s012n7h0000gn/T//ffconf.JMIT29EY/test.c
    1	#include <lzo/lzo1x.h>
    2	#include <stdint.h>
    3	long check_lzo1x_999_compress(void) { return (long) lzo1x_999_compress; }
    4	int main(void) { int ret = 0;
    5	 ret |= ((intptr_t)check_lzo1x_999_compress) & 0xFFFF;
    6	return ret; }
END /var/folders/rv/fj31z1cj3j39vd6c2s012n7h0000gn/T//ffconf.JMIT29EY/test.c
gcc -D_ISOC11_SOURCE -D_FILE_OFFSET_BITS=64 -D_LARGEFILE_SOURCE -I$(SRC_PATH)/compat/dispatch_semaphore -DPIC -fPIC -arch x86_64 -mmacosx-version-min=11.0 -Wno-error=asm-operand-widths -I/Users/runner/work/ffmpeg-build/ffmpeg-build/vulkan-headers/include -std=c17 -Werror=partial-availability -fno-common -fomit-frame-pointer -fPIC -c -o /var/folders/rv/fj31z1cj3j39vd6c2s012n7h0000gn/T//ffconf.JMIT29EY/test.o /var/folders/rv/fj31z1cj3j39vd6c2s012n7h0000gn/T//ffconf.JMIT29EY/test.c
gcc -arch x86_64 -mmacosx-version-min=11.0 -Wl,-dynamic,-search_paths_first -Wl,-no_warn_duplicate_libraries -o /var/folders/rv/fj31z1cj3j39vd6c2s012n7h0000gn/T//ffconf.JMIT29EY/test /var/folders/rv/fj31z1cj3j39vd6c2s012n7h0000gn/T//ffconf.JMIT29EY/test.o
Undefined symbols for architecture x86_64:
  "_lzo1x_999_compress", referenced from:
      _check_lzo1x_999_compress in test.o
ld: symbol(s) not found for architecture x86_64
clang: error: linker command failed with exit code 1 (use -v to see invocation)
check_func_headers mach/mach_time.h mach_absolute_time
test_ld cc
test_cc
BEGIN /var/folders/rv/fj31z1cj3j39vd6c2s012n7h0000gn/T//ffconf.JMIT29EY/test.c
    1	#include <mach/mach_time.h>
    2	#include <stdint.h>
    3	long check_mach_absolute_time(void) { return (long) mach_absolute_time; }
    4	int main(void) { int ret = 0;
    5	 ret |= ((intptr_t)check_mach_absolute_time) & 0xFFFF;
    6	return ret; }
END /var/folders/rv/fj31z1cj3j39vd6c2s012n7h0000gn/T//ffconf.JMIT29EY/test.c
gcc -D_ISOC11_SOURCE -D_FILE_OFFSET_BITS=64 -D_LARGEFILE_SOURCE -I$(SRC_PATH)/compat/dispatch_semaphore -DPIC -fPIC -arch x86_64 -mmacosx-version-min=11.0 -Wno-error=asm-operand-widths -I/Users/runner/work/ffmpeg-build/ffmpeg-build/vulkan-headers/include -std=c17 -Werror=partial-availability -fno-common -fomit-frame-pointer -fPIC -c -o /var/folders/rv/fj31z1cj3j39vd6c2s012n7h0000gn/T//ffconf.JMIT29EY/test.o /var/folders/rv/fj31z1cj3j39vd6c2s012n7h0000gn/T//ffconf.JMIT29EY/test.c
gcc -arch x86_64 -mmacosx-version-min=11.0 -Wl,-dynamic,-search_paths_first -Wl,-no_warn_duplicate_libraries -o /var/folders/rv/fj31z1cj3j39vd6c2s012n7h0000gn/T//ffconf.JMIT29EY/test /var/folders/rv/fj31z1cj3j39vd6c2s012n7h0000gn/T//ffconf.JMIT29EY/test.o
check_func_headers stdlib.h getenv
test_ld cc
test_cc
BEGIN /var/folders/rv/fj31z1cj3j39vd6c2s012n7h0000gn/T//ffconf.JMIT29EY/test.c
    1	#include <stdlib.h>
    2	#include <stdint.h>
    3	long check_getenv(void) { return (long) getenv; }
    4	int main(void) { int ret = 0;
    5	 ret |= ((intptr_t)check_getenv) & 0xFFFF;
    6	return ret; }
END /var/folders/rv/fj31z1cj3j39vd6c2s012n7h0000gn/T//ffconf.JMIT29EY/test.c
gcc -D_ISOC11_SOURCE -D_FILE_OFFSET_BITS=64 -D_LARGEFILE_SOURCE -I$(SRC_PATH)/compat/dispatch_semaphore -DPIC -fPIC -arch x86_64 -mmacosx-version-min=11.0 -Wno-error=asm-operand-widths -I/Users/runner/work/ffmpeg-build/ffmpeg-build/vulkan-headers/include -std=c17 -Werror=partial-availability -fno-common -fomit-frame-pointer -fPIC -c -o /var/folders/rv/fj31z1cj3j39vd6c2s012n7h0000gn/T//ffconf.JMIT29EY/test.o /var/folders/rv/fj31z1cj3j39vd6c2s012n7h0000gn/T//ffconf.JMIT29EY/test.c
gcc -arch x86_64 -mmacosx-version-min=11.0 -Wl,-dynamic,-search_paths_first -Wl,-no_warn_duplicate_libraries -o /var/folders/rv/fj31z1cj3j39vd6c2s012n7h0000gn/T//ffconf.JMIT29EY/test /var/folders/rv/fj31z1cj3j39vd6c2s012n7h0000gn/T//ffconf.JMIT29EY/test.o
check_func_headers sys/stat.h lstat
test_ld cc
test_cc
BEGIN /var/folders/rv/fj31z1cj3j39vd6c2s012n7h0000gn/T//ffconf.JMIT29EY/test.c
    1	#include <sys/stat.h>
    2	#include <stdint.h>
    3	long check_lstat(void) { return (long) lstat; }
    4	int main(void) { int ret = 0;
    5	 ret |= ((intptr_t)check_lstat) & 0xFFFF;
    6	return ret; }
END /var/folders/rv/fj31z1cj3j39vd6c2s012n7h0000gn/T//ffconf.JMIT29EY/test.c
gcc -D_ISOC11_SOURCE -D_FILE_OFFSET_BITS=64 -D_LARGEFILE_SOURCE -I$(SRC_PATH)/compat/dispatch_semaphore -DPIC -fPIC -arch x86_64 -mmacosx-version-min=11.0 -Wno-error=asm-operand-widths -I/Users/runner/work/ffmpeg-build/ffmpeg-build/vulkan-headers/include -std=c17 -Werror=partial-availability -fno-common -fomit-frame-pointer -fPIC -c -o /var/folders/rv/fj31z1cj3j39vd6c2s012n7h0000gn/T//ffconf.JMIT29EY/test.o /var/folders/rv/fj31z1cj3j39vd6c2s012n7h0000gn/T//ffconf.JMIT29EY/test.c
gcc -arch x86_64 -mmacosx-version-min=11.0 -Wl,-dynamic,-search_paths_first -Wl,-no_warn_duplicate_libraries -o /var/folders/rv/fj31z1cj3j39vd6c2s012n7h0000gn/T//ffconf.JMIT29EY/test /var/folders/rv/fj31z1cj3j39vd6c2s012n7h0000gn/T//ffconf.JMIT29EY/test.o
check_func_headers sys/auxv.h getauxval
test_ld cc
test_cc
BEGIN /var/folders/rv/fj31z1cj3j39vd6c2s012n7h0000gn/T//ffconf.JMIT29EY/test.c
    1	#include <sys/auxv.h>
    2	#include <stdint.h>
    3	long check_getauxval(void) { return (long) getauxval; }
    4	int main(void) { int ret = 0;
    5	 ret |= ((intptr_t)check_getauxval) & 0xFFFF;
    6	return ret; }
END /var/folders/rv/fj31z1cj3j39vd6c2s012n7h0000gn/T//ffconf.JMIT29EY/test.c
gcc -D_ISOC11_SOURCE -D_FILE_OFFSET_BITS=64 -D_LARGEFILE_SOURCE -I$(SRC_PATH)/compat/dispatch_semaphore -DPIC -fPIC -arch x86_64 -mmacosx-version-min=11.0 -Wno-error=asm-operand-widths -I/Users/runner/work/ffmpeg-build/ffmpeg-build/vulkan-headers/include -std=c17 -Werror=partial-availability -fno-common -fomit-frame-pointer -fPIC -c -o /var/folders/rv/fj31z1cj3j39vd6c2s012n7h0000gn/T//ffconf.JMIT29EY/test.o /var/folders/rv/fj31z1cj3j39vd6c2s012n7h0000gn/T//ffconf.JMIT29EY/test.c
/var/folders/rv/fj31z1cj3j39vd6c2s012n7h0000gn/T//ffconf.JMIT29EY/test.c:1:10: fatal error: 'sys/auxv.h' file not found
#include <sys/auxv.h>
         ^~~~~~~~~~~~
1 error generated.
check_func_headers sys/auxv.h elf_aux_info
test_ld cc
test_cc
BEGIN /var/folders/rv/fj31z1cj3j39vd6c2s012n7h0000gn/T//ffconf.JMIT29EY/test.c
    1	#include <sys/auxv.h>
    2	#include <stdint.h>
    3	long check_elf_aux_info(void) { return (long) elf_aux_info; }
    4	int main(void) { int ret = 0;
    5	 ret |= ((intptr_t)check_elf_aux_info) & 0xFFFF;
    6	return ret; }
END /var/folders/rv/fj31z1cj3j39vd6c2s012n7h0000gn/T//ffconf.JMIT29EY/test.c
gcc -D_ISOC11_SOURCE -D_FILE_OFFSET_BITS=64 -D_LARGEFILE_SOURCE -I$(SRC_PATH)/compat/dispatch_semaphore -DPIC -fPIC -arch x86_64 -mmacosx-version-min=11.0 -Wno-error=asm-operand-widths -I/Users/runner/work/ffmpeg-build/ffmpeg-build/vulkan-headers/include -std=c17 -Werror=partial-availability -fno-common -fomit-frame-pointer -fPIC -c -o /var/folders/rv/fj31z1cj3j39vd6c2s012n7h0000gn/T//ffconf.JMIT29EY/test.o /var/folders/rv/fj31z1cj3j39vd6c2s012n7h0000gn/T//ffconf.JMIT29EY/test.c
/var/folders/rv/fj31z1cj3j39vd6c2s012n7h0000gn/T//ffconf.JMIT29EY/test.c:1:10: fatal error: 'sys/auxv.h' file not found
#include <sys/auxv.h>
         ^~~~~~~~~~~~
1 error generated.
check_func_headers sys/sysctl.h sysctlbyname
test_ld cc
test_cc
BEGIN /var/folders/rv/fj31z1cj3j39vd6c2s012n7h0000gn/T//ffconf.JMIT29EY/test.c
    1	#include <sys/sysctl.h>
    2	#include <stdint.h>
    3	long check_sysctlbyname(void) { return (long) sysctlbyname; }
    4	int main(void) { int ret = 0;
    5	 ret |= ((intptr_t)check_sysctlbyname) & 0xFFFF;
    6	return ret; }
END /var/folders/rv/fj31z1cj3j39vd6c2s012n7h0000gn/T//ffconf.JMIT29EY/test.c
gcc -D_ISOC11_SOURCE -D_FILE_OFFSET_BITS=64 -D_LARGEFILE_SOURCE -I$(SRC_PATH)/compat/dispatch_semaphore -DPIC -fPIC -arch x86_64 -mmacosx-version-min=11.0 -Wno-error=asm-operand-widths -I/Users/runner/work/ffmpeg-build/ffmpeg-build/vulkan-headers/include -std=c17 -Werror=partial-availability -fno-common -fomit-frame-pointer -fPIC -c -o /var/folders/rv/fj31z1cj3j39vd6c2s012n7h0000gn/T//ffconf.JMIT29EY/test.o /var/folders/rv/fj31z1cj3j39vd6c2s012n7h0000gn/T//ffconf.JMIT29EY/test.c
gcc -arch x86_64 -mmacosx-version-min=11.0 -Wl,-dynamic,-search_paths_first -Wl,-no_warn_duplicate_libraries -o /var/folders/rv/fj31z1cj3j39vd6c2s012n7h0000gn/T//ffconf.JMIT29EY/test /var/folders/rv/fj31z1cj3j39vd6c2s012n7h0000gn/T//ffconf.JMIT29EY/test.o
check_func_headers windows.h GetModuleHandle
test_ld cc
test_cc
BEGIN /var/folders/rv/fj31z1cj3j39vd6c2s012n7h0000gn/T//ffconf.JMIT29EY/test.c
    1	#include <windows.h>
    2	#include <stdint.h>
    3	long check_GetModuleHandle(void) { return (long) GetModuleHandle; }
    4	int main(void) { int ret = 0;
    5	 ret |= ((intptr_t)check_GetModuleHandle) & 0xFFFF;
    6	return ret; }
END /var/folders/rv/fj31z1cj3j39vd6c2s012n7h0000gn/T//ffconf.JMIT29EY/test.c
gcc -D_ISOC11_SOURCE -D_FILE_OFFSET_BITS=64 -D_LARGEFILE_SOURCE -I$(SRC_PATH)/compat/dispatch_semaphore -DPIC -fPIC -arch x86_64 -mmacosx-version-min=11.0 -Wno-error=asm-operand-widths -I/Users/runner/work/ffmpeg-build/ffmpeg-build/vulkan-headers/include -std=c17 -Werror=partial-availability -fno-common -fomit-frame-pointer -fPIC -c -o /var/folders/rv/fj31z1cj3j39vd6c2s012n7h0000gn/T//ffconf.JMIT29EY/test.o /var/folders/rv/fj31z1cj3j39vd6c2s012n7h0000gn/T//ffconf.JMIT29EY/test.c
/var/folders/rv/fj31z1cj3j39vd6c2s012n7h0000gn/T//ffconf.JMIT29EY/test.c:1:10: fatal error: 'windows.h' file not found
#include <windows.h>
         ^~~~~~~~~~~
1 error generated.
check_func_headers windows.h GetProcessAffinityMask
test_ld cc
test_cc
BEGIN /var/folders/rv/fj31z1cj3j39vd6c2s012n7h0000gn/T//ffconf.JMIT29EY/test.c
    1	#include <windows.h>
    2	#include <stdint.h>
    3	long check_GetProcessAffinityMask(void) { return (long) GetProcessAffinityMask; }
    4	int main(void) { int ret = 0;
    5	 ret |= ((intptr_t)check_GetProcessAffinityMask) & 0xFFFF;
    6	return ret; }
END /var/folders/rv/fj31z1cj3j39vd6c2s012n7h0000gn/T//ffconf.JMIT29EY/test.c
gcc -D_ISOC11_SOURCE -D_FILE_OFFSET_BITS=64 -D_LARGEFILE_SOURCE -I$(SRC_PATH)/compat/dispatch_semaphore -DPIC -fPIC -arch x86_64 -mmacosx-version-min=11.0 -Wno-error=asm-operand-widths -I/Users/runner/work/ffmpeg-build/ffmpeg-build/vulkan-headers/include -std=c17 -Werror=partial-availability -fno-common -fomit-frame-pointer -fPIC -c -o /var/folders/rv/fj31z1cj3j39vd6c2s012n7h0000gn/T//ffconf.JMIT29EY/test.o /var/folders/rv/fj31z1cj3j39vd6c2s012n7h0000gn/T//ffconf.JMIT29EY/test.c
/var/folders/rv/fj31z1cj3j39vd6c2s012n7h0000gn/T//ffconf.JMIT29EY/test.c:1:10: fatal error: 'windows.h' file not found
#include <windows.h>
         ^~~~~~~~~~~
1 error generated.
check_func_headers windows.h GetProcessTimes
test_ld cc
test_cc
BEGIN /var/folders/rv/fj31z1cj3j39vd6c2s012n7h0000gn/T//ffconf.JMIT29EY/test.c
    1	#include <windows.h>
    2	#include <stdint.h>
    3	long check_GetProcessTimes(void) { return (long) GetProcessTimes; }
    4	int main(void) { int ret = 0;
    5	 ret |= ((intptr_t)check_GetProcessTimes) & 0xFFFF;
    6	return ret; }
END /var/folders/rv/fj31z1cj3j39vd6c2s012n7h0000gn/T//ffconf.JMIT29EY/test.c
gcc -D_ISOC11_SOURCE -D_FILE_OFFSET_BITS=64 -D_LARGEFILE_SOURCE -I$(SRC_PATH)/compat/dispatch_semaphore -DPIC -fPIC -arch x86_64 -mmacosx-version-min=11.0 -Wno-error=asm-operand-widths -I/Users/runner/work/ffmpeg-build/ffmpeg-build/vulkan-headers/include -std=c17 -Werror=partial-availability -fno-common -fomit-frame-pointer -fPIC -c -o /var/folders/rv/fj31z1cj3j39vd6c2s012n7h0000gn/T//ffconf.JMIT29EY/test.o /var/folders/rv/fj31z1cj3j39vd6c2s012n7h0000gn/T//ffconf.JMIT29EY/test.c
/var/folders/rv/fj31z1cj3j39vd6c2s012n7h0000gn/T//ffconf.JMIT29EY/test.c:1:10: fatal error: 'windows.h' file not found
#include <windows.h>
         ^~~~~~~~~~~
1 error generated.
check_func_headers windows.h GetStdHandle
test_ld cc
test_cc
BEGIN /var/folders/rv/fj31z1cj3j39vd6c2s012n7h0000gn/T//ffconf.JMIT29EY/test.c
    1	#include <windows.h>
    2	#include <stdint.h>
    3	long check_GetStdHandle(void) { return (long) GetStdHandle; }
    4	int main(void) { int ret = 0;
    5	 ret |= ((intptr_t)check_GetStdHandle) & 0xFFFF;
    6	return ret; }
END /var/folders/rv/fj31z1cj3j39vd6c2s012n7h0000gn/T//ffconf.JMIT29EY/test.c
gcc -D_ISOC11_SOURCE -D_FILE_OFFSET_BITS=64 -D_LARGEFILE_SOURCE -I$(SRC_PATH)/compat/dispatch_semaphore -DPIC -fPIC -arch x86_64 -mmacosx-version-min=11.0 -Wno-error=asm-operand-widths -I/Users/runner/work/ffmpeg-build/ffmpeg-build/vulkan-headers/include -std=c17 -Werror=partial-availability -fno-common -fomit-frame-pointer -fPIC -c -o /var/folders/rv/fj31z1cj3j39vd6c2s012n7h0000gn/T//ffconf.JMIT29EY/test.o /var/folders/rv/fj31z1cj3j39vd6c2s012n7h0000gn/T//ffconf.JMIT29EY/test.c
/var/folders/rv/fj31z1cj3j39vd6c2s012n7h0000gn/T//ffconf.JMIT29EY/test.c:1:10: fatal error: 'windows.h' file not found
#include <windows.h>
         ^~~~~~~~~~~
1 error generated.
check_func_headers windows.h GetSystemTimeAsFileTime
test_ld cc
test_cc
BEGIN /var/folders/rv/fj31z1cj3j39vd6c2s012n7h0000gn/T//ffconf.JMIT29EY/test.c
    1	#include <windows.h>
    2	#include <stdint.h>
    3	long check_GetSystemTimeAsFileTime(void) { return (long) GetSystemTimeAsFileTime; }
    4	int main(void) { int ret = 0;
    5	 ret |= ((intptr_t)check_GetSystemTimeAsFileTime) & 0xFFFF;
    6	return ret; }
END /var/folders/rv/fj31z1cj3j39vd6c2s012n7h0000gn/T//ffconf.JMIT29EY/test.c
gcc -D_ISOC11_SOURCE -D_FILE_OFFSET_BITS=64 -D_LARGEFILE_SOURCE -I$(SRC_PATH)/compat/dispatch_semaphore -DPIC -fPIC -arch x86_64 -mmacosx-version-min=11.0 -Wno-error=asm-operand-widths -I/Users/runner/work/ffmpeg-build/ffmpeg-build/vulkan-headers/include -std=c17 -Werror=partial-availability -fno-common -fomit-frame-pointer -fPIC -c -o /var/folders/rv/fj31z1cj3j39vd6c2s012n7h0000gn/T//ffconf.JMIT29EY/test.o /var/folders/rv/fj31z1cj3j39vd6c2s012n7h0000gn/T//ffconf.JMIT29EY/test.c
/var/folders/rv/fj31z1cj3j39vd6c2s012n7h0000gn/T//ffconf.JMIT29EY/test.c:1:10: fatal error: 'windows.h' file not found
#include <windows.h>
         ^~~~~~~~~~~
1 error generated.
check_func_headers windows.h LoadLibrary
test_ld cc
test_cc
BEGIN /var/folders/rv/fj31z1cj3j39vd6c2s012n7h0000gn/T//ffconf.JMIT29EY/test.c
    1	#include <windows.h>
    2	#include <stdint.h>
    3	long check_LoadLibrary(void) { return (long) LoadLibrary; }
    4	int main(void) { int ret = 0;
    5	 ret |= ((intptr_t)check_LoadLibrary) & 0xFFFF;
    6	return ret; }
END /var/folders/rv/fj31z1cj3j39vd6c2s012n7h0000gn/T//ffconf.JMIT29EY/test.c
gcc -D_ISOC11_SOURCE -D_FILE_OFFSET_BITS=64 -D_LARGEFILE_SOURCE -I$(SRC_PATH)/compat/dispatch_semaphore -DPIC -fPIC -arch x86_64 -mmacosx-version-min=11.0 -Wno-error=asm-operand-widths -I/Users/runner/work/ffmpeg-build/ffmpeg-build/vulkan-headers/include -std=c17 -Werror=partial-availability -fno-common -fomit-frame-pointer -fPIC -c -o /var/folders/rv/fj31z1cj3j39vd6c2s012n7h0000gn/T//ffconf.JMIT29EY/test.o /var/folders/rv/fj31z1cj3j39vd6c2s012n7h0000gn/T//ffconf.JMIT29EY/test.c
/var/folders/rv/fj31z1cj3j39vd6c2s012n7h0000gn/T//ffconf.JMIT29EY/test.c:1:10: fatal error: 'windows.h' file not found
#include <windows.h>
         ^~~~~~~~~~~
1 error generated.
check_func_headers windows.h MapViewOfFile
test_ld cc
test_cc
BEGIN /var/folders/rv/fj31z1cj3j39vd6c2s012n7h0000gn/T//ffconf.JMIT29EY/test.c
    1	#include <windows.h>
    2	#include <stdint.h>
    3	long check_MapViewOfFile(void) { return (long) MapViewOfFile; }
    4	int main(void) { int ret = 0;
    5	 ret |= ((intptr_t)check_MapViewOfFile) & 0xFFFF;
    6	return ret; }
END /var/folders/rv/fj31z1cj3j39vd6c2s012n7h0000gn/T//ffconf.JMIT29EY/test.c
gcc -D_ISOC11_SOURCE -D_FILE_OFFSET_BITS=64 -D_LARGEFILE_SOURCE -I$(SRC_PATH)/compat/dispatch_semaphore -DPIC -fPIC -arch x86_64 -mmacosx-version-min=11.0 -Wno-error=asm-operand-widths -I/Users/runner/work/ffmpeg-build/ffmpeg-build/vulkan-headers/include -std=c17 -Werror=partial-availability -fno-common -fomit-frame-pointer -fPIC -c -o /var/folders/rv/fj31z1cj3j39vd6c2s012n7h0000gn/T//ffconf.JMIT29EY/test.o /var/folders/rv/fj31z1cj3j39vd6c2s012n7h0000gn/T//ffconf.JMIT29EY/test.c
/var/folders/rv/fj31z1cj3j39vd6c2s012n7h0000gn/T//ffconf.JMIT29EY/test.c:1:10: fatal error: 'windows.h' file not found
#include <windows.h>
         ^~~~~~~~~~~
1 error generated.
check_func_headers windows.h PeekNamedPipe
test_ld cc
test_cc
BEGIN /var/folders/rv/fj31z1cj3j39vd6c2s012n7h0000gn/T//ffconf.JMIT29EY/test.c
    1	#include <windows.h>
    2	#include <stdint.h>
    3	long check_PeekNamedPipe(void) { return (long) PeekNamedPipe; }
    4	int main(void) { int ret = 0;
    5	 ret |= ((intptr_t)check_PeekNamedPipe) & 0xFFFF;
    6	return ret; }
END /var/folders/rv/fj31z1cj3j39vd6c2s012n7h0000gn/T//ffconf.JMIT29EY/test.c
gcc -D_ISOC11_SOURCE -D_FILE_OFFSET_BITS=64 -D_LARGEFILE_SOURCE -I$(SRC_PATH)/compat/dispatch_semaphore -DPIC -fPIC -arch x86_64 -mmacosx-version-min=11.0 -Wno-error=asm-operand-widths -I/Users/runner/work/ffmpeg-build/ffmpeg-build/vulkan-headers/include -std=c17 -Werror=partial-availability -fno-common -fomit-frame-pointer -fPIC -c -o /var/folders/rv/fj31z1cj3j39vd6c2s012n7h0000gn/T//ffconf.JMIT29EY/test.o /var/folders/rv/fj31z1cj3j39vd6c2s012n7h0000gn/T//ffconf.JMIT29EY/test.c
/var/folders/rv/fj31z1cj3j39vd6c2s012n7h0000gn/T//ffconf.JMIT29EY/test.c:1:10: fatal error: 'windows.h' file not found
#include <windows.h>
         ^~~~~~~~~~~
1 error generated.
check_func_headers windows.h SetConsoleTextAttribute
test_ld cc
test_cc
BEGIN /var/folders/rv/fj31z1cj3j39vd6c2s012n7h0000gn/T//ffconf.JMIT29EY/test.c
    1	#include <windows.h>
    2	#include <stdint.h>
    3	long check_SetConsoleTextAttribute(void) { return (long) SetConsoleTextAttribute; }
    4	int main(void) { int ret = 0;
    5	 ret |= ((intptr_t)check_SetConsoleTextAttribute) & 0xFFFF;
    6	return ret; }
END /var/folders/rv/fj31z1cj3j39vd6c2s012n7h0000gn/T//ffconf.JMIT29EY/test.c
gcc -D_ISOC11_SOURCE -D_FILE_OFFSET_BITS=64 -D_LARGEFILE_SOURCE -I$(SRC_PATH)/compat/dispatch_semaphore -DPIC -fPIC -arch x86_64 -mmacosx-version-min=11.0 -Wno-error=asm-operand-widths -I/Users/runner/work/ffmpeg-build/ffmpeg-build/vulkan-headers/include -std=c17 -Werror=partial-availability -fno-common -fomit-frame-pointer -fPIC -c -o /var/folders/rv/fj31z1cj3j39vd6c2s012n7h0000gn/T//ffconf.JMIT29EY/test.o /var/folders/rv/fj31z1cj3j39vd6c2s012n7h0000gn/T//ffconf.JMIT29EY/test.c
/var/folders/rv/fj31z1cj3j39vd6c2s012n7h0000gn/T//ffconf.JMIT29EY/test.c:1:10: fatal error: 'windows.h' file not found
#include <windows.h>
         ^~~~~~~~~~~
1 error generated.
check_func_headers windows.h SetConsoleCtrlHandler
test_ld cc
test_cc
BEGIN /var/folders/rv/fj31z1cj3j39vd6c2s012n7h0000gn/T//ffconf.JMIT29EY/test.c
    1	#include <windows.h>
    2	#include <stdint.h>
    3	long check_SetConsoleCtrlHandler(void) { return (long) SetConsoleCtrlHandler; }
    4	int main(void) { int ret = 0;
    5	 ret |= ((intptr_t)check_SetConsoleCtrlHandler) & 0xFFFF;
    6	return ret; }
END /var/folders/rv/fj31z1cj3j39vd6c2s012n7h0000gn/T//ffconf.JMIT29EY/test.c
gcc -D_ISOC11_SOURCE -D_FILE_OFFSET_BITS=64 -D_LARGEFILE_SOURCE -I$(SRC_PATH)/compat/dispatch_semaphore -DPIC -fPIC -arch x86_64 -mmacosx-version-min=11.0 -Wno-error=asm-operand-widths -I/Users/runner/work/ffmpeg-build/ffmpeg-build/vulkan-headers/include -std=c17 -Werror=partial-availability -fno-common -fomit-frame-pointer -fPIC -c -o /var/folders/rv/fj31z1cj3j39vd6c2s012n7h0000gn/T//ffconf.JMIT29EY/test.o /var/folders/rv/fj31z1cj3j39vd6c2s012n7h0000gn/T//ffconf.JMIT29EY/test.c
/var/folders/rv/fj31z1cj3j39vd6c2s012n7h0000gn/T//ffconf.JMIT29EY/test.c:1:10: fatal error: 'windows.h' file not found
#include <windows.h>
         ^~~~~~~~~~~
1 error generated.
check_func_headers windows.h SetDllDirectory
test_ld cc
test_cc
BEGIN /var/folders/rv/fj31z1cj3j39vd6c2s012n7h0000gn/T//ffconf.JMIT29EY/test.c
    1	#include <windows.h>
    2	#include <stdint.h>
    3	long check_SetDllDirectory(void) { return (long) SetDllDirectory; }
    4	int main(void) { int ret = 0;
    5	 ret |= ((intptr_t)check_SetDllDirectory) & 0xFFFF;
    6	return ret; }
END /var/folders/rv/fj31z1cj3j39vd6c2s012n7h0000gn/T//ffconf.JMIT29EY/test.c
gcc -D_ISOC11_SOURCE -D_FILE_OFFSET_BITS=64 -D_LARGEFILE_SOURCE -I$(SRC_PATH)/compat/dispatch_semaphore -DPIC -fPIC -arch x86_64 -mmacosx-version-min=11.0 -Wno-error=asm-operand-widths -I/Users/runner/work/ffmpeg-build/ffmpeg-build/vulkan-headers/include -std=c17 -Werror=partial-availability -fno-common -fomit-frame-pointer -fPIC -c -o /var/folders/rv/fj31z1cj3j39vd6c2s012n7h0000gn/T//ffconf.JMIT29EY/test.o /var/folders/rv/fj31z1cj3j39vd6c2s012n7h0000gn/T//ffconf.JMIT29EY/test.c
/var/folders/rv/fj31z1cj3j39vd6c2s012n7h0000gn/T//ffconf.JMIT29EY/test.c:1:10: fatal error: 'windows.h' file not found
#include <windows.h>
         ^~~~~~~~~~~
1 error generated.
check_func_headers windows.h Sleep
test_ld cc
test_cc
BEGIN /var/folders/rv/fj31z1cj3j39vd6c2s012n7h0000gn/T//ffconf.JMIT29EY/test.c
    1	#include <windows.h>
    2	#include <stdint.h>
    3	long check_Sleep(void) { return (long) Sleep; }
    4	int main(void) { int ret = 0;
    5	 ret |= ((intptr_t)check_Sleep) & 0xFFFF;
    6	return ret; }
END /var/folders/rv/fj31z1cj3j39vd6c2s012n7h0000gn/T//ffconf.JMIT29EY/test.c
gcc -D_ISOC11_SOURCE -D_FILE_OFFSET_BITS=64 -D_LARGEFILE_SOURCE -I$(SRC_PATH)/compat/dispatch_semaphore -DPIC -fPIC -arch x86_64 -mmacosx-version-min=11.0 -Wno-error=asm-operand-widths -I/Users/runner/work/ffmpeg-build/ffmpeg-build/vulkan-headers/include -std=c17 -Werror=partial-availability -fno-common -fomit-frame-pointer -fPIC -c -o /var/folders/rv/fj31z1cj3j39vd6c2s012n7h0000gn/T//ffconf.JMIT29EY/test.o /var/folders/rv/fj31z1cj3j39vd6c2s012n7h0000gn/T//ffconf.JMIT29EY/test.c
/var/folders/rv/fj31z1cj3j39vd6c2s012n7h0000gn/T//ffconf.JMIT29EY/test.c:1:10: fatal error: 'windows.h' file not found
#include <windows.h>
         ^~~~~~~~~~~
1 error generated.
check_func_headers windows.h VirtualAlloc
test_ld cc
test_cc
BEGIN /var/folders/rv/fj31z1cj3j39vd6c2s012n7h0000gn/T//ffconf.JMIT29EY/test.c
    1	#include <windows.h>
    2	#include <stdint.h>
    3	long check_VirtualAlloc(void) { return (long) VirtualAlloc; }
    4	int main(void) { int ret = 0;
    5	 ret |= ((intptr_t)check_VirtualAlloc) & 0xFFFF;
    6	return ret; }
END /var/folders/rv/fj31z1cj3j39vd6c2s012n7h0000gn/T//ffconf.JMIT29EY/test.c
gcc -D_ISOC11_SOURCE -D_FILE_OFFSET_BITS=64 -D_LARGEFILE_SOURCE -I$(SRC_PATH)/compat/dispatch_semaphore -DPIC -fPIC -arch x86_64 -mmacosx-version-min=11.0 -Wno-error=asm-operand-widths -I/Users/runner/work/ffmpeg-build/ffmpeg-build/vulkan-headers/include -std=c17 -Werror=partial-availability -fno-common -fomit-frame-pointer -fPIC -c -o /var/folders/rv/fj31z1cj3j39vd6c2s012n7h0000gn/T//ffconf.JMIT29EY/test.o /var/folders/rv/fj31z1cj3j39vd6c2s012n7h0000gn/T//ffconf.JMIT29EY/test.c
/var/folders/rv/fj31z1cj3j39vd6c2s012n7h0000gn/T//ffconf.JMIT29EY/test.c:1:10: fatal error: 'windows.h' file not found
#include <windows.h>
         ^~~~~~~~~~~
1 error generated.
check_func_headers glob.h glob
test_ld cc
test_cc
BEGIN /var/folders/rv/fj31z1cj3j39vd6c2s012n7h0000gn/T//ffconf.JMIT29EY/test.c
    1	#include <glob.h>
    2	#include <stdint.h>
    3	long check_glob(void) { return (long) glob; }
    4	int main(void) { int ret = 0;
    5	 ret |= ((intptr_t)check_glob) & 0xFFFF;
    6	return ret; }
END /var/folders/rv/fj31z1cj3j39vd6c2s012n7h0000gn/T//ffconf.JMIT29EY/test.c
gcc -D_ISOC11_SOURCE -D_FILE_OFFSET_BITS=64 -D_LARGEFILE_SOURCE -I$(SRC_PATH)/compat/dispatch_semaphore -DPIC -fPIC -arch x86_64 -mmacosx-version-min=11.0 -Wno-error=asm-operand-widths -I/Users/runner/work/ffmpeg-build/ffmpeg-build/vulkan-headers/include -std=c17 -Werror=partial-availability -fno-common -fomit-frame-pointer -fPIC -c -o /var/folders/rv/fj31z1cj3j39vd6c2s012n7h0000gn/T//ffconf.JMIT29EY/test.o /var/folders/rv/fj31z1cj3j39vd6c2s012n7h0000gn/T//ffconf.JMIT29EY/test.c
gcc -arch x86_64 -mmacosx-version-min=11.0 -Wl,-dynamic,-search_paths_first -Wl,-no_warn_duplicate_libraries -o /var/folders/rv/fj31z1cj3j39vd6c2s012n7h0000gn/T//ffconf.JMIT29EY/test /var/folders/rv/fj31z1cj3j39vd6c2s012n7h0000gn/T//ffconf.JMIT29EY/test.o
check_pkg_config xlib_x11 x11 X11/Xlib.h XPending
test_pkg_config xlib_x11 x11 X11/Xlib.h XPending
pkg-config --exists --print-errors x11
check_func_headers X11/Xlib.h XPending -I/usr/local/Cellar/libx11/1.8.13/include -I/usr/local/Cellar/xorgproto/2025.1/include -I/usr/local/Cellar/libxcb/1.17.0/include -I/usr/local/Cellar/libxau/1.0.12/include -I/usr/local/Cellar/libxdmcp/1.1.5/include -L/usr/local/Cellar/libx11/1.8.13/lib -lX11
test_ld cc -I/usr/local/Cellar/libx11/1.8.13/include -I/usr/local/Cellar/xorgproto/2025.1/include -I/usr/local/Cellar/libxcb/1.17.0/include -I/usr/local/Cellar/libxau/1.0.12/include -I/usr/local/Cellar/libxdmcp/1.1.5/include -L/usr/local/Cellar/libx11/1.8.13/lib -lX11
test_cc -I/usr/local/Cellar/libx11/1.8.13/include -I/usr/local/Cellar/xorgproto/2025.1/include -I/usr/local/Cellar/libxcb/1.17.0/include -I/usr/local/Cellar/libxau/1.0.12/include -I/usr/local/Cellar/libxdmcp/1.1.5/include -L/usr/local/Cellar/libx11/1.8.13/lib
BEGIN /var/folders/rv/fj31z1cj3j39vd6c2s012n7h0000gn/T//ffconf.JMIT29EY/test.c
    1	#include <X11/Xlib.h>
    2	#include <stdint.h>
    3	long check_XPending(void) { return (long) XPending; }
    4	int main(void) { int ret = 0;
    5	 ret |= ((intptr_t)check_XPending) & 0xFFFF;
    6	return ret; }
END /var/folders/rv/fj31z1cj3j39vd6c2s012n7h0000gn/T//ffconf.JMIT29EY/test.c
gcc -D_ISOC11_SOURCE -D_FILE_OFFSET_BITS=64 -D_LARGEFILE_SOURCE -I$(SRC_PATH)/compat/dispatch_semaphore -DPIC -fPIC -arch x86_64 -mmacosx-version-min=11.0 -Wno-error=asm-operand-widths -I/Users/runner/work/ffmpeg-build/ffmpeg-build/vulkan-headers/include -std=c17 -Werror=partial-availability -fno-common -fomit-frame-pointer -fPIC -I/usr/local/Cellar/libx11/1.8.13/include -I/usr/local/Cellar/xorgproto/2025.1/include -I/usr/local/Cellar/libxcb/1.17.0/include -I/usr/local/Cellar/libxau/1.0.12/include -I/usr/local/Cellar/libxdmcp/1.1.5/include -L/usr/local/Cellar/libx11/1.8.13/lib -c -o /var/folders/rv/fj31z1cj3j39vd6c2s012n7h0000gn/T//ffconf.JMIT29EY/test.o /var/folders/rv/fj31z1cj3j39vd6c2s012n7h0000gn/T//ffconf.JMIT29EY/test.c
clang: warning: argument unused during compilation: '-L/usr/local/Cellar/libx11/1.8.13/lib' [-Wunused-command-line-argument]
gcc -arch x86_64 -mmacosx-version-min=11.0 -Wl,-dynamic,-search_paths_first -Wl,-no_warn_duplicate_libraries -I/usr/local/Cellar/libx11/1.8.13/include -I/usr/local/Cellar/xorgproto/2025.1/include -I/usr/local/Cellar/libxcb/1.17.0/include -I/usr/local/Cellar/libxau/1.0.12/include -I/usr/local/Cellar/libxdmcp/1.1.5/include -L/usr/local/Cellar/libx11/1.8.13/lib -o /var/folders/rv/fj31z1cj3j39vd6c2s012n7h0000gn/T//ffconf.JMIT29EY/test /var/folders/rv/fj31z1cj3j39vd6c2s012n7h0000gn/T//ffconf.JMIT29EY/test.o -lX11
check_pkg_config xlib_xext xext X11/Xlib.h X11/extensions/XShm.h XShmAttach
test_pkg_config xlib_xext xext X11/Xlib.h X11/extensions/XShm.h XShmAttach
pkg-config --exists --print-errors xext
check_func_headers X11/Xlib.h X11/extensions/XShm.h XShmAttach -I/usr/local/Cellar/libxext/1.3.7/include -I/usr/local/Cellar/xorgproto/2025.1/include -I/usr/local/Cellar/libx11/1.8.13/include -I/usr/local/Cellar/libxcb/1.17.0/include -I/usr/local/Cellar/libxau/1.0.12/include -I/usr/local/Cellar/libxdmcp/1.1.5/include -L/usr/local/Cellar/libxext/1.3.7/lib -lXext
test_ld cc -I/usr/local/Cellar/libxext/1.3.7/include -I/usr/local/Cellar/xorgproto/2025.1/include -I/usr/local/Cellar/libx11/1.8.13/include -I/usr/local/Cellar/libxcb/1.17.0/include -I/usr/local/Cellar/libxau/1.0.12/include -I/usr/local/Cellar/libxdmcp/1.1.5/include -L/usr/local/Cellar/libxext/1.3.7/lib -lXext
test_cc -I/usr/local/Cellar/libxext/1.3.7/include -I/usr/local/Cellar/xorgproto/2025.1/include -I/usr/local/Cellar/libx11/1.8.13/include -I/usr/local/Cellar/libxcb/1.17.0/include -I/usr/local/Cellar/libxau/1.0.12/include -I/usr/local/Cellar/libxdmcp/1.1.5/include -L/usr/local/Cellar/libxext/1.3.7/lib
BEGIN /var/folders/rv/fj31z1cj3j39vd6c2s012n7h0000gn/T//ffconf.JMIT29EY/test.c
    1	#include <X11/Xlib.h>
    2	#include <X11/extensions/XShm.h>
    3	#include <stdint.h>
    4	long check_XShmAttach(void) { return (long) XShmAttach; }
    5	int main(void) { int ret = 0;
    6	 ret |= ((intptr_t)check_XShmAttach) & 0xFFFF;
    7	return ret; }
END /var/folders/rv/fj31z1cj3j39vd6c2s012n7h0000gn/T//ffconf.JMIT29EY/test.c
gcc -D_ISOC11_SOURCE -D_FILE_OFFSET_BITS=64 -D_LARGEFILE_SOURCE -I$(SRC_PATH)/compat/dispatch_semaphore -DPIC -fPIC -arch x86_64 -mmacosx-version-min=11.0 -Wno-error=asm-operand-widths -I/Users/runner/work/ffmpeg-build/ffmpeg-build/vulkan-headers/include -std=c17 -Werror=partial-availability -fno-common -fomit-frame-pointer -fPIC -I/usr/local/Cellar/libx11/1.8.13/include -I/usr/local/Cellar/xorgproto/2025.1/include -I/usr/local/Cellar/libxcb/1.17.0/include -I/usr/local/Cellar/libxau/1.0.12/include -I/usr/local/Cellar/libxdmcp/1.1.5/include -I/usr/local/Cellar/libxext/1.3.7/include -I/usr/local/Cellar/xorgproto/2025.1/include -I/usr/local/Cellar/libx11/1.8.13/include -I/usr/local/Cellar/libxcb/1.17.0/include -I/usr/local/Cellar/libxau/1.0.12/include -I/usr/local/Cellar/libxdmcp/1.1.5/include -L/usr/local/Cellar/libxext/1.3.7/lib -c -o /var/folders/rv/fj31z1cj3j39vd6c2s012n7h0000gn/T//ffconf.JMIT29EY/test.o /var/folders/rv/fj31z1cj3j39vd6c2s012n7h0000gn/T//ffconf.JMIT29EY/test.c
clang: warning: argument unused during compilation: '-L/usr/local/Cellar/libxext/1.3.7/lib' [-Wunused-command-line-argument]
gcc -arch x86_64 -mmacosx-version-min=11.0 -Wl,-dynamic,-search_paths_first -Wl,-no_warn_duplicate_libraries -I/usr/local/Cellar/libxext/1.3.7/include -I/usr/local/Cellar/xorgproto/2025.1/include -I/usr/local/Cellar/libx11/1.8.13/include -I/usr/local/Cellar/libxcb/1.17.0/include -I/usr/local/Cellar/libxau/1.0.12/include -I/usr/local/Cellar/libxdmcp/1.1.5/include -L/usr/local/Cellar/libxext/1.3.7/lib -o /var/folders/rv/fj31z1cj3j39vd6c2s012n7h0000gn/T//ffconf.JMIT29EY/test /var/folders/rv/fj31z1cj3j39vd6c2s012n7h0000gn/T//ffconf.JMIT29EY/test.o -lXext
check_pkg_config xlib_xv xv X11/Xlib.h X11/extensions/Xvlib.h XvGetPortAttribute
test_pkg_config xlib_xv xv X11/Xlib.h X11/extensions/Xvlib.h XvGetPortAttribute
pkg-config --exists --print-errors xv
Package xv was not found in the pkg-config search path.
Perhaps you should add the directory containing `xv.pc'
to the PKG_CONFIG_PATH environment variable
Package 'xv' not found
check_lib xlib_xv X11/Xlib.h X11/extensions/Xvlib.h XvGetPortAttribute -lXv
check_func_headers X11/Xlib.h X11/extensions/Xvlib.h XvGetPortAttribute -lXv
test_ld cc -lXv
test_cc
BEGIN /var/folders/rv/fj31z1cj3j39vd6c2s012n7h0000gn/T//ffconf.JMIT29EY/test.c
    1	#include <X11/Xlib.h>
    2	#include <X11/extensions/Xvlib.h>
    3	#include <stdint.h>
    4	long check_XvGetPortAttribute(void) { return (long) XvGetPortAttribute; }
    5	int main(void) { int ret = 0;
    6	 ret |= ((intptr_t)check_XvGetPortAttribute) & 0xFFFF;
    7	return ret; }
END /var/folders/rv/fj31z1cj3j39vd6c2s012n7h0000gn/T//ffconf.JMIT29EY/test.c
gcc -D_ISOC11_SOURCE -D_FILE_OFFSET_BITS=64 -D_LARGEFILE_SOURCE -I$(SRC_PATH)/compat/dispatch_semaphore -DPIC -fPIC -arch x86_64 -mmacosx-version-min=11.0 -Wno-error=asm-operand-widths -I/Users/runner/work/ffmpeg-build/ffmpeg-build/vulkan-headers/include -std=c17 -Werror=partial-availability -fno-common -fomit-frame-pointer -fPIC -I/usr/local/Cellar/libx11/1.8.13/include -I/usr/local/Cellar/xorgproto/2025.1/include -I/usr/local/Cellar/libxcb/1.17.0/include -I/usr/local/Cellar/libxau/1.0.12/include -I/usr/local/Cellar/libxdmcp/1.1.5/include -I/usr/local/Cellar/libxext/1.3.7/include -I/usr/local/Cellar/xorgproto/2025.1/include -I/usr/local/Cellar/libx11/1.8.13/include -I/usr/local/Cellar/libxcb/1.17.0/include -I/usr/local/Cellar/libxau/1.0.12/include -I/usr/local/Cellar/libxdmcp/1.1.5/include -c -o /var/folders/rv/fj31z1cj3j39vd6c2s012n7h0000gn/T//ffconf.JMIT29EY/test.o /var/folders/rv/fj31z1cj3j39vd6c2s012n7h0000gn/T//ffconf.JMIT29EY/test.c
/var/folders/rv/fj31z1cj3j39vd6c2s012n7h0000gn/T//ffconf.JMIT29EY/test.c:2:10: fatal error: 'X11/extensions/Xvlib.h' file not found
#include <X11/extensions/Xvlib.h>
         ^~~~~~~~~~~~~~~~~~~~~~~~
1 error generated.
check_headers direct.h
test_cpp
BEGIN /var/folders/rv/fj31z1cj3j39vd6c2s012n7h0000gn/T//ffconf.JMIT29EY/test.c
    1	#include <direct.h>
    2	int x;
END /var/folders/rv/fj31z1cj3j39vd6c2s012n7h0000gn/T//ffconf.JMIT29EY/test.c
gcc -D_ISOC11_SOURCE -D_FILE_OFFSET_BITS=64 -D_LARGEFILE_SOURCE -I$(SRC_PATH)/compat/dispatch_semaphore -DPIC -fPIC -arch x86_64 -mmacosx-version-min=11.0 -Wno-error=asm-operand-widths -I/Users/runner/work/ffmpeg-build/ffmpeg-build/vulkan-headers/include -std=c17 -Werror=partial-availability -fno-common -fomit-frame-pointer -fPIC -I/usr/local/Cellar/libx11/1.8.13/include -I/usr/local/Cellar/xorgproto/2025.1/include -I/usr/local/Cellar/libxcb/1.17.0/include -I/usr/local/Cellar/libxau/1.0.12/include -I/usr/local/Cellar/libxdmcp/1.1.5/include -I/usr/local/Cellar/libxext/1.3.7/include -I/usr/local/Cellar/xorgproto/2025.1/include -I/usr/local/Cellar/libx11/1.8.13/include -I/usr/local/Cellar/libxcb/1.17.0/include -I/usr/local/Cellar/libxau/1.0.12/include -I/usr/local/Cellar/libxdmcp/1.1.5/include -E -o /var/folders/rv/fj31z1cj3j39vd6c2s012n7h0000gn/T//ffconf.JMIT29EY/test.o /var/folders/rv/fj31z1cj3j39vd6c2s012n7h0000gn/T//ffconf.JMIT29EY/test.c
/var/folders/rv/fj31z1cj3j39vd6c2s012n7h0000gn/T//ffconf.JMIT29EY/test.c:1:10: fatal error: 'direct.h' file not found
#include <direct.h>
         ^~~~~~~~~~
1 error generated.
check_headers dirent.h
test_cpp
BEGIN /var/folders/rv/fj31z1cj3j39vd6c2s012n7h0000gn/T//ffconf.JMIT29EY/test.c
    1	#include <dirent.h>
    2	int x;
END /var/folders/rv/fj31z1cj3j39vd6c2s012n7h0000gn/T//ffconf.JMIT29EY/test.c
gcc -D_ISOC11_SOURCE -D_FILE_OFFSET_BITS=64 -D_LARGEFILE_SOURCE -I$(SRC_PATH)/compat/dispatch_semaphore -DPIC -fPIC -arch x86_64 -mmacosx-version-min=11.0 -Wno-error=asm-operand-widths -I/Users/runner/work/ffmpeg-build/ffmpeg-build/vulkan-headers/include -std=c17 -Werror=partial-availability -fno-common -fomit-frame-pointer -fPIC -I/usr/local/Cellar/libx11/1.8.13/include -I/usr/local/Cellar/xorgproto/2025.1/include -I/usr/local/Cellar/libxcb/1.17.0/include -I/usr/local/Cellar/libxau/1.0.12/include -I/usr/local/Cellar/libxdmcp/1.1.5/include -I/usr/local/Cellar/libxext/1.3.7/include -I/usr/local/Cellar/xorgproto/2025.1/include -I/usr/local/Cellar/libx11/1.8.13/include -I/usr/local/Cellar/libxcb/1.17.0/include -I/usr/local/Cellar/libxau/1.0.12/include -I/usr/local/Cellar/libxdmcp/1.1.5/include -E -o /var/folders/rv/fj31z1cj3j39vd6c2s012n7h0000gn/T//ffconf.JMIT29EY/test.o /var/folders/rv/fj31z1cj3j39vd6c2s012n7h0000gn/T//ffconf.JMIT29EY/test.c
check_headers dxgidebug.h
test_cpp
BEGIN /var/folders/rv/fj31z1cj3j39vd6c2s012n7h0000gn/T//ffconf.JMIT29EY/test.c
    1	#include <dxgidebug.h>
    2	int x;
END /var/folders/rv/fj31z1cj3j39vd6c2s012n7h0000gn/T//ffconf.JMIT29EY/test.c
gcc -D_ISOC11_SOURCE -D_FILE_OFFSET_BITS=64 -D_LARGEFILE_SOURCE -I$(SRC_PATH)/compat/dispatch_semaphore -DPIC -fPIC -arch x86_64 -mmacosx-version-min=11.0 -Wno-error=asm-operand-widths -I/Users/runner/work/ffmpeg-build/ffmpeg-build/vulkan-headers/include -std=c17 -Werror=partial-availability -fno-common -fomit-frame-pointer -fPIC -I/usr/local/Cellar/libx11/1.8.13/include -I/usr/local/Cellar/xorgproto/2025.1/include -I/usr/local/Cellar/libxcb/1.17.0/include -I/usr/local/Cellar/libxau/1.0.12/include -I/usr/local/Cellar/libxdmcp/1.1.5/include -I/usr/local/Cellar/libxext/1.3.7/include -I/usr/local/Cellar/xorgproto/2025.1/include -I/usr/local/Cellar/libx11/1.8.13/include -I/usr/local/Cellar/libxcb/1.17.0/include -I/usr/local/Cellar/libxau/1.0.12/include -I/usr/local/Cellar/libxdmcp/1.1.5/include -E -o /var/folders/rv/fj31z1cj3j39vd6c2s012n7h0000gn/T//ffconf.JMIT29EY/test.o /var/folders/rv/fj31z1cj3j39vd6c2s012n7h0000gn/T//ffconf.JMIT29EY/test.c
/var/folders/rv/fj31z1cj3j39vd6c2s012n7h0000gn/T//ffconf.JMIT29EY/test.c:1:10: fatal error: 'dxgidebug.h' file not found
#include <dxgidebug.h>
         ^~~~~~~~~~~~~
1 error generated.
check_headers dxva.h
test_cpp
BEGIN /var/folders/rv/fj31z1cj3j39vd6c2s012n7h0000gn/T//ffconf.JMIT29EY/test.c
    1	#include <dxva.h>
    2	int x;
END /var/folders/rv/fj31z1cj3j39vd6c2s012n7h0000gn/T//ffconf.JMIT29EY/test.c
gcc -D_ISOC11_SOURCE -D_FILE_OFFSET_BITS=64 -D_LARGEFILE_SOURCE -I$(SRC_PATH)/compat/dispatch_semaphore -DPIC -fPIC -arch x86_64 -mmacosx-version-min=11.0 -Wno-error=asm-operand-widths -I/Users/runner/work/ffmpeg-build/ffmpeg-build/vulkan-headers/include -std=c17 -Werror=partial-availability -fno-common -fomit-frame-pointer -fPIC -I/usr/local/Cellar/libx11/1.8.13/include -I/usr/local/Cellar/xorgproto/2025.1/include -I/usr/local/Cellar/libxcb/1.17.0/include -I/usr/local/Cellar/libxau/1.0.12/include -I/usr/local/Cellar/libxdmcp/1.1.5/include -I/usr/local/Cellar/libxext/1.3.7/include -I/usr/local/Cellar/xorgproto/2025.1/include -I/usr/local/Cellar/libx11/1.8.13/include -I/usr/local/Cellar/libxcb/1.17.0/include -I/usr/local/Cellar/libxau/1.0.12/include -I/usr/local/Cellar/libxdmcp/1.1.5/include -E -o /var/folders/rv/fj31z1cj3j39vd6c2s012n7h0000gn/T//ffconf.JMIT29EY/test.o /var/folders/rv/fj31z1cj3j39vd6c2s012n7h0000gn/T//ffconf.JMIT29EY/test.c
/var/folders/rv/fj31z1cj3j39vd6c2s012n7h0000gn/T//ffconf.JMIT29EY/test.c:1:10: fatal error: 'dxva.h' file not found
#include <dxva.h>
         ^~~~~~~~
1 error generated.
check_headers dxva2api.h -D_WIN32_WINNT=0x0600
test_cpp -D_WIN32_WINNT=0x0600
BEGIN /var/folders/rv/fj31z1cj3j39vd6c2s012n7h0000gn/T//ffconf.JMIT29EY/test.c
    1	#include <dxva2api.h>
    2	int x;
END /var/folders/rv/fj31z1cj3j39vd6c2s012n7h0000gn/T//ffconf.JMIT29EY/test.c
gcc -D_ISOC11_SOURCE -D_FILE_OFFSET_BITS=64 -D_LARGEFILE_SOURCE -I$(SRC_PATH)/compat/dispatch_semaphore -DPIC -fPIC -arch x86_64 -mmacosx-version-min=11.0 -Wno-error=asm-operand-widths -I/Users/runner/work/ffmpeg-build/ffmpeg-build/vulkan-headers/include -std=c17 -Werror=partial-availability -fno-common -fomit-frame-pointer -fPIC -I/usr/local/Cellar/libx11/1.8.13/include -I/usr/local/Cellar/xorgproto/2025.1/include -I/usr/local/Cellar/libxcb/1.17.0/include -I/usr/local/Cellar/libxau/1.0.12/include -I/usr/local/Cellar/libxdmcp/1.1.5/include -I/usr/local/Cellar/libxext/1.3.7/include -I/usr/local/Cellar/xorgproto/2025.1/include -I/usr/local/Cellar/libx11/1.8.13/include -I/usr/local/Cellar/libxcb/1.17.0/include -I/usr/local/Cellar/libxau/1.0.12/include -I/usr/local/Cellar/libxdmcp/1.1.5/include -D_WIN32_WINNT=0x0600 -E -o /var/folders/rv/fj31z1cj3j39vd6c2s012n7h0000gn/T//ffconf.JMIT29EY/test.o /var/folders/rv/fj31z1cj3j39vd6c2s012n7h0000gn/T//ffconf.JMIT29EY/test.c
/var/folders/rv/fj31z1cj3j39vd6c2s012n7h0000gn/T//ffconf.JMIT29EY/test.c:1:10: fatal error: 'dxva2api.h' file not found
#include <dxva2api.h>
         ^~~~~~~~~~~~
1 error generated.
check_headers io.h
test_cpp
BEGIN /var/folders/rv/fj31z1cj3j39vd6c2s012n7h0000gn/T//ffconf.JMIT29EY/test.c
    1	#include <io.h>
    2	int x;
END /var/folders/rv/fj31z1cj3j39vd6c2s012n7h0000gn/T//ffconf.JMIT29EY/test.c
gcc -D_ISOC11_SOURCE -D_FILE_OFFSET_BITS=64 -D_LARGEFILE_SOURCE -I$(SRC_PATH)/compat/dispatch_semaphore -DPIC -fPIC -arch x86_64 -mmacosx-version-min=11.0 -Wno-error=asm-operand-widths -I/Users/runner/work/ffmpeg-build/ffmpeg-build/vulkan-headers/include -std=c17 -Werror=partial-availability -fno-common -fomit-frame-pointer -fPIC -I/usr/local/Cellar/libx11/1.8.13/include -I/usr/local/Cellar/xorgproto/2025.1/include -I/usr/local/Cellar/libxcb/1.17.0/include -I/usr/local/Cellar/libxau/1.0.12/include -I/usr/local/Cellar/libxdmcp/1.1.5/include -I/usr/local/Cellar/libxext/1.3.7/include -I/usr/local/Cellar/xorgproto/2025.1/include -I/usr/local/Cellar/libx11/1.8.13/include -I/usr/local/Cellar/libxcb/1.17.0/include -I/usr/local/Cellar/libxau/1.0.12/include -I/usr/local/Cellar/libxdmcp/1.1.5/include -E -o /var/folders/rv/fj31z1cj3j39vd6c2s012n7h0000gn/T//ffconf.JMIT29EY/test.o /var/folders/rv/fj31z1cj3j39vd6c2s012n7h0000gn/T//ffconf.JMIT29EY/test.c
/var/folders/rv/fj31z1cj3j39vd6c2s012n7h0000gn/T//ffconf.JMIT29EY/test.c:1:10: fatal error: 'io.h' file not found
#include <io.h>
         ^~~~~~
1 error generated.
check_headers linux/dma-buf.h
test_cpp
BEGIN /var/folders/rv/fj31z1cj3j39vd6c2s012n7h0000gn/T//ffconf.JMIT29EY/test.c
    1	#include <linux/dma-buf.h>
    2	int x;
END /var/folders/rv/fj31z1cj3j39vd6c2s012n7h0000gn/T//ffconf.JMIT29EY/test.c
gcc -D_ISOC11_SOURCE -D_FILE_OFFSET_BITS=64 -D_LARGEFILE_SOURCE -I$(SRC_PATH)/compat/dispatch_semaphore -DPIC -fPIC -arch x86_64 -mmacosx-version-min=11.0 -Wno-error=asm-operand-widths -I/Users/runner/work/ffmpeg-build/ffmpeg-build/vulkan-headers/include -std=c17 -Werror=partial-availability -fno-common -fomit-frame-pointer -fPIC -I/usr/local/Cellar/libx11/1.8.13/include -I/usr/local/Cellar/xorgproto/2025.1/include -I/usr/local/Cellar/libxcb/1.17.0/include -I/usr/local/Cellar/libxau/1.0.12/include -I/usr/local/Cellar/libxdmcp/1.1.5/include -I/usr/local/Cellar/libxext/1.3.7/include -I/usr/local/Cellar/xorgproto/2025.1/include -I/usr/local/Cellar/libx11/1.8.13/include -I/usr/local/Cellar/libxcb/1.17.0/include -I/usr/local/Cellar/libxau/1.0.12/include -I/usr/local/Cellar/libxdmcp/1.1.5/include -E -o /var/folders/rv/fj31z1cj3j39vd6c2s012n7h0000gn/T//ffconf.JMIT29EY/test.o /var/folders/rv/fj31z1cj3j39vd6c2s012n7h0000gn/T//ffconf.JMIT29EY/test.c
/var/folders/rv/fj31z1cj3j39vd6c2s012n7h0000gn/T//ffconf.JMIT29EY/test.c:1:10: fatal error: 'linux/dma-buf.h' file not found
#include <linux/dma-buf.h>
         ^~~~~~~~~~~~~~~~~
1 error generated.
check_headers linux/perf_event.h
test_cpp
BEGIN /var/folders/rv/fj31z1cj3j39vd6c2s012n7h0000gn/T//ffconf.JMIT29EY/test.c
    1	#include <linux/perf_event.h>
    2	int x;
END /var/folders/rv/fj31z1cj3j39vd6c2s012n7h0000gn/T//ffconf.JMIT29EY/test.c
gcc -D_ISOC11_SOURCE -D_FILE_OFFSET_BITS=64 -D_LARGEFILE_SOURCE -I$(SRC_PATH)/compat/dispatch_semaphore -DPIC -fPIC -arch x86_64 -mmacosx-version-min=11.0 -Wno-error=asm-operand-widths -I/Users/runner/work/ffmpeg-build/ffmpeg-build/vulkan-headers/include -std=c17 -Werror=partial-availability -fno-common -fomit-frame-pointer -fPIC -I/usr/local/Cellar/libx11/1.8.13/include -I/usr/local/Cellar/xorgproto/2025.1/include -I/usr/local/Cellar/libxcb/1.17.0/include -I/usr/local/Cellar/libxau/1.0.12/include -I/usr/local/Cellar/libxdmcp/1.1.5/include -I/usr/local/Cellar/libxext/1.3.7/include -I/usr/local/Cellar/xorgproto/2025.1/include -I/usr/local/Cellar/libx11/1.8.13/include -I/usr/local/Cellar/libxcb/1.17.0/include -I/usr/local/Cellar/libxau/1.0.12/include -I/usr/local/Cellar/libxdmcp/1.1.5/include -E -o /var/folders/rv/fj31z1cj3j39vd6c2s012n7h0000gn/T//ffconf.JMIT29EY/test.o /var/folders/rv/fj31z1cj3j39vd6c2s012n7h0000gn/T//ffconf.JMIT29EY/test.c
/var/folders/rv/fj31z1cj3j39vd6c2s012n7h0000gn/T//ffconf.JMIT29EY/test.c:1:10: fatal error: 'linux/perf_event.h' file not found
#include <linux/perf_event.h>
         ^~~~~~~~~~~~~~~~~~~~
1 error generated.
check_headers malloc.h
test_cpp
BEGIN /var/folders/rv/fj31z1cj3j39vd6c2s012n7h0000gn/T//ffconf.JMIT29EY/test.c
    1	#include <malloc.h>
    2	int x;
END /var/folders/rv/fj31z1cj3j39vd6c2s012n7h0000gn/T//ffconf.JMIT29EY/test.c
gcc -D_ISOC11_SOURCE -D_FILE_OFFSET_BITS=64 -D_LARGEFILE_SOURCE -I$(SRC_PATH)/compat/dispatch_semaphore -DPIC -fPIC -arch x86_64 -mmacosx-version-min=11.0 -Wno-error=asm-operand-widths -I/Users/runner/work/ffmpeg-build/ffmpeg-build/vulkan-headers/include -std=c17 -Werror=partial-availability -fno-common -fomit-frame-pointer -fPIC -I/usr/local/Cellar/libx11/1.8.13/include -I/usr/local/Cellar/xorgproto/2025.1/include -I/usr/local/Cellar/libxcb/1.17.0/include -I/usr/local/Cellar/libxau/1.0.12/include -I/usr/local/Cellar/libxdmcp/1.1.5/include -I/usr/local/Cellar/libxext/1.3.7/include -I/usr/local/Cellar/xorgproto/2025.1/include -I/usr/local/Cellar/libx11/1.8.13/include -I/usr/local/Cellar/libxcb/1.17.0/include -I/usr/local/Cellar/libxau/1.0.12/include -I/usr/local/Cellar/libxdmcp/1.1.5/include -E -o /var/folders/rv/fj31z1cj3j39vd6c2s012n7h0000gn/T//ffconf.JMIT29EY/test.o /var/folders/rv/fj31z1cj3j39vd6c2s012n7h0000gn/T//ffconf.JMIT29EY/test.c
/var/folders/rv/fj31z1cj3j39vd6c2s012n7h0000gn/T//ffconf.JMIT29EY/test.c:1:10: fatal error: 'malloc.h' file not found
#include <malloc.h>
         ^~~~~~~~~~
1 error generated.
check_headers mftransform.h
test_cpp
BEGIN /var/folders/rv/fj31z1cj3j39vd6c2s012n7h0000gn/T//ffconf.JMIT29EY/test.c
    1	#include <mftransform.h>
    2	int x;
END /var/folders/rv/fj31z1cj3j39vd6c2s012n7h0000gn/T//ffconf.JMIT29EY/test.c
gcc -D_ISOC11_SOURCE -D_FILE_OFFSET_BITS=64 -D_LARGEFILE_SOURCE -I$(SRC_PATH)/compat/dispatch_semaphore -DPIC -fPIC -arch x86_64 -mmacosx-version-min=11.0 -Wno-error=asm-operand-widths -I/Users/runner/work/ffmpeg-build/ffmpeg-build/vulkan-headers/include -std=c17 -Werror=partial-availability -fno-common -fomit-frame-pointer -fPIC -I/usr/local/Cellar/libx11/1.8.13/include -I/usr/local/Cellar/xorgproto/2025.1/include -I/usr/local/Cellar/libxcb/1.17.0/include -I/usr/local/Cellar/libxau/1.0.12/include -I/usr/local/Cellar/libxdmcp/1.1.5/include -I/usr/local/Cellar/libxext/1.3.7/include -I/usr/local/Cellar/xorgproto/2025.1/include -I/usr/local/Cellar/libx11/1.8.13/include -I/usr/local/Cellar/libxcb/1.17.0/include -I/usr/local/Cellar/libxau/1.0.12/include -I/usr/local/Cellar/libxdmcp/1.1.5/include -E -o /var/folders/rv/fj31z1cj3j39vd6c2s012n7h0000gn/T//ffconf.JMIT29EY/test.o /var/folders/rv/fj31z1cj3j39vd6c2s012n7h0000gn/T//ffconf.JMIT29EY/test.c
/var/folders/rv/fj31z1cj3j39vd6c2s012n7h0000gn/T//ffconf.JMIT29EY/test.c:1:10: fatal error: 'mftransform.h' file not found
#include <mftransform.h>
         ^~~~~~~~~~~~~~~
1 error generated.
check_headers net/udplite.h
test_cpp
BEGIN /var/folders/rv/fj31z1cj3j39vd6c2s012n7h0000gn/T//ffconf.JMIT29EY/test.c
    1	#include <net/udplite.h>
    2	int x;
END /var/folders/rv/fj31z1cj3j39vd6c2s012n7h0000gn/T//ffconf.JMIT29EY/test.c
gcc -D_ISOC11_SOURCE -D_FILE_OFFSET_BITS=64 -D_LARGEFILE_SOURCE -I$(SRC_PATH)/compat/dispatch_semaphore -DPIC -fPIC -arch x86_64 -mmacosx-version-min=11.0 -Wno-error=asm-operand-widths -I/Users/runner/work/ffmpeg-build/ffmpeg-build/vulkan-headers/include -std=c17 -Werror=partial-availability -fno-common -fomit-frame-pointer -fPIC -I/usr/local/Cellar/libx11/1.8.13/include -I/usr/local/Cellar/xorgproto/2025.1/include -I/usr/local/Cellar/libxcb/1.17.0/include -I/usr/local/Cellar/libxau/1.0.12/include -I/usr/local/Cellar/libxdmcp/1.1.5/include -I/usr/local/Cellar/libxext/1.3.7/include -I/usr/local/Cellar/xorgproto/2025.1/include -I/usr/local/Cellar/libx11/1.8.13/include -I/usr/local/Cellar/libxcb/1.17.0/include -I/usr/local/Cellar/libxau/1.0.12/include -I/usr/local/Cellar/libxdmcp/1.1.5/include -E -o /var/folders/rv/fj31z1cj3j39vd6c2s012n7h0000gn/T//ffconf.JMIT29EY/test.o /var/folders/rv/fj31z1cj3j39vd6c2s012n7h0000gn/T//ffconf.JMIT29EY/test.c
/var/folders/rv/fj31z1cj3j39vd6c2s012n7h0000gn/T//ffconf.JMIT29EY/test.c:1:10: fatal error: 'net/udplite.h' file not found
#include <net/udplite.h>
         ^~~~~~~~~~~~~~~
1 error generated.
check_headers poll.h
test_cpp
BEGIN /var/folders/rv/fj31z1cj3j39vd6c2s012n7h0000gn/T//ffconf.JMIT29EY/test.c
    1	#include <poll.h>
    2	int x;
END /var/folders/rv/fj31z1cj3j39vd6c2s012n7h0000gn/T//ffconf.JMIT29EY/test.c
gcc -D_ISOC11_SOURCE -D_FILE_OFFSET_BITS=64 -D_LARGEFILE_SOURCE -I$(SRC_PATH)/compat/dispatch_semaphore -DPIC -fPIC -arch x86_64 -mmacosx-version-min=11.0 -Wno-error=asm-operand-widths -I/Users/runner/work/ffmpeg-build/ffmpeg-build/vulkan-headers/include -std=c17 -Werror=partial-availability -fno-common -fomit-frame-pointer -fPIC -I/usr/local/Cellar/libx11/1.8.13/include -I/usr/local/Cellar/xorgproto/2025.1/include -I/usr/local/Cellar/libxcb/1.17.0/include -I/usr/local/Cellar/libxau/1.0.12/include -I/usr/local/Cellar/libxdmcp/1.1.5/include -I/usr/local/Cellar/libxext/1.3.7/include -I/usr/local/Cellar/xorgproto/2025.1/include -I/usr/local/Cellar/libx11/1.8.13/include -I/usr/local/Cellar/libxcb/1.17.0/include -I/usr/local/Cellar/libxau/1.0.12/include -I/usr/local/Cellar/libxdmcp/1.1.5/include -E -o /var/folders/rv/fj31z1cj3j39vd6c2s012n7h0000gn/T//ffconf.JMIT29EY/test.o /var/folders/rv/fj31z1cj3j39vd6c2s012n7h0000gn/T//ffconf.JMIT29EY/test.c
check_headers pthread_np.h
test_cpp
BEGIN /var/folders/rv/fj31z1cj3j39vd6c2s012n7h0000gn/T//ffconf.JMIT29EY/test.c
    1	#include <pthread_np.h>
    2	int x;
END /var/folders/rv/fj31z1cj3j39vd6c2s012n7h0000gn/T//ffconf.JMIT29EY/test.c
gcc -D_ISOC11_SOURCE -D_FILE_OFFSET_BITS=64 -D_LARGEFILE_SOURCE -I$(SRC_PATH)/compat/dispatch_semaphore -DPIC -fPIC -arch x86_64 -mmacosx-version-min=11.0 -Wno-error=asm-operand-widths -I/Users/runner/work/ffmpeg-build/ffmpeg-build/vulkan-headers/include -std=c17 -Werror=partial-availability -fno-common -fomit-frame-pointer -fPIC -I/usr/local/Cellar/libx11/1.8.13/include -I/usr/local/Cellar/xorgproto/2025.1/include -I/usr/local/Cellar/libxcb/1.17.0/include -I/usr/local/Cellar/libxau/1.0.12/include -I/usr/local/Cellar/libxdmcp/1.1.5/include -I/usr/local/Cellar/libxext/1.3.7/include -I/usr/local/Cellar/xorgproto/2025.1/include -I/usr/local/Cellar/libx11/1.8.13/include -I/usr/local/Cellar/libxcb/1.17.0/include -I/usr/local/Cellar/libxau/1.0.12/include -I/usr/local/Cellar/libxdmcp/1.1.5/include -E -o /var/folders/rv/fj31z1cj3j39vd6c2s012n7h0000gn/T//ffconf.JMIT29EY/test.o /var/folders/rv/fj31z1cj3j39vd6c2s012n7h0000gn/T//ffconf.JMIT29EY/test.c
/var/folders/rv/fj31z1cj3j39vd6c2s012n7h0000gn/T//ffconf.JMIT29EY/test.c:1:10: fatal error: 'pthread_np.h' file not found
#include <pthread_np.h>
         ^~~~~~~~~~~~~~
1 error generated.
check_headers sys/param.h
test_cpp
BEGIN /var/folders/rv/fj31z1cj3j39vd6c2s012n7h0000gn/T//ffconf.JMIT29EY/test.c
    1	#include <sys/param.h>
    2	int x;
END /var/folders/rv/fj31z1cj3j39vd6c2s012n7h0000gn/T//ffconf.JMIT29EY/test.c
gcc -D_ISOC11_SOURCE -D_FILE_OFFSET_BITS=64 -D_LARGEFILE_SOURCE -I$(SRC_PATH)/compat/dispatch_semaphore -DPIC -fPIC -arch x86_64 -mmacosx-version-min=11.0 -Wno-error=asm-operand-widths -I/Users/runner/work/ffmpeg-build/ffmpeg-build/vulkan-headers/include -std=c17 -Werror=partial-availability -fno-common -fomit-frame-pointer -fPIC -I/usr/local/Cellar/libx11/1.8.13/include -I/usr/local/Cellar/xorgproto/2025.1/include -I/usr/local/Cellar/libxcb/1.17.0/include -I/usr/local/Cellar/libxau/1.0.12/include -I/usr/local/Cellar/libxdmcp/1.1.5/include -I/usr/local/Cellar/libxext/1.3.7/include -I/usr/local/Cellar/xorgproto/2025.1/include -I/usr/local/Cellar/libx11/1.8.13/include -I/usr/local/Cellar/libxcb/1.17.0/include -I/usr/local/Cellar/libxau/1.0.12/include -I/usr/local/Cellar/libxdmcp/1.1.5/include -E -o /var/folders/rv/fj31z1cj3j39vd6c2s012n7h0000gn/T//ffconf.JMIT29EY/test.o /var/folders/rv/fj31z1cj3j39vd6c2s012n7h0000gn/T//ffconf.JMIT29EY/test.c
check_headers sys/resource.h
test_cpp
BEGIN /var/folders/rv/fj31z1cj3j39vd6c2s012n7h0000gn/T//ffconf.JMIT29EY/test.c
    1	#include <sys/resource.h>
    2	int x;
END /var/folders/rv/fj31z1cj3j39vd6c2s012n7h0000gn/T//ffconf.JMIT29EY/test.c
gcc -D_ISOC11_SOURCE -D_FILE_OFFSET_BITS=64 -D_LARGEFILE_SOURCE -I$(SRC_PATH)/compat/dispatch_semaphore -DPIC -fPIC -arch x86_64 -mmacosx-version-min=11.0 -Wno-error=asm-operand-widths -I/Users/runner/work/ffmpeg-build/ffmpeg-build/vulkan-headers/include -std=c17 -Werror=partial-availability -fno-common -fomit-frame-pointer -fPIC -I/usr/local/Cellar/libx11/1.8.13/include -I/usr/local/Cellar/xorgproto/2025.1/include -I/usr/local/Cellar/libxcb/1.17.0/include -I/usr/local/Cellar/libxau/1.0.12/include -I/usr/local/Cellar/libxdmcp/1.1.5/include -I/usr/local/Cellar/libxext/1.3.7/include -I/usr/local/Cellar/xorgproto/2025.1/include -I/usr/local/Cellar/libx11/1.8.13/include -I/usr/local/Cellar/libxcb/1.17.0/include -I/usr/local/Cellar/libxau/1.0.12/include -I/usr/local/Cellar/libxdmcp/1.1.5/include -E -o /var/folders/rv/fj31z1cj3j39vd6c2s012n7h0000gn/T//ffconf.JMIT29EY/test.o /var/folders/rv/fj31z1cj3j39vd6c2s012n7h0000gn/T//ffconf.JMIT29EY/test.c
check_headers sys/select.h
test_cpp
BEGIN /var/folders/rv/fj31z1cj3j39vd6c2s012n7h0000gn/T//ffconf.JMIT29EY/test.c
    1	#include <sys/select.h>
    2	int x;
END /var/folders/rv/fj31z1cj3j39vd6c2s012n7h0000gn/T//ffconf.JMIT29EY/test.c
gcc -D_ISOC11_SOURCE -D_FILE_OFFSET_BITS=64 -D_LARGEFILE_SOURCE -I$(SRC_PATH)/compat/dispatch_semaphore -DPIC -fPIC -arch x86_64 -mmacosx-version-min=11.0 -Wno-error=asm-operand-widths -I/Users/runner/work/ffmpeg-build/ffmpeg-build/vulkan-headers/include -std=c17 -Werror=partial-availability -fno-common -fomit-frame-pointer -fPIC -I/usr/local/Cellar/libx11/1.8.13/include -I/usr/local/Cellar/xorgproto/2025.1/include -I/usr/local/Cellar/libxcb/1.17.0/include -I/usr/local/Cellar/libxau/1.0.12/include -I/usr/local/Cellar/libxdmcp/1.1.5/include -I/usr/local/Cellar/libxext/1.3.7/include -I/usr/local/Cellar/xorgproto/2025.1/include -I/usr/local/Cellar/libx11/1.8.13/include -I/usr/local/Cellar/libxcb/1.17.0/include -I/usr/local/Cellar/libxau/1.0.12/include -I/usr/local/Cellar/libxdmcp/1.1.5/include -E -o /var/folders/rv/fj31z1cj3j39vd6c2s012n7h0000gn/T//ffconf.JMIT29EY/test.o /var/folders/rv/fj31z1cj3j39vd6c2s012n7h0000gn/T//ffconf.JMIT29EY/test.c
check_headers sys/time.h
test_cpp
BEGIN /var/folders/rv/fj31z1cj3j39vd6c2s012n7h0000gn/T//ffconf.JMIT29EY/test.c
    1	#include <sys/time.h>
    2	int x;
END /var/folders/rv/fj31z1cj3j39vd6c2s012n7h0000gn/T//ffconf.JMIT29EY/test.c
gcc -D_ISOC11_SOURCE -D_FILE_OFFSET_BITS=64 -D_LARGEFILE_SOURCE -I$(SRC_PATH)/compat/dispatch_semaphore -DPIC -fPIC -arch x86_64 -mmacosx-version-min=11.0 -Wno-error=asm-operand-widths -I/Users/runner/work/ffmpeg-build/ffmpeg-build/vulkan-headers/include -std=c17 -Werror=partial-availability -fno-common -fomit-frame-pointer -fPIC -I/usr/local/Cellar/libx11/1.8.13/include -I/usr/local/Cellar/xorgproto/2025.1/include -I/usr/local/Cellar/libxcb/1.17.0/include -I/usr/local/Cellar/libxau/1.0.12/include -I/usr/local/Cellar/libxdmcp/1.1.5/include -I/usr/local/Cellar/libxext/1.3.7/include -I/usr/local/Cellar/xorgproto/2025.1/include -I/usr/local/Cellar/libx11/1.8.13/include -I/usr/local/Cellar/libxcb/1.17.0/include -I/usr/local/Cellar/libxau/1.0.12/include -I/usr/local/Cellar/libxdmcp/1.1.5/include -E -o /var/folders/rv/fj31z1cj3j39vd6c2s012n7h0000gn/T//ffconf.JMIT29EY/test.o /var/folders/rv/fj31z1cj3j39vd6c2s012n7h0000gn/T//ffconf.JMIT29EY/test.c
check_headers sys/un.h
test_cpp
BEGIN /var/folders/rv/fj31z1cj3j39vd6c2s012n7h0000gn/T//ffconf.JMIT29EY/test.c
    1	#include <sys/un.h>
    2	int x;
END /var/folders/rv/fj31z1cj3j39vd6c2s012n7h0000gn/T//ffconf.JMIT29EY/test.c
gcc -D_ISOC11_SOURCE -D_FILE_OFFSET_BITS=64 -D_LARGEFILE_SOURCE -I$(SRC_PATH)/compat/dispatch_semaphore -DPIC -fPIC -arch x86_64 -mmacosx-version-min=11.0 -Wno-error=asm-operand-widths -I/Users/runner/work/ffmpeg-build/ffmpeg-build/vulkan-headers/include -std=c17 -Werror=partial-availability -fno-common -fomit-frame-pointer -fPIC -I/usr/local/Cellar/libx11/1.8.13/include -I/usr/local/Cellar/xorgproto/2025.1/include -I/usr/local/Cellar/libxcb/1.17.0/include -I/usr/local/Cellar/libxau/1.0.12/include -I/usr/local/Cellar/libxdmcp/1.1.5/include -I/usr/local/Cellar/libxext/1.3.7/include -I/usr/local/Cellar/xorgproto/2025.1/include -I/usr/local/Cellar/libx11/1.8.13/include -I/usr/local/Cellar/libxcb/1.17.0/include -I/usr/local/Cellar/libxau/1.0.12/include -I/usr/local/Cellar/libxdmcp/1.1.5/include -E -o /var/folders/rv/fj31z1cj3j39vd6c2s012n7h0000gn/T//ffconf.JMIT29EY/test.o /var/folders/rv/fj31z1cj3j39vd6c2s012n7h0000gn/T//ffconf.JMIT29EY/test.c
check_headers termios.h
test_cpp
BEGIN /var/folders/rv/fj31z1cj3j39vd6c2s012n7h0000gn/T//ffconf.JMIT29EY/test.c
    1	#include <termios.h>
    2	int x;
END /var/folders/rv/fj31z1cj3j39vd6c2s012n7h0000gn/T//ffconf.JMIT29EY/test.c
gcc -D_ISOC11_SOURCE -D_FILE_OFFSET_BITS=64 -D_LARGEFILE_SOURCE -I$(SRC_PATH)/compat/dispatch_semaphore -DPIC -fPIC -arch x86_64 -mmacosx-version-min=11.0 -Wno-error=asm-operand-widths -I/Users/runner/work/ffmpeg-build/ffmpeg-build/vulkan-headers/include -std=c17 -Werror=partial-availability -fno-common -fomit-frame-pointer -fPIC -I/usr/local/Cellar/libx11/1.8.13/include -I/usr/local/Cellar/xorgproto/2025.1/include -I/usr/local/Cellar/libxcb/1.17.0/include -I/usr/local/Cellar/libxau/1.0.12/include -I/usr/local/Cellar/libxdmcp/1.1.5/include -I/usr/local/Cellar/libxext/1.3.7/include -I/usr/local/Cellar/xorgproto/2025.1/include -I/usr/local/Cellar/libx11/1.8.13/include -I/usr/local/Cellar/libxcb/1.17.0/include -I/usr/local/Cellar/libxau/1.0.12/include -I/usr/local/Cellar/libxdmcp/1.1.5/include -E -o /var/folders/rv/fj31z1cj3j39vd6c2s012n7h0000gn/T//ffconf.JMIT29EY/test.o /var/folders/rv/fj31z1cj3j39vd6c2s012n7h0000gn/T//ffconf.JMIT29EY/test.c
check_headers unistd.h
test_cpp
BEGIN /var/folders/rv/fj31z1cj3j39vd6c2s012n7h0000gn/T//ffconf.JMIT29EY/test.c
    1	#include <unistd.h>
    2	int x;
END /var/folders/rv/fj31z1cj3j39vd6c2s012n7h0000gn/T//ffconf.JMIT29EY/test.c
gcc -D_ISOC11_SOURCE -D_FILE_OFFSET_BITS=64 -D_LARGEFILE_SOURCE -I$(SRC_PATH)/compat/dispatch_semaphore -DPIC -fPIC -arch x86_64 -mmacosx-version-min=11.0 -Wno-error=asm-operand-widths -I/Users/runner/work/ffmpeg-build/ffmpeg-build/vulkan-headers/include -std=c17 -Werror=partial-availability -fno-common -fomit-frame-pointer -fPIC -I/usr/local/Cellar/libx11/1.8.13/include -I/usr/local/Cellar/xorgproto/2025.1/include -I/usr/local/Cellar/libxcb/1.17.0/include -I/usr/local/Cellar/libxau/1.0.12/include -I/usr/local/Cellar/libxdmcp/1.1.5/include -I/usr/local/Cellar/libxext/1.3.7/include -I/usr/local/Cellar/xorgproto/2025.1/include -I/usr/local/Cellar/libx11/1.8.13/include -I/usr/local/Cellar/libxcb/1.17.0/include -I/usr/local/Cellar/libxau/1.0.12/include -I/usr/local/Cellar/libxdmcp/1.1.5/include -E -o /var/folders/rv/fj31z1cj3j39vd6c2s012n7h0000gn/T//ffconf.JMIT29EY/test.o /var/folders/rv/fj31z1cj3j39vd6c2s012n7h0000gn/T//ffconf.JMIT29EY/test.c
check_headers valgrind/valgrind.h
test_cpp
BEGIN /var/folders/rv/fj31z1cj3j39vd6c2s012n7h0000gn/T//ffconf.JMIT29EY/test.c
    1	#include <valgrind/valgrind.h>
    2	int x;
END /var/folders/rv/fj31z1cj3j39vd6c2s012n7h0000gn/T//ffconf.JMIT29EY/test.c
gcc -D_ISOC11_SOURCE -D_FILE_OFFSET_BITS=64 -D_LARGEFILE_SOURCE -I$(SRC_PATH)/compat/dispatch_semaphore -DPIC -fPIC -arch x86_64 -mmacosx-version-min=11.0 -Wno-error=asm-operand-widths -I/Users/runner/work/ffmpeg-build/ffmpeg-build/vulkan-headers/include -std=c17 -Werror=partial-availability -fno-common -fomit-frame-pointer -fPIC -I/usr/local/Cellar/libx11/1.8.13/include -I/usr/local/Cellar/xorgproto/2025.1/include -I/usr/local/Cellar/libxcb/1.17.0/include -I/usr/local/Cellar/libxau/1.0.12/include -I/usr/local/Cellar/libxdmcp/1.1.5/include -I/usr/local/Cellar/libxext/1.3.7/include -I/usr/local/Cellar/xorgproto/2025.1/include -I/usr/local/Cellar/libx11/1.8.13/include -I/usr/local/Cellar/libxcb/1.17.0/include -I/usr/local/Cellar/libxau/1.0.12/include -I/usr/local/Cellar/libxdmcp/1.1.5/include -E -o /var/folders/rv/fj31z1cj3j39vd6c2s012n7h0000gn/T//ffconf.JMIT29EY/test.o /var/folders/rv/fj31z1cj3j39vd6c2s012n7h0000gn/T//ffconf.JMIT29EY/test.c
/var/folders/rv/fj31z1cj3j39vd6c2s012n7h0000gn/T//ffconf.JMIT29EY/test.c:1:10: fatal error: 'valgrind/valgrind.h' file not found
#include <valgrind/valgrind.h>
         ^~~~~~~~~~~~~~~~~~~~~
1 error generated.
check_func_headers VideoToolbox/VTCompressionSession.h VTCompressionSessionPrepareToEncodeFrames -framework VideoToolbox
test_ld cc -framework VideoToolbox
test_cc -framework VideoToolbox
BEGIN /var/folders/rv/fj31z1cj3j39vd6c2s012n7h0000gn/T//ffconf.JMIT29EY/test.c
    1	#include <VideoToolbox/VTCompressionSession.h>
    2	#include <stdint.h>
    3	long check_VTCompressionSessionPrepareToEncodeFrames(void) { return (long) VTCompressionSessionPrepareToEncodeFrames; }
    4	int main(void) { int ret = 0;
    5	 ret |= ((intptr_t)check_VTCompressionSessionPrepareToEncodeFrames) & 0xFFFF;
    6	return ret; }
END /var/folders/rv/fj31z1cj3j39vd6c2s012n7h0000gn/T//ffconf.JMIT29EY/test.c
gcc -D_ISOC11_SOURCE -D_FILE_OFFSET_BITS=64 -D_LARGEFILE_SOURCE -I$(SRC_PATH)/compat/dispatch_semaphore -DPIC -fPIC -arch x86_64 -mmacosx-version-min=11.0 -Wno-error=asm-operand-widths -I/Users/runner/work/ffmpeg-build/ffmpeg-build/vulkan-headers/include -std=c17 -Werror=partial-availability -fno-common -fomit-frame-pointer -fPIC -I/usr/local/Cellar/libx11/1.8.13/include -I/usr/local/Cellar/xorgproto/2025.1/include -I/usr/local/Cellar/libxcb/1.17.0/include -I/usr/local/Cellar/libxau/1.0.12/include -I/usr/local/Cellar/libxdmcp/1.1.5/include -I/usr/local/Cellar/libxext/1.3.7/include -I/usr/local/Cellar/xorgproto/2025.1/include -I/usr/local/Cellar/libx11/1.8.13/include -I/usr/local/Cellar/libxcb/1.17.0/include -I/usr/local/Cellar/libxau/1.0.12/include -I/usr/local/Cellar/libxdmcp/1.1.5/include -framework VideoToolbox -c -o /var/folders/rv/fj31z1cj3j39vd6c2s012n7h0000gn/T//ffconf.JMIT29EY/test.o /var/folders/rv/fj31z1cj3j39vd6c2s012n7h0000gn/T//ffconf.JMIT29EY/test.c
clang: warning: -framework VideoToolbox: 'linker' input unused [-Wunused-command-line-argument]
gcc -arch x86_64 -mmacosx-version-min=11.0 -Wl,-dynamic,-search_paths_first -Wl,-no_warn_duplicate_libraries -framework VideoToolbox -o /var/folders/rv/fj31z1cj3j39vd6c2s012n7h0000gn/T//ffconf.JMIT29EY/test /var/folders/rv/fj31z1cj3j39vd6c2s012n7h0000gn/T//ffconf.JMIT29EY/test.o
check_func_headers VideoToolbox/VideoToolbox.h VTDecompressionSessionDecodeFrame -framework VideoToolbox
test_ld cc -framework VideoToolbox
test_cc -framework VideoToolbox
BEGIN /var/folders/rv/fj31z1cj3j39vd6c2s012n7h0000gn/T//ffconf.JMIT29EY/test.c
    1	#include <VideoToolbox/VideoToolbox.h>
    2	#include <stdint.h>
    3	long check_VTDecompressionSessionDecodeFrame(void) { return (long) VTDecompressionSessionDecodeFrame; }
    4	int main(void) { int ret = 0;
    5	 ret |= ((intptr_t)check_VTDecompressionSessionDecodeFrame) & 0xFFFF;
    6	return ret; }
END /var/folders/rv/fj31z1cj3j39vd6c2s012n7h0000gn/T//ffconf.JMIT29EY/test.c
gcc -D_ISOC11_SOURCE -D_FILE_OFFSET_BITS=64 -D_LARGEFILE_SOURCE -I$(SRC_PATH)/compat/dispatch_semaphore -DPIC -fPIC -arch x86_64 -mmacosx-version-min=11.0 -Wno-error=asm-operand-widths -I/Users/runner/work/ffmpeg-build/ffmpeg-build/vulkan-headers/include -std=c17 -Werror=partial-availability -fno-common -fomit-frame-pointer -fPIC -I/usr/local/Cellar/libx11/1.8.13/include -I/usr/local/Cellar/xorgproto/2025.1/include -I/usr/local/Cellar/libxcb/1.17.0/include -I/usr/local/Cellar/libxau/1.0.12/include -I/usr/local/Cellar/libxdmcp/1.1.5/include -I/usr/local/Cellar/libxext/1.3.7/include -I/usr/local/Cellar/xorgproto/2025.1/include -I/usr/local/Cellar/libx11/1.8.13/include -I/usr/local/Cellar/libxcb/1.17.0/include -I/usr/local/Cellar/libxau/1.0.12/include -I/usr/local/Cellar/libxdmcp/1.1.5/include -framework VideoToolbox -c -o /var/folders/rv/fj31z1cj3j39vd6c2s012n7h0000gn/T//ffconf.JMIT29EY/test.o /var/folders/rv/fj31z1cj3j39vd6c2s012n7h0000gn/T//ffconf.JMIT29EY/test.c
clang: warning: -framework VideoToolbox: 'linker' input unused [-Wunused-command-line-argument]
gcc -arch x86_64 -mmacosx-version-min=11.0 -Wl,-dynamic,-search_paths_first -Wl,-no_warn_duplicate_libraries -framework VideoToolbox -o /var/folders/rv/fj31z1cj3j39vd6c2s012n7h0000gn/T//ffconf.JMIT29EY/test /var/folders/rv/fj31z1cj3j39vd6c2s012n7h0000gn/T//ffconf.JMIT29EY/test.o
check_func_headers VideoToolbox/VideoToolbox.h VTPixelTransferSessionCreate -framework VideoToolbox
test_ld cc -framework VideoToolbox
test_cc -framework VideoToolbox
BEGIN /var/folders/rv/fj31z1cj3j39vd6c2s012n7h0000gn/T//ffconf.JMIT29EY/test.c
    1	#include <VideoToolbox/VideoToolbox.h>
    2	#include <stdint.h>
    3	long check_VTPixelTransferSessionCreate(void) { return (long) VTPixelTransferSessionCreate; }
    4	int main(void) { int ret = 0;
    5	 ret |= ((intptr_t)check_VTPixelTransferSessionCreate) & 0xFFFF;
    6	return ret; }
END /var/folders/rv/fj31z1cj3j39vd6c2s012n7h0000gn/T//ffconf.JMIT29EY/test.c
gcc -D_ISOC11_SOURCE -D_FILE_OFFSET_BITS=64 -D_LARGEFILE_SOURCE -I$(SRC_PATH)/compat/dispatch_semaphore -DPIC -fPIC -arch x86_64 -mmacosx-version-min=11.0 -Wno-error=asm-operand-widths -I/Users/runner/work/ffmpeg-build/ffmpeg-build/vulkan-headers/include -std=c17 -Werror=partial-availability -fno-common -fomit-frame-pointer -fPIC -I/usr/local/Cellar/libx11/1.8.13/include -I/usr/local/Cellar/xorgproto/2025.1/include -I/usr/local/Cellar/libxcb/1.17.0/include -I/usr/local/Cellar/libxau/1.0.12/include -I/usr/local/Cellar/libxdmcp/1.1.5/include -I/usr/local/Cellar/libxext/1.3.7/include -I/usr/local/Cellar/xorgproto/2025.1/include -I/usr/local/Cellar/libx11/1.8.13/include -I/usr/local/Cellar/libxcb/1.17.0/include -I/usr/local/Cellar/libxau/1.0.12/include -I/usr/local/Cellar/libxdmcp/1.1.5/include -framework VideoToolbox -c -o /var/folders/rv/fj31z1cj3j39vd6c2s012n7h0000gn/T//ffconf.JMIT29EY/test.o /var/folders/rv/fj31z1cj3j39vd6c2s012n7h0000gn/T//ffconf.JMIT29EY/test.c
clang: warning: -framework VideoToolbox: 'linker' input unused [-Wunused-command-line-argument]
gcc -arch x86_64 -mmacosx-version-min=11.0 -Wl,-dynamic,-search_paths_first -Wl,-no_warn_duplicate_libraries -framework VideoToolbox -o /var/folders/rv/fj31z1cj3j39vd6c2s012n7h0000gn/T//ffconf.JMIT29EY/test /var/folders/rv/fj31z1cj3j39vd6c2s012n7h0000gn/T//ffconf.JMIT29EY/test.o
check_func_headers VideoToolbox/VideoToolbox.h VTPixelRotationSessionCreate -framework VideoToolbox
test_ld cc -framework VideoToolbox
test_cc -framework VideoToolbox
BEGIN /var/folders/rv/fj31z1cj3j39vd6c2s012n7h0000gn/T//ffconf.JMIT29EY/test.c
    1	#include <VideoToolbox/VideoToolbox.h>
    2	#include <stdint.h>
    3	long check_VTPixelRotationSessionCreate(void) { return (long) VTPixelRotationSessionCreate; }
    4	int main(void) { int ret = 0;
    5	 ret |= ((intptr_t)check_VTPixelRotationSessionCreate) & 0xFFFF;
    6	return ret; }
END /var/folders/rv/fj31z1cj3j39vd6c2s012n7h0000gn/T//ffconf.JMIT29EY/test.c
gcc -D_ISOC11_SOURCE -D_FILE_OFFSET_BITS=64 -D_LARGEFILE_SOURCE -I$(SRC_PATH)/compat/dispatch_semaphore -DPIC -fPIC -arch x86_64 -mmacosx-version-min=11.0 -Wno-error=asm-operand-widths -I/Users/runner/work/ffmpeg-build/ffmpeg-build/vulkan-headers/include -std=c17 -Werror=partial-availability -fno-common -fomit-frame-pointer -fPIC -I/usr/local/Cellar/libx11/1.8.13/include -I/usr/local/Cellar/xorgproto/2025.1/include -I/usr/local/Cellar/libxcb/1.17.0/include -I/usr/local/Cellar/libxau/1.0.12/include -I/usr/local/Cellar/libxdmcp/1.1.5/include -I/usr/local/Cellar/libxext/1.3.7/include -I/usr/local/Cellar/xorgproto/2025.1/include -I/usr/local/Cellar/libx11/1.8.13/include -I/usr/local/Cellar/libxcb/1.17.0/include -I/usr/local/Cellar/libxau/1.0.12/include -I/usr/local/Cellar/libxdmcp/1.1.5/include -framework VideoToolbox -c -o /var/folders/rv/fj31z1cj3j39vd6c2s012n7h0000gn/T//ffconf.JMIT29EY/test.o /var/folders/rv/fj31z1cj3j39vd6c2s012n7h0000gn/T//ffconf.JMIT29EY/test.c
clang: warning: -framework VideoToolbox: 'linker' input unused [-Wunused-command-line-argument]
/var/folders/rv/fj31z1cj3j39vd6c2s012n7h0000gn/T//ffconf.JMIT29EY/test.c:3:63: error: 'VTPixelRotationSessionCreate' is only available on macOS 13.0 or newer [-Werror,-Wunguarded-availability-new]
long check_VTPixelRotationSessionCreate(void) { return (long) VTPixelRotationSessionCreate; }
                                                              ^~~~~~~~~~~~~~~~~~~~~~~~~~~~
/Applications/Xcode_15.4.app/Contents/Developer/Platforms/MacOSX.platform/Developer/SDKs/MacOSX.sdk/System/Library/Frameworks/VideoToolbox.framework/Headers/VTPixelRotationSession.h:50:1: note: 'VTPixelRotationSessionCreate' has been marked as being introduced in macOS 13.0 here, but the deployment target is macOS 11.0.0
VTPixelRotationSessionCreate(
^
/var/folders/rv/fj31z1cj3j39vd6c2s012n7h0000gn/T//ffconf.JMIT29EY/test.c:3:63: note: enclose 'VTPixelRotationSessionCreate' in a __builtin_available check to silence this warning
long check_VTPixelRotationSessionCreate(void) { return (long) VTPixelRotationSessionCreate; }
                                                              ^~~~~~~~~~~~~~~~~~~~~~~~~~~~
1 error generated.
check_headers windows.h
test_cpp
BEGIN /var/folders/rv/fj31z1cj3j39vd6c2s012n7h0000gn/T//ffconf.JMIT29EY/test.c
    1	#include <windows.h>
    2	int x;
END /var/folders/rv/fj31z1cj3j39vd6c2s012n7h0000gn/T//ffconf.JMIT29EY/test.c
gcc -D_ISOC11_SOURCE -D_FILE_OFFSET_BITS=64 -D_LARGEFILE_SOURCE -I$(SRC_PATH)/compat/dispatch_semaphore -DPIC -fPIC -arch x86_64 -mmacosx-version-min=11.0 -Wno-error=asm-operand-widths -I/Users/runner/work/ffmpeg-build/ffmpeg-build/vulkan-headers/include -std=c17 -Werror=partial-availability -fno-common -fomit-frame-pointer -fPIC -I/usr/local/Cellar/libx11/1.8.13/include -I/usr/local/Cellar/xorgproto/2025.1/include -I/usr/local/Cellar/libxcb/1.17.0/include -I/usr/local/Cellar/libxau/1.0.12/include -I/usr/local/Cellar/libxdmcp/1.1.5/include -I/usr/local/Cellar/libxext/1.3.7/include -I/usr/local/Cellar/xorgproto/2025.1/include -I/usr/local/Cellar/libx11/1.8.13/include -I/usr/local/Cellar/libxcb/1.17.0/include -I/usr/local/Cellar/libxau/1.0.12/include -I/usr/local/Cellar/libxdmcp/1.1.5/include -E -o /var/folders/rv/fj31z1cj3j39vd6c2s012n7h0000gn/T//ffconf.JMIT29EY/test.o /var/folders/rv/fj31z1cj3j39vd6c2s012n7h0000gn/T//ffconf.JMIT29EY/test.c
/var/folders/rv/fj31z1cj3j39vd6c2s012n7h0000gn/T//ffconf.JMIT29EY/test.c:1:10: fatal error: 'windows.h' file not found
#include <windows.h>
         ^~~~~~~~~~~
1 error generated.
check_headers asm/types.h
test_cpp
BEGIN /var/folders/rv/fj31z1cj3j39vd6c2s012n7h0000gn/T//ffconf.JMIT29EY/test.c
    1	#include <asm/types.h>
    2	int x;
END /var/folders/rv/fj31z1cj3j39vd6c2s012n7h0000gn/T//ffconf.JMIT29EY/test.c
gcc -D_ISOC11_SOURCE -D_FILE_OFFSET_BITS=64 -D_LARGEFILE_SOURCE -I$(SRC_PATH)/compat/dispatch_semaphore -DPIC -fPIC -arch x86_64 -mmacosx-version-min=11.0 -Wno-error=asm-operand-widths -I/Users/runner/work/ffmpeg-build/ffmpeg-build/vulkan-headers/include -std=c17 -Werror=partial-availability -fno-common -fomit-frame-pointer -fPIC -I/usr/local/Cellar/libx11/1.8.13/include -I/usr/local/Cellar/xorgproto/2025.1/include -I/usr/local/Cellar/libxcb/1.17.0/include -I/usr/local/Cellar/libxau/1.0.12/include -I/usr/local/Cellar/libxdmcp/1.1.5/include -I/usr/local/Cellar/libxext/1.3.7/include -I/usr/local/Cellar/xorgproto/2025.1/include -I/usr/local/Cellar/libx11/1.8.13/include -I/usr/local/Cellar/libxcb/1.17.0/include -I/usr/local/Cellar/libxau/1.0.12/include -I/usr/local/Cellar/libxdmcp/1.1.5/include -E -o /var/folders/rv/fj31z1cj3j39vd6c2s012n7h0000gn/T//ffconf.JMIT29EY/test.o /var/folders/rv/fj31z1cj3j39vd6c2s012n7h0000gn/T//ffconf.JMIT29EY/test.c
/var/folders/rv/fj31z1cj3j39vd6c2s012n7h0000gn/T//ffconf.JMIT29EY/test.c:1:10: fatal error: 'asm/types.h' file not found
#include <asm/types.h>
         ^~~~~~~~~~~~~
1 error generated.
check_builtin stdatomic stdatomic.h atomic_int foo, bar = -1; atomic_store(&foo, 0); foo += bar -latomic
test_code ld stdatomic.h atomic_int foo, bar = -1; atomic_store(&foo, 0); foo += bar cc -latomic
test_ld cc -latomic
test_cc
BEGIN /var/folders/rv/fj31z1cj3j39vd6c2s012n7h0000gn/T//ffconf.JMIT29EY/test.c
    1	#include <stdatomic.h>
    2	int main(void) { atomic_int foo, bar = -1; atomic_store(&foo, 0); foo += bar; return 0; }
END /var/folders/rv/fj31z1cj3j39vd6c2s012n7h0000gn/T//ffconf.JMIT29EY/test.c
gcc -D_ISOC11_SOURCE -D_FILE_OFFSET_BITS=64 -D_LARGEFILE_SOURCE -I$(SRC_PATH)/compat/dispatch_semaphore -DPIC -fPIC -arch x86_64 -mmacosx-version-min=11.0 -Wno-error=asm-operand-widths -I/Users/runner/work/ffmpeg-build/ffmpeg-build/vulkan-headers/include -std=c17 -Werror=partial-availability -fno-common -fomit-frame-pointer -fPIC -I/usr/local/Cellar/libx11/1.8.13/include -I/usr/local/Cellar/xorgproto/2025.1/include -I/usr/local/Cellar/libxcb/1.17.0/include -I/usr/local/Cellar/libxau/1.0.12/include -I/usr/local/Cellar/libxdmcp/1.1.5/include -I/usr/local/Cellar/libxext/1.3.7/include -I/usr/local/Cellar/xorgproto/2025.1/include -I/usr/local/Cellar/libx11/1.8.13/include -I/usr/local/Cellar/libxcb/1.17.0/include -I/usr/local/Cellar/libxau/1.0.12/include -I/usr/local/Cellar/libxdmcp/1.1.5/include -c -o /var/folders/rv/fj31z1cj3j39vd6c2s012n7h0000gn/T//ffconf.JMIT29EY/test.o /var/folders/rv/fj31z1cj3j39vd6c2s012n7h0000gn/T//ffconf.JMIT29EY/test.c
gcc -arch x86_64 -mmacosx-version-min=11.0 -Wl,-dynamic,-search_paths_first -Wl,-no_warn_duplicate_libraries -o /var/folders/rv/fj31z1cj3j39vd6c2s012n7h0000gn/T//ffconf.JMIT29EY/test /var/folders/rv/fj31z1cj3j39vd6c2s012n7h0000gn/T//ffconf.JMIT29EY/test.o -latomic
ld: library 'atomic' not found
clang: error: linker command failed with exit code 1 (use -v to see invocation)
check_builtin stdatomic stdatomic.h atomic_int foo, bar = -1; atomic_store(&foo, 0); foo += bar
test_code ld stdatomic.h atomic_int foo, bar = -1; atomic_store(&foo, 0); foo += bar cc
test_ld cc
test_cc
BEGIN /var/folders/rv/fj31z1cj3j39vd6c2s012n7h0000gn/T//ffconf.JMIT29EY/test.c
    1	#include <stdatomic.h>
    2	int main(void) { atomic_int foo, bar = -1; atomic_store(&foo, 0); foo += bar; return 0; }
END /var/folders/rv/fj31z1cj3j39vd6c2s012n7h0000gn/T//ffconf.JMIT29EY/test.c
gcc -D_ISOC11_SOURCE -D_FILE_OFFSET_BITS=64 -D_LARGEFILE_SOURCE -I$(SRC_PATH)/compat/dispatch_semaphore -DPIC -fPIC -arch x86_64 -mmacosx-version-min=11.0 -Wno-error=asm-operand-widths -I/Users/runner/work/ffmpeg-build/ffmpeg-build/vulkan-headers/include -std=c17 -Werror=partial-availability -fno-common -fomit-frame-pointer -fPIC -I/usr/local/Cellar/libx11/1.8.13/include -I/usr/local/Cellar/xorgproto/2025.1/include -I/usr/local/Cellar/libxcb/1.17.0/include -I/usr/local/Cellar/libxau/1.0.12/include -I/usr/local/Cellar/libxdmcp/1.1.5/include -I/usr/local/Cellar/libxext/1.3.7/include -I/usr/local/Cellar/xorgproto/2025.1/include -I/usr/local/Cellar/libx11/1.8.13/include -I/usr/local/Cellar/libxcb/1.17.0/include -I/usr/local/Cellar/libxau/1.0.12/include -I/usr/local/Cellar/libxdmcp/1.1.5/include -c -o /var/folders/rv/fj31z1cj3j39vd6c2s012n7h0000gn/T//ffconf.JMIT29EY/test.o /var/folders/rv/fj31z1cj3j39vd6c2s012n7h0000gn/T//ffconf.JMIT29EY/test.c
gcc -arch x86_64 -mmacosx-version-min=11.0 -Wl,-dynamic,-search_paths_first -Wl,-no_warn_duplicate_libraries -o /var/folders/rv/fj31z1cj3j39vd6c2s012n7h0000gn/T//ffconf.JMIT29EY/test /var/folders/rv/fj31z1cj3j39vd6c2s012n7h0000gn/T//ffconf.JMIT29EY/test.o
check_lib advapi32 windows.h RegCloseKey -ladvapi32
check_func_headers windows.h RegCloseKey -ladvapi32
test_ld cc -ladvapi32
test_cc
BEGIN /var/folders/rv/fj31z1cj3j39vd6c2s012n7h0000gn/T//ffconf.JMIT29EY/test.c
    1	#include <windows.h>
    2	#include <stdint.h>
    3	long check_RegCloseKey(void) { return (long) RegCloseKey; }
    4	int main(void) { int ret = 0;
    5	 ret |= ((intptr_t)check_RegCloseKey) & 0xFFFF;
    6	return ret; }
END /var/folders/rv/fj31z1cj3j39vd6c2s012n7h0000gn/T//ffconf.JMIT29EY/test.c
gcc -D_ISOC11_SOURCE -D_FILE_OFFSET_BITS=64 -D_LARGEFILE_SOURCE -I$(SRC_PATH)/compat/dispatch_semaphore -DPIC -fPIC -arch x86_64 -mmacosx-version-min=11.0 -Wno-error=asm-operand-widths -I/Users/runner/work/ffmpeg-build/ffmpeg-build/vulkan-headers/include -std=c17 -Werror=partial-availability -fno-common -fomit-frame-pointer -fPIC -I/usr/local/Cellar/libx11/1.8.13/include -I/usr/local/Cellar/xorgproto/2025.1/include -I/usr/local/Cellar/libxcb/1.17.0/include -I/usr/local/Cellar/libxau/1.0.12/include -I/usr/local/Cellar/libxdmcp/1.1.5/include -I/usr/local/Cellar/libxext/1.3.7/include -I/usr/local/Cellar/xorgproto/2025.1/include -I/usr/local/Cellar/libx11/1.8.13/include -I/usr/local/Cellar/libxcb/1.17.0/include -I/usr/local/Cellar/libxau/1.0.12/include -I/usr/local/Cellar/libxdmcp/1.1.5/include -c -o /var/folders/rv/fj31z1cj3j39vd6c2s012n7h0000gn/T//ffconf.JMIT29EY/test.o /var/folders/rv/fj31z1cj3j39vd6c2s012n7h0000gn/T//ffconf.JMIT29EY/test.c
/var/folders/rv/fj31z1cj3j39vd6c2s012n7h0000gn/T//ffconf.JMIT29EY/test.c:1:10: fatal error: 'windows.h' file not found
#include <windows.h>
         ^~~~~~~~~~~
1 error generated.
check_lib bcrypt windows.h bcrypt.h BCryptGenRandom -lbcrypt
check_func_headers windows.h bcrypt.h BCryptGenRandom -lbcrypt
test_ld cc -lbcrypt
test_cc
BEGIN /var/folders/rv/fj31z1cj3j39vd6c2s012n7h0000gn/T//ffconf.JMIT29EY/test.c
    1	#include <windows.h>
    2	#include <bcrypt.h>
    3	#include <stdint.h>
    4	long check_BCryptGenRandom(void) { return (long) BCryptGenRandom; }
    5	int main(void) { int ret = 0;
    6	 ret |= ((intptr_t)check_BCryptGenRandom) & 0xFFFF;
    7	return ret; }
END /var/folders/rv/fj31z1cj3j39vd6c2s012n7h0000gn/T//ffconf.JMIT29EY/test.c
gcc -D_ISOC11_SOURCE -D_FILE_OFFSET_BITS=64 -D_LARGEFILE_SOURCE -I$(SRC_PATH)/compat/dispatch_semaphore -DPIC -fPIC -arch x86_64 -mmacosx-version-min=11.0 -Wno-error=asm-operand-widths -I/Users/runner/work/ffmpeg-build/ffmpeg-build/vulkan-headers/include -std=c17 -Werror=partial-availability -fno-common -fomit-frame-pointer -fPIC -I/usr/local/Cellar/libx11/1.8.13/include -I/usr/local/Cellar/xorgproto/2025.1/include -I/usr/local/Cellar/libxcb/1.17.0/include -I/usr/local/Cellar/libxau/1.0.12/include -I/usr/local/Cellar/libxdmcp/1.1.5/include -I/usr/local/Cellar/libxext/1.3.7/include -I/usr/local/Cellar/xorgproto/2025.1/include -I/usr/local/Cellar/libx11/1.8.13/include -I/usr/local/Cellar/libxcb/1.17.0/include -I/usr/local/Cellar/libxau/1.0.12/include -I/usr/local/Cellar/libxdmcp/1.1.5/include -c -o /var/folders/rv/fj31z1cj3j39vd6c2s012n7h0000gn/T//ffconf.JMIT29EY/test.o /var/folders/rv/fj31z1cj3j39vd6c2s012n7h0000gn/T//ffconf.JMIT29EY/test.c
/var/folders/rv/fj31z1cj3j39vd6c2s012n7h0000gn/T//ffconf.JMIT29EY/test.c:1:10: fatal error: 'windows.h' file not found
#include <windows.h>
         ^~~~~~~~~~~
1 error generated.
check_lib ole32 windows.h objbase.h CoTaskMemFree -lole32
check_func_headers windows.h objbase.h CoTaskMemFree -lole32
test_ld cc -lole32
test_cc
BEGIN /var/folders/rv/fj31z1cj3j39vd6c2s012n7h0000gn/T//ffconf.JMIT29EY/test.c
    1	#include <windows.h>
    2	#include <objbase.h>
    3	#include <stdint.h>
    4	long check_CoTaskMemFree(void) { return (long) CoTaskMemFree; }
    5	int main(void) { int ret = 0;
    6	 ret |= ((intptr_t)check_CoTaskMemFree) & 0xFFFF;
    7	return ret; }
END /var/folders/rv/fj31z1cj3j39vd6c2s012n7h0000gn/T//ffconf.JMIT29EY/test.c
gcc -D_ISOC11_SOURCE -D_FILE_OFFSET_BITS=64 -D_LARGEFILE_SOURCE -I$(SRC_PATH)/compat/dispatch_semaphore -DPIC -fPIC -arch x86_64 -mmacosx-version-min=11.0 -Wno-error=asm-operand-widths -I/Users/runner/work/ffmpeg-build/ffmpeg-build/vulkan-headers/include -std=c17 -Werror=partial-availability -fno-common -fomit-frame-pointer -fPIC -I/usr/local/Cellar/libx11/1.8.13/include -I/usr/local/Cellar/xorgproto/2025.1/include -I/usr/local/Cellar/libxcb/1.17.0/include -I/usr/local/Cellar/libxau/1.0.12/include -I/usr/local/Cellar/libxdmcp/1.1.5/include -I/usr/local/Cellar/libxext/1.3.7/include -I/usr/local/Cellar/xorgproto/2025.1/include -I/usr/local/Cellar/libx11/1.8.13/include -I/usr/local/Cellar/libxcb/1.17.0/include -I/usr/local/Cellar/libxau/1.0.12/include -I/usr/local/Cellar/libxdmcp/1.1.5/include -c -o /var/folders/rv/fj31z1cj3j39vd6c2s012n7h0000gn/T//ffconf.JMIT29EY/test.o /var/folders/rv/fj31z1cj3j39vd6c2s012n7h0000gn/T//ffconf.JMIT29EY/test.c
/var/folders/rv/fj31z1cj3j39vd6c2s012n7h0000gn/T//ffconf.JMIT29EY/test.c:1:10: fatal error: 'windows.h' file not found
#include <windows.h>
         ^~~~~~~~~~~
1 error generated.
check_lib shell32 windows.h shellapi.h CommandLineToArgvW -lshell32
check_func_headers windows.h shellapi.h CommandLineToArgvW -lshell32
test_ld cc -lshell32
test_cc
BEGIN /var/folders/rv/fj31z1cj3j39vd6c2s012n7h0000gn/T//ffconf.JMIT29EY/test.c
    1	#include <windows.h>
    2	#include <shellapi.h>
    3	#include <stdint.h>
    4	long check_CommandLineToArgvW(void) { return (long) CommandLineToArgvW; }
    5	int main(void) { int ret = 0;
    6	 ret |= ((intptr_t)check_CommandLineToArgvW) & 0xFFFF;
    7	return ret; }
END /var/folders/rv/fj31z1cj3j39vd6c2s012n7h0000gn/T//ffconf.JMIT29EY/test.c
gcc -D_ISOC11_SOURCE -D_FILE_OFFSET_BITS=64 -D_LARGEFILE_SOURCE -I$(SRC_PATH)/compat/dispatch_semaphore -DPIC -fPIC -arch x86_64 -mmacosx-version-min=11.0 -Wno-error=asm-operand-widths -I/Users/runner/work/ffmpeg-build/ffmpeg-build/vulkan-headers/include -std=c17 -Werror=partial-availability -fno-common -fomit-frame-pointer -fPIC -I/usr/local/Cellar/libx11/1.8.13/include -I/usr/local/Cellar/xorgproto/2025.1/include -I/usr/local/Cellar/libxcb/1.17.0/include -I/usr/local/Cellar/libxau/1.0.12/include -I/usr/local/Cellar/libxdmcp/1.1.5/include -I/usr/local/Cellar/libxext/1.3.7/include -I/usr/local/Cellar/xorgproto/2025.1/include -I/usr/local/Cellar/libx11/1.8.13/include -I/usr/local/Cellar/libxcb/1.17.0/include -I/usr/local/Cellar/libxau/1.0.12/include -I/usr/local/Cellar/libxdmcp/1.1.5/include -c -o /var/folders/rv/fj31z1cj3j39vd6c2s012n7h0000gn/T//ffconf.JMIT29EY/test.o /var/folders/rv/fj31z1cj3j39vd6c2s012n7h0000gn/T//ffconf.JMIT29EY/test.c
/var/folders/rv/fj31z1cj3j39vd6c2s012n7h0000gn/T//ffconf.JMIT29EY/test.c:1:10: fatal error: 'windows.h' file not found
#include <windows.h>
         ^~~~~~~~~~~
1 error generated.
check_lib psapi windows.h psapi.h GetProcessMemoryInfo -lpsapi
check_func_headers windows.h psapi.h GetProcessMemoryInfo -lpsapi
test_ld cc -lpsapi
test_cc
BEGIN /var/folders/rv/fj31z1cj3j39vd6c2s012n7h0000gn/T//ffconf.JMIT29EY/test.c
    1	#include <windows.h>
    2	#include <psapi.h>
    3	#include <stdint.h>
    4	long check_GetProcessMemoryInfo(void) { return (long) GetProcessMemoryInfo; }
    5	int main(void) { int ret = 0;
    6	 ret |= ((intptr_t)check_GetProcessMemoryInfo) & 0xFFFF;
    7	return ret; }
END /var/folders/rv/fj31z1cj3j39vd6c2s012n7h0000gn/T//ffconf.JMIT29EY/test.c
gcc -D_ISOC11_SOURCE -D_FILE_OFFSET_BITS=64 -D_LARGEFILE_SOURCE -I$(SRC_PATH)/compat/dispatch_semaphore -DPIC -fPIC -arch x86_64 -mmacosx-version-min=11.0 -Wno-error=asm-operand-widths -I/Users/runner/work/ffmpeg-build/ffmpeg-build/vulkan-headers/include -std=c17 -Werror=partial-availability -fno-common -fomit-frame-pointer -fPIC -I/usr/local/Cellar/libx11/1.8.13/include -I/usr/local/Cellar/xorgproto/2025.1/include -I/usr/local/Cellar/libxcb/1.17.0/include -I/usr/local/Cellar/libxau/1.0.12/include -I/usr/local/Cellar/libxdmcp/1.1.5/include -I/usr/local/Cellar/libxext/1.3.7/include -I/usr/local/Cellar/xorgproto/2025.1/include -I/usr/local/Cellar/libx11/1.8.13/include -I/usr/local/Cellar/libxcb/1.17.0/include -I/usr/local/Cellar/libxau/1.0.12/include -I/usr/local/Cellar/libxdmcp/1.1.5/include -c -o /var/folders/rv/fj31z1cj3j39vd6c2s012n7h0000gn/T//ffconf.JMIT29EY/test.o /var/folders/rv/fj31z1cj3j39vd6c2s012n7h0000gn/T//ffconf.JMIT29EY/test.c
/var/folders/rv/fj31z1cj3j39vd6c2s012n7h0000gn/T//ffconf.JMIT29EY/test.c:1:10: fatal error: 'windows.h' file not found
#include <windows.h>
         ^~~~~~~~~~~
1 error generated.
check_lib android android/native_window.h ANativeWindow_acquire -landroid
check_func_headers android/native_window.h ANativeWindow_acquire -landroid
test_ld cc -landroid
test_cc
BEGIN /var/folders/rv/fj31z1cj3j39vd6c2s012n7h0000gn/T//ffconf.JMIT29EY/test.c
    1	#include <android/native_window.h>
    2	#include <stdint.h>
    3	long check_ANativeWindow_acquire(void) { return (long) ANativeWindow_acquire; }
    4	int main(void) { int ret = 0;
    5	 ret |= ((intptr_t)check_ANativeWindow_acquire) & 0xFFFF;
    6	return ret; }
END /var/folders/rv/fj31z1cj3j39vd6c2s012n7h0000gn/T//ffconf.JMIT29EY/test.c
gcc -D_ISOC11_SOURCE -D_FILE_OFFSET_BITS=64 -D_LARGEFILE_SOURCE -I$(SRC_PATH)/compat/dispatch_semaphore -DPIC -fPIC -arch x86_64 -mmacosx-version-min=11.0 -Wno-error=asm-operand-widths -I/Users/runner/work/ffmpeg-build/ffmpeg-build/vulkan-headers/include -std=c17 -Werror=partial-availability -fno-common -fomit-frame-pointer -fPIC -I/usr/local/Cellar/libx11/1.8.13/include -I/usr/local/Cellar/xorgproto/2025.1/include -I/usr/local/Cellar/libxcb/1.17.0/include -I/usr/local/Cellar/libxau/1.0.12/include -I/usr/local/Cellar/libxdmcp/1.1.5/include -I/usr/local/Cellar/libxext/1.3.7/include -I/usr/local/Cellar/xorgproto/2025.1/include -I/usr/local/Cellar/libx11/1.8.13/include -I/usr/local/Cellar/libxcb/1.17.0/include -I/usr/local/Cellar/libxau/1.0.12/include -I/usr/local/Cellar/libxdmcp/1.1.5/include -c -o /var/folders/rv/fj31z1cj3j39vd6c2s012n7h0000gn/T//ffconf.JMIT29EY/test.o /var/folders/rv/fj31z1cj3j39vd6c2s012n7h0000gn/T//ffconf.JMIT29EY/test.c
/var/folders/rv/fj31z1cj3j39vd6c2s012n7h0000gn/T//ffconf.JMIT29EY/test.c:1:10: fatal error: 'android/native_window.h' file not found
#include <android/native_window.h>
         ^~~~~~~~~~~~~~~~~~~~~~~~~
1 error generated.
check_lib mediandk stdint.h media/NdkMediaFormat.h AMediaFormat_new -lmediandk
check_func_headers stdint.h media/NdkMediaFormat.h AMediaFormat_new -lmediandk
test_ld cc -lmediandk
test_cc
BEGIN /var/folders/rv/fj31z1cj3j39vd6c2s012n7h0000gn/T//ffconf.JMIT29EY/test.c
    1	#include <stdint.h>
    2	#include <media/NdkMediaFormat.h>
    3	#include <stdint.h>
    4	long check_AMediaFormat_new(void) { return (long) AMediaFormat_new; }
    5	int main(void) { int ret = 0;
    6	 ret |= ((intptr_t)check_AMediaFormat_new) & 0xFFFF;
    7	return ret; }
END /var/folders/rv/fj31z1cj3j39vd6c2s012n7h0000gn/T//ffconf.JMIT29EY/test.c
gcc -D_ISOC11_SOURCE -D_FILE_OFFSET_BITS=64 -D_LARGEFILE_SOURCE -I$(SRC_PATH)/compat/dispatch_semaphore -DPIC -fPIC -arch x86_64 -mmacosx-version-min=11.0 -Wno-error=asm-operand-widths -I/Users/runner/work/ffmpeg-build/ffmpeg-build/vulkan-headers/include -std=c17 -Werror=partial-availability -fno-common -fomit-frame-pointer -fPIC -I/usr/local/Cellar/libx11/1.8.13/include -I/usr/local/Cellar/xorgproto/2025.1/include -I/usr/local/Cellar/libxcb/1.17.0/include -I/usr/local/Cellar/libxau/1.0.12/include -I/usr/local/Cellar/libxdmcp/1.1.5/include -I/usr/local/Cellar/libxext/1.3.7/include -I/usr/local/Cellar/xorgproto/2025.1/include -I/usr/local/Cellar/libx11/1.8.13/include -I/usr/local/Cellar/libxcb/1.17.0/include -I/usr/local/Cellar/libxau/1.0.12/include -I/usr/local/Cellar/libxdmcp/1.1.5/include -c -o /var/folders/rv/fj31z1cj3j39vd6c2s012n7h0000gn/T//ffconf.JMIT29EY/test.o /var/folders/rv/fj31z1cj3j39vd6c2s012n7h0000gn/T//ffconf.JMIT29EY/test.c
/var/folders/rv/fj31z1cj3j39vd6c2s012n7h0000gn/T//ffconf.JMIT29EY/test.c:2:10: fatal error: 'media/NdkMediaFormat.h' file not found
#include <media/NdkMediaFormat.h>
         ^~~~~~~~~~~~~~~~~~~~~~~~
1 error generated.
check_lib camera2ndk stdbool.h stdint.h camera/NdkCameraManager.h ACameraManager_create -lcamera2ndk
check_func_headers stdbool.h stdint.h camera/NdkCameraManager.h ACameraManager_create -lcamera2ndk
test_ld cc -lcamera2ndk
test_cc
BEGIN /var/folders/rv/fj31z1cj3j39vd6c2s012n7h0000gn/T//ffconf.JMIT29EY/test.c
    1	#include <stdbool.h>
    2	#include <stdint.h>
    3	#include <camera/NdkCameraManager.h>
    4	#include <stdint.h>
    5	long check_ACameraManager_create(void) { return (long) ACameraManager_create; }
    6	int main(void) { int ret = 0;
    7	 ret |= ((intptr_t)check_ACameraManager_create) & 0xFFFF;
    8	return ret; }
END /var/folders/rv/fj31z1cj3j39vd6c2s012n7h0000gn/T//ffconf.JMIT29EY/test.c
gcc -D_ISOC11_SOURCE -D_FILE_OFFSET_BITS=64 -D_LARGEFILE_SOURCE -I$(SRC_PATH)/compat/dispatch_semaphore -DPIC -fPIC -arch x86_64 -mmacosx-version-min=11.0 -Wno-error=asm-operand-widths -I/Users/runner/work/ffmpeg-build/ffmpeg-build/vulkan-headers/include -std=c17 -Werror=partial-availability -fno-common -fomit-frame-pointer -fPIC -I/usr/local/Cellar/libx11/1.8.13/include -I/usr/local/Cellar/xorgproto/2025.1/include -I/usr/local/Cellar/libxcb/1.17.0/include -I/usr/local/Cellar/libxau/1.0.12/include -I/usr/local/Cellar/libxdmcp/1.1.5/include -I/usr/local/Cellar/libxext/1.3.7/include -I/usr/local/Cellar/xorgproto/2025.1/include -I/usr/local/Cellar/libx11/1.8.13/include -I/usr/local/Cellar/libxcb/1.17.0/include -I/usr/local/Cellar/libxau/1.0.12/include -I/usr/local/Cellar/libxdmcp/1.1.5/include -c -o /var/folders/rv/fj31z1cj3j39vd6c2s012n7h0000gn/T//ffconf.JMIT29EY/test.o /var/folders/rv/fj31z1cj3j39vd6c2s012n7h0000gn/T//ffconf.JMIT29EY/test.c
/var/folders/rv/fj31z1cj3j39vd6c2s012n7h0000gn/T//ffconf.JMIT29EY/test.c:3:10: fatal error: 'camera/NdkCameraManager.h' file not found
#include <camera/NdkCameraManager.h>
         ^~~~~~~~~~~~~~~~~~~~~~~~~~~
1 error generated.
check_apple_framework AppKit
check_header_objcc AppKit/AppKit.h
test_objcc
BEGIN /var/folders/rv/fj31z1cj3j39vd6c2s012n7h0000gn/T//ffconf.JMIT29EY/test.m
    1	#include <AppKit/AppKit.h>
    2	int main(void) { return 0; }
END /var/folders/rv/fj31z1cj3j39vd6c2s012n7h0000gn/T//ffconf.JMIT29EY/test.m
gcc -Werror=missing-prototypes -D_ISOC11_SOURCE -D_FILE_OFFSET_BITS=64 -D_LARGEFILE_SOURCE -I$(SRC_PATH)/compat/dispatch_semaphore -DPIC -fPIC -arch x86_64 -mmacosx-version-min=11.0 -Wno-error=asm-operand-widths -I/Users/runner/work/ffmpeg-build/ffmpeg-build/vulkan-headers/include -std=c17 -Werror=partial-availability -fno-common -fomit-frame-pointer -fPIC -I/usr/local/Cellar/libx11/1.8.13/include -I/usr/local/Cellar/xorgproto/2025.1/include -I/usr/local/Cellar/libxcb/1.17.0/include -I/usr/local/Cellar/libxau/1.0.12/include -I/usr/local/Cellar/libxdmcp/1.1.5/include -I/usr/local/Cellar/libxext/1.3.7/include -I/usr/local/Cellar/xorgproto/2025.1/include -I/usr/local/Cellar/libx11/1.8.13/include -I/usr/local/Cellar/libxcb/1.17.0/include -I/usr/local/Cellar/libxau/1.0.12/include -I/usr/local/Cellar/libxdmcp/1.1.5/include -Werror=partial-availability -fomit-frame-pointer -fPIC -c -o /var/folders/rv/fj31z1cj3j39vd6c2s012n7h0000gn/T//ffconf.JMIT29EY/test.o /var/folders/rv/fj31z1cj3j39vd6c2s012n7h0000gn/T//ffconf.JMIT29EY/test.m
test_stat /var/folders/rv/fj31z1cj3j39vd6c2s012n7h0000gn/T//ffconf.JMIT29EY/test.o
16777220 12887692355 -rw-r--r-- 1 runner staff 0 576 "Aug  5 15:33:51 2026" "Aug  5 15:33:52 2026" "Aug  5 15:33:52 2026" "Aug  5 15:33:51 2026" 4096 8 0 /var/folders/rv/fj31z1cj3j39vd6c2s012n7h0000gn/T//ffconf.JMIT29EY/test.o
check_apple_framework AudioToolbox
check_header_objcc AudioToolbox/AudioToolbox.h
test_objcc
BEGIN /var/folders/rv/fj31z1cj3j39vd6c2s012n7h0000gn/T//ffconf.JMIT29EY/test.m
    1	#include <AudioToolbox/AudioToolbox.h>
    2	int main(void) { return 0; }
END /var/folders/rv/fj31z1cj3j39vd6c2s012n7h0000gn/T//ffconf.JMIT29EY/test.m
gcc -Werror=missing-prototypes -D_ISOC11_SOURCE -D_FILE_OFFSET_BITS=64 -D_LARGEFILE_SOURCE -I$(SRC_PATH)/compat/dispatch_semaphore -DPIC -fPIC -arch x86_64 -mmacosx-version-min=11.0 -Wno-error=asm-operand-widths -I/Users/runner/work/ffmpeg-build/ffmpeg-build/vulkan-headers/include -std=c17 -Werror=partial-availability -fno-common -fomit-frame-pointer -fPIC -I/usr/local/Cellar/libx11/1.8.13/include -I/usr/local/Cellar/xorgproto/2025.1/include -I/usr/local/Cellar/libxcb/1.17.0/include -I/usr/local/Cellar/libxau/1.0.12/include -I/usr/local/Cellar/libxdmcp/1.1.5/include -I/usr/local/Cellar/libxext/1.3.7/include -I/usr/local/Cellar/xorgproto/2025.1/include -I/usr/local/Cellar/libx11/1.8.13/include -I/usr/local/Cellar/libxcb/1.17.0/include -I/usr/local/Cellar/libxau/1.0.12/include -I/usr/local/Cellar/libxdmcp/1.1.5/include -Werror=partial-availability -fomit-frame-pointer -fPIC -c -o /var/folders/rv/fj31z1cj3j39vd6c2s012n7h0000gn/T//ffconf.JMIT29EY/test.o /var/folders/rv/fj31z1cj3j39vd6c2s012n7h0000gn/T//ffconf.JMIT29EY/test.m
test_stat /var/folders/rv/fj31z1cj3j39vd6c2s012n7h0000gn/T//ffconf.JMIT29EY/test.o
16777220 12887692363 -rw-r--r-- 1 runner staff 0 576 "Aug  5 15:33:52 2026" "Aug  5 15:33:52 2026" "Aug  5 15:33:52 2026" "Aug  5 15:33:52 2026" 4096 8 0 /var/folders/rv/fj31z1cj3j39vd6c2s012n7h0000gn/T//ffconf.JMIT29EY/test.o
check_apple_framework AVFoundation
check_header_objcc AVFoundation/AVFoundation.h
test_objcc
BEGIN /var/folders/rv/fj31z1cj3j39vd6c2s012n7h0000gn/T//ffconf.JMIT29EY/test.m
    1	#include <AVFoundation/AVFoundation.h>
    2	int main(void) { return 0; }
END /var/folders/rv/fj31z1cj3j39vd6c2s012n7h0000gn/T//ffconf.JMIT29EY/test.m
gcc -Werror=missing-prototypes -D_ISOC11_SOURCE -D_FILE_OFFSET_BITS=64 -D_LARGEFILE_SOURCE -I$(SRC_PATH)/compat/dispatch_semaphore -DPIC -fPIC -arch x86_64 -mmacosx-version-min=11.0 -Wno-error=asm-operand-widths -I/Users/runner/work/ffmpeg-build/ffmpeg-build/vulkan-headers/include -std=c17 -Werror=partial-availability -fno-common -fomit-frame-pointer -fPIC -I/usr/local/Cellar/libx11/1.8.13/include -I/usr/local/Cellar/xorgproto/2025.1/include -I/usr/local/Cellar/libxcb/1.17.0/include -I/usr/local/Cellar/libxau/1.0.12/include -I/usr/local/Cellar/libxdmcp/1.1.5/include -I/usr/local/Cellar/libxext/1.3.7/include -I/usr/local/Cellar/xorgproto/2025.1/include -I/usr/local/Cellar/libx11/1.8.13/include -I/usr/local/Cellar/libxcb/1.17.0/include -I/usr/local/Cellar/libxau/1.0.12/include -I/usr/local/Cellar/libxdmcp/1.1.5/include -Werror=partial-availability -fomit-frame-pointer -fPIC -c -o /var/folders/rv/fj31z1cj3j39vd6c2s012n7h0000gn/T//ffconf.JMIT29EY/test.o /var/folders/rv/fj31z1cj3j39vd6c2s012n7h0000gn/T//ffconf.JMIT29EY/test.m
test_stat /var/folders/rv/fj31z1cj3j39vd6c2s012n7h0000gn/T//ffconf.JMIT29EY/test.o
16777220 12887692468 -rw-r--r-- 1 runner staff 0 576 "Aug  5 15:33:52 2026" "Aug  5 15:33:54 2026" "Aug  5 15:33:54 2026" "Aug  5 15:33:52 2026" 4096 8 0 /var/folders/rv/fj31z1cj3j39vd6c2s012n7h0000gn/T//ffconf.JMIT29EY/test.o
check_apple_framework CoreImage
check_header_objcc CoreImage/CoreImage.h
test_objcc
BEGIN /var/folders/rv/fj31z1cj3j39vd6c2s012n7h0000gn/T//ffconf.JMIT29EY/test.m
    1	#include <CoreImage/CoreImage.h>
    2	int main(void) { return 0; }
END /var/folders/rv/fj31z1cj3j39vd6c2s012n7h0000gn/T//ffconf.JMIT29EY/test.m
gcc -Werror=missing-prototypes -D_ISOC11_SOURCE -D_FILE_OFFSET_BITS=64 -D_LARGEFILE_SOURCE -I$(SRC_PATH)/compat/dispatch_semaphore -DPIC -fPIC -arch x86_64 -mmacosx-version-min=11.0 -Wno-error=asm-operand-widths -I/Users/runner/work/ffmpeg-build/ffmpeg-build/vulkan-headers/include -std=c17 -Werror=partial-availability -fno-common -fomit-frame-pointer -fPIC -I/usr/local/Cellar/libx11/1.8.13/include -I/usr/local/Cellar/xorgproto/2025.1/include -I/usr/local/Cellar/libxcb/1.17.0/include -I/usr/local/Cellar/libxau/1.0.12/include -I/usr/local/Cellar/libxdmcp/1.1.5/include -I/usr/local/Cellar/libxext/1.3.7/include -I/usr/local/Cellar/xorgproto/2025.1/include -I/usr/local/Cellar/libx11/1.8.13/include -I/usr/local/Cellar/libxcb/1.17.0/include -I/usr/local/Cellar/libxau/1.0.12/include -I/usr/local/Cellar/libxdmcp/1.1.5/include -Werror=partial-availability -fomit-frame-pointer -fPIC -c -o /var/folders/rv/fj31z1cj3j39vd6c2s012n7h0000gn/T//ffconf.JMIT29EY/test.o /var/folders/rv/fj31z1cj3j39vd6c2s012n7h0000gn/T//ffconf.JMIT29EY/test.m
test_stat /var/folders/rv/fj31z1cj3j39vd6c2s012n7h0000gn/T//ffconf.JMIT29EY/test.o
16777220 12887692774 -rw-r--r-- 1 runner staff 0 576 "Aug  5 15:33:54 2026" "Aug  5 15:33:55 2026" "Aug  5 15:33:55 2026" "Aug  5 15:33:54 2026" 4096 8 0 /var/folders/rv/fj31z1cj3j39vd6c2s012n7h0000gn/T//ffconf.JMIT29EY/test.o
check_apple_framework Metal
check_header_objcc Metal/Metal.h
test_objcc
BEGIN /var/folders/rv/fj31z1cj3j39vd6c2s012n7h0000gn/T//ffconf.JMIT29EY/test.m
    1	#include <Metal/Metal.h>
    2	int main(void) { return 0; }
END /var/folders/rv/fj31z1cj3j39vd6c2s012n7h0000gn/T//ffconf.JMIT29EY/test.m
gcc -Werror=missing-prototypes -D_ISOC11_SOURCE -D_FILE_OFFSET_BITS=64 -D_LARGEFILE_SOURCE -I$(SRC_PATH)/compat/dispatch_semaphore -DPIC -fPIC -arch x86_64 -mmacosx-version-min=11.0 -Wno-error=asm-operand-widths -I/Users/runner/work/ffmpeg-build/ffmpeg-build/vulkan-headers/include -std=c17 -Werror=partial-availability -fno-common -fomit-frame-pointer -fPIC -I/usr/local/Cellar/libx11/1.8.13/include -I/usr/local/Cellar/xorgproto/2025.1/include -I/usr/local/Cellar/libxcb/1.17.0/include -I/usr/local/Cellar/libxau/1.0.12/include -I/usr/local/Cellar/libxdmcp/1.1.5/include -I/usr/local/Cellar/libxext/1.3.7/include -I/usr/local/Cellar/xorgproto/2025.1/include -I/usr/local/Cellar/libx11/1.8.13/include -I/usr/local/Cellar/libxcb/1.17.0/include -I/usr/local/Cellar/libxau/1.0.12/include -I/usr/local/Cellar/libxdmcp/1.1.5/include -Werror=partial-availability -fomit-frame-pointer -fPIC -c -o /var/folders/rv/fj31z1cj3j39vd6c2s012n7h0000gn/T//ffconf.JMIT29EY/test.o /var/folders/rv/fj31z1cj3j39vd6c2s012n7h0000gn/T//ffconf.JMIT29EY/test.m
test_stat /var/folders/rv/fj31z1cj3j39vd6c2s012n7h0000gn/T//ffconf.JMIT29EY/test.o
16777220 12887693287 -rw-r--r-- 1 runner staff 0 576 "Aug  5 15:33:55 2026" "Aug  5 15:33:55 2026" "Aug  5 15:33:55 2026" "Aug  5 15:33:55 2026" 4096 8 0 /var/folders/rv/fj31z1cj3j39vd6c2s012n7h0000gn/T//ffconf.JMIT29EY/test.o
check_apple_framework VideoToolbox
check_header_objcc VideoToolbox/VideoToolbox.h
test_objcc
BEGIN /var/folders/rv/fj31z1cj3j39vd6c2s012n7h0000gn/T//ffconf.JMIT29EY/test.m
    1	#include <VideoToolbox/VideoToolbox.h>
    2	int main(void) { return 0; }
END /var/folders/rv/fj31z1cj3j39vd6c2s012n7h0000gn/T//ffconf.JMIT29EY/test.m
gcc -Werror=missing-prototypes -D_ISOC11_SOURCE -D_FILE_OFFSET_BITS=64 -D_LARGEFILE_SOURCE -I$(SRC_PATH)/compat/dispatch_semaphore -DPIC -fPIC -arch x86_64 -mmacosx-version-min=11.0 -Wno-error=asm-operand-widths -I/Users/runner/work/ffmpeg-build/ffmpeg-build/vulkan-headers/include -std=c17 -Werror=partial-availability -fno-common -fomit-frame-pointer -fPIC -I/usr/local/Cellar/libx11/1.8.13/include -I/usr/local/Cellar/xorgproto/2025.1/include -I/usr/local/Cellar/libxcb/1.17.0/include -I/usr/local/Cellar/libxau/1.0.12/include -I/usr/local/Cellar/libxdmcp/1.1.5/include -I/usr/local/Cellar/libxext/1.3.7/include -I/usr/local/Cellar/xorgproto/2025.1/include -I/usr/local/Cellar/libx11/1.8.13/include -I/usr/local/Cellar/libxcb/1.17.0/include -I/usr/local/Cellar/libxau/1.0.12/include -I/usr/local/Cellar/libxdmcp/1.1.5/include -Werror=partial-availability -fomit-frame-pointer -fPIC -c -o /var/folders/rv/fj31z1cj3j39vd6c2s012n7h0000gn/T//ffconf.JMIT29EY/test.o /var/folders/rv/fj31z1cj3j39vd6c2s012n7h0000gn/T//ffconf.JMIT29EY/test.m
test_stat /var/folders/rv/fj31z1cj3j39vd6c2s012n7h0000gn/T//ffconf.JMIT29EY/test.o
16777220 12887693653 -rw-r--r-- 1 runner staff 0 576 "Aug  5 15:33:55 2026" "Aug  5 15:33:56 2026" "Aug  5 15:33:56 2026" "Aug  5 15:33:55 2026" 4096 8 0 /var/folders/rv/fj31z1cj3j39vd6c2s012n7h0000gn/T//ffconf.JMIT29EY/test.o
check_apple_framework CoreFoundation
check_header_objcc CoreFoundation/CoreFoundation.h
test_objcc
BEGIN /var/folders/rv/fj31z1cj3j39vd6c2s012n7h0000gn/T//ffconf.JMIT29EY/test.m
    1	#include <CoreFoundation/CoreFoundation.h>
    2	int main(void) { return 0; }
END /var/folders/rv/fj31z1cj3j39vd6c2s012n7h0000gn/T//ffconf.JMIT29EY/test.m
gcc -Werror=missing-prototypes -D_ISOC11_SOURCE -D_FILE_OFFSET_BITS=64 -D_LARGEFILE_SOURCE -I$(SRC_PATH)/compat/dispatch_semaphore -DPIC -fPIC -arch x86_64 -mmacosx-version-min=11.0 -Wno-error=asm-operand-widths -I/Users/runner/work/ffmpeg-build/ffmpeg-build/vulkan-headers/include -std=c17 -Werror=partial-availability -fno-common -fomit-frame-pointer -fPIC -I/usr/local/Cellar/libx11/1.8.13/include -I/usr/local/Cellar/xorgproto/2025.1/include -I/usr/local/Cellar/libxcb/1.17.0/include -I/usr/local/Cellar/libxau/1.0.12/include -I/usr/local/Cellar/libxdmcp/1.1.5/include -I/usr/local/Cellar/libxext/1.3.7/include -I/usr/local/Cellar/xorgproto/2025.1/include -I/usr/local/Cellar/libx11/1.8.13/include -I/usr/local/Cellar/libxcb/1.17.0/include -I/usr/local/Cellar/libxau/1.0.12/include -I/usr/local/Cellar/libxdmcp/1.1.5/include -Werror=partial-availability -fomit-frame-pointer -fPIC -c -o /var/folders/rv/fj31z1cj3j39vd6c2s012n7h0000gn/T//ffconf.JMIT29EY/test.o /var/folders/rv/fj31z1cj3j39vd6c2s012n7h0000gn/T//ffconf.JMIT29EY/test.m
test_stat /var/folders/rv/fj31z1cj3j39vd6c2s012n7h0000gn/T//ffconf.JMIT29EY/test.o
16777220 12887694177 -rw-r--r-- 1 runner staff 0 576 "Aug  5 15:33:56 2026" "Aug  5 15:33:57 2026" "Aug  5 15:33:57 2026" "Aug  5 15:33:56 2026" 4096 8 0 /var/folders/rv/fj31z1cj3j39vd6c2s012n7h0000gn/T//ffconf.JMIT29EY/test.o
check_apple_framework CoreMedia
check_header_objcc CoreMedia/CoreMedia.h
test_objcc
BEGIN /var/folders/rv/fj31z1cj3j39vd6c2s012n7h0000gn/T//ffconf.JMIT29EY/test.m
    1	#include <CoreMedia/CoreMedia.h>
    2	int main(void) { return 0; }
END /var/folders/rv/fj31z1cj3j39vd6c2s012n7h0000gn/T//ffconf.JMIT29EY/test.m
gcc -Werror=missing-prototypes -D_ISOC11_SOURCE -D_FILE_OFFSET_BITS=64 -D_LARGEFILE_SOURCE -I$(SRC_PATH)/compat/dispatch_semaphore -DPIC -fPIC -arch x86_64 -mmacosx-version-min=11.0 -Wno-error=asm-operand-widths -I/Users/runner/work/ffmpeg-build/ffmpeg-build/vulkan-headers/include -std=c17 -Werror=partial-availability -fno-common -fomit-frame-pointer -fPIC -I/usr/local/Cellar/libx11/1.8.13/include -I/usr/local/Cellar/xorgproto/2025.1/include -I/usr/local/Cellar/libxcb/1.17.0/include -I/usr/local/Cellar/libxau/1.0.12/include -I/usr/local/Cellar/libxdmcp/1.1.5/include -I/usr/local/Cellar/libxext/1.3.7/include -I/usr/local/Cellar/xorgproto/2025.1/include -I/usr/local/Cellar/libx11/1.8.13/include -I/usr/local/Cellar/libxcb/1.17.0/include -I/usr/local/Cellar/libxau/1.0.12/include -I/usr/local/Cellar/libxdmcp/1.1.5/include -Werror=partial-availability -fomit-frame-pointer -fPIC -c -o /var/folders/rv/fj31z1cj3j39vd6c2s012n7h0000gn/T//ffconf.JMIT29EY/test.o /var/folders/rv/fj31z1cj3j39vd6c2s012n7h0000gn/T//ffconf.JMIT29EY/test.m
test_stat /var/folders/rv/fj31z1cj3j39vd6c2s012n7h0000gn/T//ffconf.JMIT29EY/test.o
16777220 12887694189 -rw-r--r-- 1 runner staff 0 576 "Aug  5 15:33:57 2026" "Aug  5 15:33:57 2026" "Aug  5 15:33:57 2026" "Aug  5 15:33:57 2026" 4096 8 0 /var/folders/rv/fj31z1cj3j39vd6c2s012n7h0000gn/T//ffconf.JMIT29EY/test.o
check_apple_framework CoreVideo
check_header_objcc CoreVideo/CoreVideo.h
test_objcc
BEGIN /var/folders/rv/fj31z1cj3j39vd6c2s012n7h0000gn/T//ffconf.JMIT29EY/test.m
    1	#include <CoreVideo/CoreVideo.h>
    2	int main(void) { return 0; }
END /var/folders/rv/fj31z1cj3j39vd6c2s012n7h0000gn/T//ffconf.JMIT29EY/test.m
gcc -Werror=missing-prototypes -D_ISOC11_SOURCE -D_FILE_OFFSET_BITS=64 -D_LARGEFILE_SOURCE -I$(SRC_PATH)/compat/dispatch_semaphore -DPIC -fPIC -arch x86_64 -mmacosx-version-min=11.0 -Wno-error=asm-operand-widths -I/Users/runner/work/ffmpeg-build/ffmpeg-build/vulkan-headers/include -std=c17 -Werror=partial-availability -fno-common -fomit-frame-pointer -fPIC -I/usr/local/Cellar/libx11/1.8.13/include -I/usr/local/Cellar/xorgproto/2025.1/include -I/usr/local/Cellar/libxcb/1.17.0/include -I/usr/local/Cellar/libxau/1.0.12/include -I/usr/local/Cellar/libxdmcp/1.1.5/include -I/usr/local/Cellar/libxext/1.3.7/include -I/usr/local/Cellar/xorgproto/2025.1/include -I/usr/local/Cellar/libx11/1.8.13/include -I/usr/local/Cellar/libxcb/1.17.0/include -I/usr/local/Cellar/libxau/1.0.12/include -I/usr/local/Cellar/libxdmcp/1.1.5/include -Werror=partial-availability -fomit-frame-pointer -fPIC -c -o /var/folders/rv/fj31z1cj3j39vd6c2s012n7h0000gn/T//ffconf.JMIT29EY/test.o /var/folders/rv/fj31z1cj3j39vd6c2s012n7h0000gn/T//ffconf.JMIT29EY/test.m
test_stat /var/folders/rv/fj31z1cj3j39vd6c2s012n7h0000gn/T//ffconf.JMIT29EY/test.o
16777220 12887694401 -rw-r--r-- 1 runner staff 0 576 "Aug  5 15:33:57 2026" "Aug  5 15:33:58 2026" "Aug  5 15:33:58 2026" "Aug  5 15:33:57 2026" 4096 8 0 /var/folders/rv/fj31z1cj3j39vd6c2s012n7h0000gn/T//ffconf.JMIT29EY/test.o
check_apple_framework CoreAudio
check_header_objcc CoreAudio/CoreAudio.h
test_objcc
BEGIN /var/folders/rv/fj31z1cj3j39vd6c2s012n7h0000gn/T//ffconf.JMIT29EY/test.m
    1	#include <CoreAudio/CoreAudio.h>
    2	int main(void) { return 0; }
END /var/folders/rv/fj31z1cj3j39vd6c2s012n7h0000gn/T//ffconf.JMIT29EY/test.m
gcc -Werror=missing-prototypes -D_ISOC11_SOURCE -D_FILE_OFFSET_BITS=64 -D_LARGEFILE_SOURCE -I$(SRC_PATH)/compat/dispatch_semaphore -DPIC -fPIC -arch x86_64 -mmacosx-version-min=11.0 -Wno-error=asm-operand-widths -I/Users/runner/work/ffmpeg-build/ffmpeg-build/vulkan-headers/include -std=c17 -Werror=partial-availability -fno-common -fomit-frame-pointer -fPIC -I/usr/local/Cellar/libx11/1.8.13/include -I/usr/local/Cellar/xorgproto/2025.1/include -I/usr/local/Cellar/libxcb/1.17.0/include -I/usr/local/Cellar/libxau/1.0.12/include -I/usr/local/Cellar/libxdmcp/1.1.5/include -I/usr/local/Cellar/libxext/1.3.7/include -I/usr/local/Cellar/xorgproto/2025.1/include -I/usr/local/Cellar/libx11/1.8.13/include -I/usr/local/Cellar/libxcb/1.17.0/include -I/usr/local/Cellar/libxau/1.0.12/include -I/usr/local/Cellar/libxdmcp/1.1.5/include -Werror=partial-availability -fomit-frame-pointer -fPIC -c -o /var/folders/rv/fj31z1cj3j39vd6c2s012n7h0000gn/T//ffconf.JMIT29EY/test.o /var/folders/rv/fj31z1cj3j39vd6c2s012n7h0000gn/T//ffconf.JMIT29EY/test.m
test_stat /var/folders/rv/fj31z1cj3j39vd6c2s012n7h0000gn/T//ffconf.JMIT29EY/test.o
16777220 12887694700 -rw-r--r-- 1 runner staff 0 576 "Aug  5 15:33:58 2026" "Aug  5 15:33:58 2026" "Aug  5 15:33:58 2026" "Aug  5 15:33:58 2026" 4096 8 0 /var/folders/rv/fj31z1cj3j39vd6c2s012n7h0000gn/T//ffconf.JMIT29EY/test.o
check_type AudioToolbox/AudioToolbox.h AudioObjectPropertyAddress
test_code cc AudioToolbox/AudioToolbox.h AudioObjectPropertyAddress v
test_cc
BEGIN /var/folders/rv/fj31z1cj3j39vd6c2s012n7h0000gn/T//ffconf.JMIT29EY/test.c
    1	#include <AudioToolbox/AudioToolbox.h>
    2	int main(void) { AudioObjectPropertyAddress v; return 0; }
END /var/folders/rv/fj31z1cj3j39vd6c2s012n7h0000gn/T//ffconf.JMIT29EY/test.c
gcc -D_ISOC11_SOURCE -D_FILE_OFFSET_BITS=64 -D_LARGEFILE_SOURCE -I$(SRC_PATH)/compat/dispatch_semaphore -DPIC -fPIC -arch x86_64 -mmacosx-version-min=11.0 -Wno-error=asm-operand-widths -I/Users/runner/work/ffmpeg-build/ffmpeg-build/vulkan-headers/include -std=c17 -Werror=partial-availability -fno-common -fomit-frame-pointer -fPIC -I/usr/local/Cellar/libx11/1.8.13/include -I/usr/local/Cellar/xorgproto/2025.1/include -I/usr/local/Cellar/libxcb/1.17.0/include -I/usr/local/Cellar/libxau/1.0.12/include -I/usr/local/Cellar/libxdmcp/1.1.5/include -I/usr/local/Cellar/libxext/1.3.7/include -I/usr/local/Cellar/xorgproto/2025.1/include -I/usr/local/Cellar/libx11/1.8.13/include -I/usr/local/Cellar/libxcb/1.17.0/include -I/usr/local/Cellar/libxau/1.0.12/include -I/usr/local/Cellar/libxdmcp/1.1.5/include -c -o /var/folders/rv/fj31z1cj3j39vd6c2s012n7h0000gn/T//ffconf.JMIT29EY/test.o /var/folders/rv/fj31z1cj3j39vd6c2s012n7h0000gn/T//ffconf.JMIT29EY/test.c
check_lib coregraphics CoreGraphics/CoreGraphics.h CGGetActiveDisplayList -framework CoreGraphics
check_func_headers CoreGraphics/CoreGraphics.h CGGetActiveDisplayList -framework CoreGraphics
test_ld cc -framework CoreGraphics
test_cc -framework CoreGraphics
BEGIN /var/folders/rv/fj31z1cj3j39vd6c2s012n7h0000gn/T//ffconf.JMIT29EY/test.c
    1	#include <CoreGraphics/CoreGraphics.h>
    2	#include <stdint.h>
    3	long check_CGGetActiveDisplayList(void) { return (long) CGGetActiveDisplayList; }
    4	int main(void) { int ret = 0;
    5	 ret |= ((intptr_t)check_CGGetActiveDisplayList) & 0xFFFF;
    6	return ret; }
END /var/folders/rv/fj31z1cj3j39vd6c2s012n7h0000gn/T//ffconf.JMIT29EY/test.c
gcc -D_ISOC11_SOURCE -D_FILE_OFFSET_BITS=64 -D_LARGEFILE_SOURCE -I$(SRC_PATH)/compat/dispatch_semaphore -DPIC -fPIC -arch x86_64 -mmacosx-version-min=11.0 -Wno-error=asm-operand-widths -I/Users/runner/work/ffmpeg-build/ffmpeg-build/vulkan-headers/include -std=c17 -Werror=partial-availability -fno-common -fomit-frame-pointer -fPIC -I/usr/local/Cellar/libx11/1.8.13/include -I/usr/local/Cellar/xorgproto/2025.1/include -I/usr/local/Cellar/libxcb/1.17.0/include -I/usr/local/Cellar/libxau/1.0.12/include -I/usr/local/Cellar/libxdmcp/1.1.5/include -I/usr/local/Cellar/libxext/1.3.7/include -I/usr/local/Cellar/xorgproto/2025.1/include -I/usr/local/Cellar/libx11/1.8.13/include -I/usr/local/Cellar/libxcb/1.17.0/include -I/usr/local/Cellar/libxau/1.0.12/include -I/usr/local/Cellar/libxdmcp/1.1.5/include -framework CoreGraphics -c -o /var/folders/rv/fj31z1cj3j39vd6c2s012n7h0000gn/T//ffconf.JMIT29EY/test.o /var/folders/rv/fj31z1cj3j39vd6c2s012n7h0000gn/T//ffconf.JMIT29EY/test.c
clang: warning: -framework CoreGraphics: 'linker' input unused [-Wunused-command-line-argument]
gcc -arch x86_64 -mmacosx-version-min=11.0 -Wl,-dynamic,-search_paths_first -Wl,-no_warn_duplicate_libraries -framework CoreGraphics -o /var/folders/rv/fj31z1cj3j39vd6c2s012n7h0000gn/T//ffconf.JMIT29EY/test /var/folders/rv/fj31z1cj3j39vd6c2s012n7h0000gn/T//ffconf.JMIT29EY/test.o
check_objc_class AVFoundation/AVFoundation.h AVCaptureSession
test_code objcc AVFoundation/AVFoundation.h AVCaptureSession* v
test_objcc
BEGIN /var/folders/rv/fj31z1cj3j39vd6c2s012n7h0000gn/T//ffconf.JMIT29EY/test.m
    1	#include <AVFoundation/AVFoundation.h>
    2	int main(void) { AVCaptureSession* v; return 0; }
END /var/folders/rv/fj31z1cj3j39vd6c2s012n7h0000gn/T//ffconf.JMIT29EY/test.m
gcc -Werror=missing-prototypes -D_ISOC11_SOURCE -D_FILE_OFFSET_BITS=64 -D_LARGEFILE_SOURCE -I$(SRC_PATH)/compat/dispatch_semaphore -DPIC -fPIC -arch x86_64 -mmacosx-version-min=11.0 -Wno-error=asm-operand-widths -I/Users/runner/work/ffmpeg-build/ffmpeg-build/vulkan-headers/include -std=c17 -Werror=partial-availability -fno-common -fomit-frame-pointer -fPIC -I/usr/local/Cellar/libx11/1.8.13/include -I/usr/local/Cellar/xorgproto/2025.1/include -I/usr/local/Cellar/libxcb/1.17.0/include -I/usr/local/Cellar/libxau/1.0.12/include -I/usr/local/Cellar/libxdmcp/1.1.5/include -I/usr/local/Cellar/libxext/1.3.7/include -I/usr/local/Cellar/xorgproto/2025.1/include -I/usr/local/Cellar/libx11/1.8.13/include -I/usr/local/Cellar/libxcb/1.17.0/include -I/usr/local/Cellar/libxau/1.0.12/include -I/usr/local/Cellar/libxdmcp/1.1.5/include -Werror=partial-availability -fomit-frame-pointer -fPIC -c -o /var/folders/rv/fj31z1cj3j39vd6c2s012n7h0000gn/T//ffconf.JMIT29EY/test.o /var/folders/rv/fj31z1cj3j39vd6c2s012n7h0000gn/T//ffconf.JMIT29EY/test.m
check_lib coreservices CoreServices/CoreServices.h UTGetOSTypeFromString -framework CoreServices
check_func_headers CoreServices/CoreServices.h UTGetOSTypeFromString -framework CoreServices
test_ld cc -framework CoreServices
test_cc -framework CoreServices
BEGIN /var/folders/rv/fj31z1cj3j39vd6c2s012n7h0000gn/T//ffconf.JMIT29EY/test.c
    1	#include <CoreServices/CoreServices.h>
    2	#include <stdint.h>
    3	long check_UTGetOSTypeFromString(void) { return (long) UTGetOSTypeFromString; }
    4	int main(void) { int ret = 0;
    5	 ret |= ((intptr_t)check_UTGetOSTypeFromString) & 0xFFFF;
    6	return ret; }
END /var/folders/rv/fj31z1cj3j39vd6c2s012n7h0000gn/T//ffconf.JMIT29EY/test.c
gcc -D_ISOC11_SOURCE -D_FILE_OFFSET_BITS=64 -D_LARGEFILE_SOURCE -I$(SRC_PATH)/compat/dispatch_semaphore -DPIC -fPIC -arch x86_64 -mmacosx-version-min=11.0 -Wno-error=asm-operand-widths -I/Users/runner/work/ffmpeg-build/ffmpeg-build/vulkan-headers/include -std=c17 -Werror=partial-availability -fno-common -fomit-frame-pointer -fPIC -I/usr/local/Cellar/libx11/1.8.13/include -I/usr/local/Cellar/xorgproto/2025.1/include -I/usr/local/Cellar/libxcb/1.17.0/include -I/usr/local/Cellar/libxau/1.0.12/include -I/usr/local/Cellar/libxdmcp/1.1.5/include -I/usr/local/Cellar/libxext/1.3.7/include -I/usr/local/Cellar/xorgproto/2025.1/include -I/usr/local/Cellar/libx11/1.8.13/include -I/usr/local/Cellar/libxcb/1.17.0/include -I/usr/local/Cellar/libxau/1.0.12/include -I/usr/local/Cellar/libxdmcp/1.1.5/include -framework CoreServices -c -o /var/folders/rv/fj31z1cj3j39vd6c2s012n7h0000gn/T//ffconf.JMIT29EY/test.o /var/folders/rv/fj31z1cj3j39vd6c2s012n7h0000gn/T//ffconf.JMIT29EY/test.c
clang: warning: -framework CoreServices: 'linker' input unused [-Wunused-command-line-argument]
gcc -arch x86_64 -mmacosx-version-min=11.0 -Wl,-dynamic,-search_paths_first -Wl,-no_warn_duplicate_libraries -framework CoreServices -o /var/folders/rv/fj31z1cj3j39vd6c2s012n7h0000gn/T//ffconf.JMIT29EY/test /var/folders/rv/fj31z1cj3j39vd6c2s012n7h0000gn/T//ffconf.JMIT29EY/test.o
check_func_headers CoreMedia/CMFormatDescription.h kCMVideoCodecType_HEVC -framework CoreMedia
test_ld cc -framework CoreMedia
test_cc -framework CoreMedia
BEGIN /var/folders/rv/fj31z1cj3j39vd6c2s012n7h0000gn/T//ffconf.JMIT29EY/test.c
    1	#include <CoreMedia/CMFormatDescription.h>
    2	#include <stdint.h>
    3	long check_kCMVideoCodecType_HEVC(void) { return (long) kCMVideoCodecType_HEVC; }
    4	int main(void) { int ret = 0;
    5	 ret |= ((intptr_t)check_kCMVideoCodecType_HEVC) & 0xFFFF;
    6	return ret; }
END /var/folders/rv/fj31z1cj3j39vd6c2s012n7h0000gn/T//ffconf.JMIT29EY/test.c
gcc -D_ISOC11_SOURCE -D_FILE_OFFSET_BITS=64 -D_LARGEFILE_SOURCE -I$(SRC_PATH)/compat/dispatch_semaphore -DPIC -fPIC -arch x86_64 -mmacosx-version-min=11.0 -Wno-error=asm-operand-widths -I/Users/runner/work/ffmpeg-build/ffmpeg-build/vulkan-headers/include -std=c17 -Werror=partial-availability -fno-common -fomit-frame-pointer -fPIC -I/usr/local/Cellar/libx11/1.8.13/include -I/usr/local/Cellar/xorgproto/2025.1/include -I/usr/local/Cellar/libxcb/1.17.0/include -I/usr/local/Cellar/libxau/1.0.12/include -I/usr/local/Cellar/libxdmcp/1.1.5/include -I/usr/local/Cellar/libxext/1.3.7/include -I/usr/local/Cellar/xorgproto/2025.1/include -I/usr/local/Cellar/libx11/1.8.13/include -I/usr/local/Cellar/libxcb/1.17.0/include -I/usr/local/Cellar/libxau/1.0.12/include -I/usr/local/Cellar/libxdmcp/1.1.5/include -framework CoreMedia -c -o /var/folders/rv/fj31z1cj3j39vd6c2s012n7h0000gn/T//ffconf.JMIT29EY/test.o /var/folders/rv/fj31z1cj3j39vd6c2s012n7h0000gn/T//ffconf.JMIT29EY/test.c
clang: warning: -framework CoreMedia: 'linker' input unused [-Wunused-command-line-argument]
gcc -arch x86_64 -mmacosx-version-min=11.0 -Wl,-dynamic,-search_paths_first -Wl,-no_warn_duplicate_libraries -framework CoreMedia -o /var/folders/rv/fj31z1cj3j39vd6c2s012n7h0000gn/T//ffconf.JMIT29EY/test /var/folders/rv/fj31z1cj3j39vd6c2s012n7h0000gn/T//ffconf.JMIT29EY/test.o
check_func_headers CoreMedia/CMFormatDescription.h kCMVideoCodecType_HEVCWithAlpha -framework CoreMedia
test_ld cc -framework CoreMedia
test_cc -framework CoreMedia
BEGIN /var/folders/rv/fj31z1cj3j39vd6c2s012n7h0000gn/T//ffconf.JMIT29EY/test.c
    1	#include <CoreMedia/CMFormatDescription.h>
    2	#include <stdint.h>
    3	long check_kCMVideoCodecType_HEVCWithAlpha(void) { return (long) kCMVideoCodecType_HEVCWithAlpha; }
    4	int main(void) { int ret = 0;
    5	 ret |= ((intptr_t)check_kCMVideoCodecType_HEVCWithAlpha) & 0xFFFF;
    6	return ret; }
END /var/folders/rv/fj31z1cj3j39vd6c2s012n7h0000gn/T//ffconf.JMIT29EY/test.c
gcc -D_ISOC11_SOURCE -D_FILE_OFFSET_BITS=64 -D_LARGEFILE_SOURCE -I$(SRC_PATH)/compat/dispatch_semaphore -DPIC -fPIC -arch x86_64 -mmacosx-version-min=11.0 -Wno-error=asm-operand-widths -I/Users/runner/work/ffmpeg-build/ffmpeg-build/vulkan-headers/include -std=c17 -Werror=partial-availability -fno-common -fomit-frame-pointer -fPIC -I/usr/local/Cellar/libx11/1.8.13/include -I/usr/local/Cellar/xorgproto/2025.1/include -I/usr/local/Cellar/libxcb/1.17.0/include -I/usr/local/Cellar/libxau/1.0.12/include -I/usr/local/Cellar/libxdmcp/1.1.5/include -I/usr/local/Cellar/libxext/1.3.7/include -I/usr/local/Cellar/xorgproto/2025.1/include -I/usr/local/Cellar/libx11/1.8.13/include -I/usr/local/Cellar/libxcb/1.17.0/include -I/usr/local/Cellar/libxau/1.0.12/include -I/usr/local/Cellar/libxdmcp/1.1.5/include -framework CoreMedia -c -o /var/folders/rv/fj31z1cj3j39vd6c2s012n7h0000gn/T//ffconf.JMIT29EY/test.o /var/folders/rv/fj31z1cj3j39vd6c2s012n7h0000gn/T//ffconf.JMIT29EY/test.c
clang: warning: -framework CoreMedia: 'linker' input unused [-Wunused-command-line-argument]
gcc -arch x86_64 -mmacosx-version-min=11.0 -Wl,-dynamic,-search_paths_first -Wl,-no_warn_duplicate_libraries -framework CoreMedia -o /var/folders/rv/fj31z1cj3j39vd6c2s012n7h0000gn/T//ffconf.JMIT29EY/test /var/folders/rv/fj31z1cj3j39vd6c2s012n7h0000gn/T//ffconf.JMIT29EY/test.o
check_func_headers CoreMedia/CMFormatDescription.h kCMVideoCodecType_VP9 -framework CoreMedia
test_ld cc -framework CoreMedia
test_cc -framework CoreMedia
BEGIN /var/folders/rv/fj31z1cj3j39vd6c2s012n7h0000gn/T//ffconf.JMIT29EY/test.c
    1	#include <CoreMedia/CMFormatDescription.h>
    2	#include <stdint.h>
    3	long check_kCMVideoCodecType_VP9(void) { return (long) kCMVideoCodecType_VP9; }
    4	int main(void) { int ret = 0;
    5	 ret |= ((intptr_t)check_kCMVideoCodecType_VP9) & 0xFFFF;
    6	return ret; }
END /var/folders/rv/fj31z1cj3j39vd6c2s012n7h0000gn/T//ffconf.JMIT29EY/test.c
gcc -D_ISOC11_SOURCE -D_FILE_OFFSET_BITS=64 -D_LARGEFILE_SOURCE -I$(SRC_PATH)/compat/dispatch_semaphore -DPIC -fPIC -arch x86_64 -mmacosx-version-min=11.0 -Wno-error=asm-operand-widths -I/Users/runner/work/ffmpeg-build/ffmpeg-build/vulkan-headers/include -std=c17 -Werror=partial-availability -fno-common -fomit-frame-pointer -fPIC -I/usr/local/Cellar/libx11/1.8.13/include -I/usr/local/Cellar/xorgproto/2025.1/include -I/usr/local/Cellar/libxcb/1.17.0/include -I/usr/local/Cellar/libxau/1.0.12/include -I/usr/local/Cellar/libxdmcp/1.1.5/include -I/usr/local/Cellar/libxext/1.3.7/include -I/usr/local/Cellar/xorgproto/2025.1/include -I/usr/local/Cellar/libx11/1.8.13/include -I/usr/local/Cellar/libxcb/1.17.0/include -I/usr/local/Cellar/libxau/1.0.12/include -I/usr/local/Cellar/libxdmcp/1.1.5/include -framework CoreMedia -c -o /var/folders/rv/fj31z1cj3j39vd6c2s012n7h0000gn/T//ffconf.JMIT29EY/test.o /var/folders/rv/fj31z1cj3j39vd6c2s012n7h0000gn/T//ffconf.JMIT29EY/test.c
clang: warning: -framework CoreMedia: 'linker' input unused [-Wunused-command-line-argument]
gcc -arch x86_64 -mmacosx-version-min=11.0 -Wl,-dynamic,-search_paths_first -Wl,-no_warn_duplicate_libraries -framework CoreMedia -o /var/folders/rv/fj31z1cj3j39vd6c2s012n7h0000gn/T//ffconf.JMIT29EY/test /var/folders/rv/fj31z1cj3j39vd6c2s012n7h0000gn/T//ffconf.JMIT29EY/test.o
check_func_headers CoreMedia/CMFormatDescription.h kCMVideoCodecType_AV1 -framework CoreMedia
test_ld cc -framework CoreMedia
test_cc -framework CoreMedia
BEGIN /var/folders/rv/fj31z1cj3j39vd6c2s012n7h0000gn/T//ffconf.JMIT29EY/test.c
    1	#include <CoreMedia/CMFormatDescription.h>
    2	#include <stdint.h>
    3	long check_kCMVideoCodecType_AV1(void) { return (long) kCMVideoCodecType_AV1; }
    4	int main(void) { int ret = 0;
    5	 ret |= ((intptr_t)check_kCMVideoCodecType_AV1) & 0xFFFF;
    6	return ret; }
END /var/folders/rv/fj31z1cj3j39vd6c2s012n7h0000gn/T//ffconf.JMIT29EY/test.c
gcc -D_ISOC11_SOURCE -D_FILE_OFFSET_BITS=64 -D_LARGEFILE_SOURCE -I$(SRC_PATH)/compat/dispatch_semaphore -DPIC -fPIC -arch x86_64 -mmacosx-version-min=11.0 -Wno-error=asm-operand-widths -I/Users/runner/work/ffmpeg-build/ffmpeg-build/vulkan-headers/include -std=c17 -Werror=partial-availability -fno-common -fomit-frame-pointer -fPIC -I/usr/local/Cellar/libx11/1.8.13/include -I/usr/local/Cellar/xorgproto/2025.1/include -I/usr/local/Cellar/libxcb/1.17.0/include -I/usr/local/Cellar/libxau/1.0.12/include -I/usr/local/Cellar/libxdmcp/1.1.5/include -I/usr/local/Cellar/libxext/1.3.7/include -I/usr/local/Cellar/xorgproto/2025.1/include -I/usr/local/Cellar/libx11/1.8.13/include -I/usr/local/Cellar/libxcb/1.17.0/include -I/usr/local/Cellar/libxau/1.0.12/include -I/usr/local/Cellar/libxdmcp/1.1.5/include -framework CoreMedia -c -o /var/folders/rv/fj31z1cj3j39vd6c2s012n7h0000gn/T//ffconf.JMIT29EY/test.o /var/folders/rv/fj31z1cj3j39vd6c2s012n7h0000gn/T//ffconf.JMIT29EY/test.c
clang: warning: -framework CoreMedia: 'linker' input unused [-Wunused-command-line-argument]
gcc -arch x86_64 -mmacosx-version-min=11.0 -Wl,-dynamic,-search_paths_first -Wl,-no_warn_duplicate_libraries -framework CoreMedia -o /var/folders/rv/fj31z1cj3j39vd6c2s012n7h0000gn/T//ffconf.JMIT29EY/test /var/folders/rv/fj31z1cj3j39vd6c2s012n7h0000gn/T//ffconf.JMIT29EY/test.o
check_func_headers CoreVideo/CVPixelBuffer.h kCVPixelFormatType_420YpCbCr10BiPlanarVideoRange -framework CoreVideo
test_ld cc -framework CoreVideo
test_cc -framework CoreVideo
BEGIN /var/folders/rv/fj31z1cj3j39vd6c2s012n7h0000gn/T//ffconf.JMIT29EY/test.c
    1	#include <CoreVideo/CVPixelBuffer.h>
    2	#include <stdint.h>
    3	long check_kCVPixelFormatType_420YpCbCr10BiPlanarVideoRange(void) { return (long) kCVPixelFormatType_420YpCbCr10BiPlanarVideoRange; }
    4	int main(void) { int ret = 0;
    5	 ret |= ((intptr_t)check_kCVPixelFormatType_420YpCbCr10BiPlanarVideoRange) & 0xFFFF;
    6	return ret; }
END /var/folders/rv/fj31z1cj3j39vd6c2s012n7h0000gn/T//ffconf.JMIT29EY/test.c
gcc -D_ISOC11_SOURCE -D_FILE_OFFSET_BITS=64 -D_LARGEFILE_SOURCE -I$(SRC_PATH)/compat/dispatch_semaphore -DPIC -fPIC -arch x86_64 -mmacosx-version-min=11.0 -Wno-error=asm-operand-widths -I/Users/runner/work/ffmpeg-build/ffmpeg-build/vulkan-headers/include -std=c17 -Werror=partial-availability -fno-common -fomit-frame-pointer -fPIC -I/usr/local/Cellar/libx11/1.8.13/include -I/usr/local/Cellar/xorgproto/2025.1/include -I/usr/local/Cellar/libxcb/1.17.0/include -I/usr/local/Cellar/libxau/1.0.12/include -I/usr/local/Cellar/libxdmcp/1.1.5/include -I/usr/local/Cellar/libxext/1.3.7/include -I/usr/local/Cellar/xorgproto/2025.1/include -I/usr/local/Cellar/libx11/1.8.13/include -I/usr/local/Cellar/libxcb/1.17.0/include -I/usr/local/Cellar/libxau/1.0.12/include -I/usr/local/Cellar/libxdmcp/1.1.5/include -framework CoreVideo -c -o /var/folders/rv/fj31z1cj3j39vd6c2s012n7h0000gn/T//ffconf.JMIT29EY/test.o /var/folders/rv/fj31z1cj3j39vd6c2s012n7h0000gn/T//ffconf.JMIT29EY/test.c
clang: warning: -framework CoreVideo: 'linker' input unused [-Wunused-command-line-argument]
gcc -arch x86_64 -mmacosx-version-min=11.0 -Wl,-dynamic,-search_paths_first -Wl,-no_warn_duplicate_libraries -framework CoreVideo -o /var/folders/rv/fj31z1cj3j39vd6c2s012n7h0000gn/T//ffconf.JMIT29EY/test /var/folders/rv/fj31z1cj3j39vd6c2s012n7h0000gn/T//ffconf.JMIT29EY/test.o
check_func_headers CoreVideo/CVPixelBuffer.h kCVPixelFormatType_422YpCbCr8BiPlanarVideoRange -framework CoreVideo
test_ld cc -framework CoreVideo
test_cc -framework CoreVideo
BEGIN /var/folders/rv/fj31z1cj3j39vd6c2s012n7h0000gn/T//ffconf.JMIT29EY/test.c
    1	#include <CoreVideo/CVPixelBuffer.h>
    2	#include <stdint.h>
    3	long check_kCVPixelFormatType_422YpCbCr8BiPlanarVideoRange(void) { return (long) kCVPixelFormatType_422YpCbCr8BiPlanarVideoRange; }
    4	int main(void) { int ret = 0;
    5	 ret |= ((intptr_t)check_kCVPixelFormatType_422YpCbCr8BiPlanarVideoRange) & 0xFFFF;
    6	return ret; }
END /var/folders/rv/fj31z1cj3j39vd6c2s012n7h0000gn/T//ffconf.JMIT29EY/test.c
gcc -D_ISOC11_SOURCE -D_FILE_OFFSET_BITS=64 -D_LARGEFILE_SOURCE -I$(SRC_PATH)/compat/dispatch_semaphore -DPIC -fPIC -arch x86_64 -mmacosx-version-min=11.0 -Wno-error=asm-operand-widths -I/Users/runner/work/ffmpeg-build/ffmpeg-build/vulkan-headers/include -std=c17 -Werror=partial-availability -fno-common -fomit-frame-pointer -fPIC -I/usr/local/Cellar/libx11/1.8.13/include -I/usr/local/Cellar/xorgproto/2025.1/include -I/usr/local/Cellar/libxcb/1.17.0/include -I/usr/local/Cellar/libxau/1.0.12/include -I/usr/local/Cellar/libxdmcp/1.1.5/include -I/usr/local/Cellar/libxext/1.3.7/include -I/usr/local/Cellar/xorgproto/2025.1/include -I/usr/local/Cellar/libx11/1.8.13/include -I/usr/local/Cellar/libxcb/1.17.0/include -I/usr/local/Cellar/libxau/1.0.12/include -I/usr/local/Cellar/libxdmcp/1.1.5/include -framework CoreVideo -c -o /var/folders/rv/fj31z1cj3j39vd6c2s012n7h0000gn/T//ffconf.JMIT29EY/test.o /var/folders/rv/fj31z1cj3j39vd6c2s012n7h0000gn/T//ffconf.JMIT29EY/test.c
clang: warning: -framework CoreVideo: 'linker' input unused [-Wunused-command-line-argument]
gcc -arch x86_64 -mmacosx-version-min=11.0 -Wl,-dynamic,-search_paths_first -Wl,-no_warn_duplicate_libraries -framework CoreVideo -o /var/folders/rv/fj31z1cj3j39vd6c2s012n7h0000gn/T//ffconf.JMIT29EY/test /var/folders/rv/fj31z1cj3j39vd6c2s012n7h0000gn/T//ffconf.JMIT29EY/test.o
check_func_headers CoreVideo/CVPixelBuffer.h kCVPixelFormatType_422YpCbCr10BiPlanarVideoRange -framework CoreVideo
test_ld cc -framework CoreVideo
test_cc -framework CoreVideo
BEGIN /var/folders/rv/fj31z1cj3j39vd6c2s012n7h0000gn/T//ffconf.JMIT29EY/test.c
    1	#include <CoreVideo/CVPixelBuffer.h>
    2	#include <stdint.h>
    3	long check_kCVPixelFormatType_422YpCbCr10BiPlanarVideoRange(void) { return (long) kCVPixelFormatType_422YpCbCr10BiPlanarVideoRange; }
    4	int main(void) { int ret = 0;
    5	 ret |= ((intptr_t)check_kCVPixelFormatType_422YpCbCr10BiPlanarVideoRange) & 0xFFFF;
    6	return ret; }
END /var/folders/rv/fj31z1cj3j39vd6c2s012n7h0000gn/T//ffconf.JMIT29EY/test.c
gcc -D_ISOC11_SOURCE -D_FILE_OFFSET_BITS=64 -D_LARGEFILE_SOURCE -I$(SRC_PATH)/compat/dispatch_semaphore -DPIC -fPIC -arch x86_64 -mmacosx-version-min=11.0 -Wno-error=asm-operand-widths -I/Users/runner/work/ffmpeg-build/ffmpeg-build/vulkan-headers/include -std=c17 -Werror=partial-availability -fno-common -fomit-frame-pointer -fPIC -I/usr/local/Cellar/libx11/1.8.13/include -I/usr/local/Cellar/xorgproto/2025.1/include -I/usr/local/Cellar/libxcb/1.17.0/include -I/usr/local/Cellar/libxau/1.0.12/include -I/usr/local/Cellar/libxdmcp/1.1.5/include -I/usr/local/Cellar/libxext/1.3.7/include -I/usr/local/Cellar/xorgproto/2025.1/include -I/usr/local/Cellar/libx11/1.8.13/include -I/usr/local/Cellar/libxcb/1.17.0/include -I/usr/local/Cellar/libxau/1.0.12/include -I/usr/local/Cellar/libxdmcp/1.1.5/include -framework CoreVideo -c -o /var/folders/rv/fj31z1cj3j39vd6c2s012n7h0000gn/T//ffconf.JMIT29EY/test.o /var/folders/rv/fj31z1cj3j39vd6c2s012n7h0000gn/T//ffconf.JMIT29EY/test.c
clang: warning: -framework CoreVideo: 'linker' input unused [-Wunused-command-line-argument]
gcc -arch x86_64 -mmacosx-version-min=11.0 -Wl,-dynamic,-search_paths_first -Wl,-no_warn_duplicate_libraries -framework CoreVideo -o /var/folders/rv/fj31z1cj3j39vd6c2s012n7h0000gn/T//ffconf.JMIT29EY/test /var/folders/rv/fj31z1cj3j39vd6c2s012n7h0000gn/T//ffconf.JMIT29EY/test.o
check_func_headers CoreVideo/CVPixelBuffer.h kCVPixelFormatType_422YpCbCr16BiPlanarVideoRange -framework CoreVideo
test_ld cc -framework CoreVideo
test_cc -framework CoreVideo
BEGIN /var/folders/rv/fj31z1cj3j39vd6c2s012n7h0000gn/T//ffconf.JMIT29EY/test.c
    1	#include <CoreVideo/CVPixelBuffer.h>
    2	#include <stdint.h>
    3	long check_kCVPixelFormatType_422YpCbCr16BiPlanarVideoRange(void) { return (long) kCVPixelFormatType_422YpCbCr16BiPlanarVideoRange; }
    4	int main(void) { int ret = 0;
    5	 ret |= ((intptr_t)check_kCVPixelFormatType_422YpCbCr16BiPlanarVideoRange) & 0xFFFF;
    6	return ret; }
END /var/folders/rv/fj31z1cj3j39vd6c2s012n7h0000gn/T//ffconf.JMIT29EY/test.c
gcc -D_ISOC11_SOURCE -D_FILE_OFFSET_BITS=64 -D_LARGEFILE_SOURCE -I$(SRC_PATH)/compat/dispatch_semaphore -DPIC -fPIC -arch x86_64 -mmacosx-version-min=11.0 -Wno-error=asm-operand-widths -I/Users/runner/work/ffmpeg-build/ffmpeg-build/vulkan-headers/include -std=c17 -Werror=partial-availability -fno-common -fomit-frame-pointer -fPIC -I/usr/local/Cellar/libx11/1.8.13/include -I/usr/local/Cellar/xorgproto/2025.1/include -I/usr/local/Cellar/libxcb/1.17.0/include -I/usr/local/Cellar/libxau/1.0.12/include -I/usr/local/Cellar/libxdmcp/1.1.5/include -I/usr/local/Cellar/libxext/1.3.7/include -I/usr/local/Cellar/xorgproto/2025.1/include -I/usr/local/Cellar/libx11/1.8.13/include -I/usr/local/Cellar/libxcb/1.17.0/include -I/usr/local/Cellar/libxau/1.0.12/include -I/usr/local/Cellar/libxdmcp/1.1.5/include -framework CoreVideo -c -o /var/folders/rv/fj31z1cj3j39vd6c2s012n7h0000gn/T//ffconf.JMIT29EY/test.o /var/folders/rv/fj31z1cj3j39vd6c2s012n7h0000gn/T//ffconf.JMIT29EY/test.c
clang: warning: -framework CoreVideo: 'linker' input unused [-Wunused-command-line-argument]
gcc -arch x86_64 -mmacosx-version-min=11.0 -Wl,-dynamic,-search_paths_first -Wl,-no_warn_duplicate_libraries -framework CoreVideo -o /var/folders/rv/fj31z1cj3j39vd6c2s012n7h0000gn/T//ffconf.JMIT29EY/test /var/folders/rv/fj31z1cj3j39vd6c2s012n7h0000gn/T//ffconf.JMIT29EY/test.o
check_func_headers CoreVideo/CVPixelBuffer.h kCVPixelFormatType_444YpCbCr8BiPlanarVideoRange -framework CoreVideo
test_ld cc -framework CoreVideo
test_cc -framework CoreVideo
BEGIN /var/folders/rv/fj31z1cj3j39vd6c2s012n7h0000gn/T//ffconf.JMIT29EY/test.c
    1	#include <CoreVideo/CVPixelBuffer.h>
    2	#include <stdint.h>
    3	long check_kCVPixelFormatType_444YpCbCr8BiPlanarVideoRange(void) { return (long) kCVPixelFormatType_444YpCbCr8BiPlanarVideoRange; }
    4	int main(void) { int ret = 0;
    5	 ret |= ((intptr_t)check_kCVPixelFormatType_444YpCbCr8BiPlanarVideoRange) & 0xFFFF;
    6	return ret; }
END /var/folders/rv/fj31z1cj3j39vd6c2s012n7h0000gn/T//ffconf.JMIT29EY/test.c
gcc -D_ISOC11_SOURCE -D_FILE_OFFSET_BITS=64 -D_LARGEFILE_SOURCE -I$(SRC_PATH)/compat/dispatch_semaphore -DPIC -fPIC -arch x86_64 -mmacosx-version-min=11.0 -Wno-error=asm-operand-widths -I/Users/runner/work/ffmpeg-build/ffmpeg-build/vulkan-headers/include -std=c17 -Werror=partial-availability -fno-common -fomit-frame-pointer -fPIC -I/usr/local/Cellar/libx11/1.8.13/include -I/usr/local/Cellar/xorgproto/2025.1/include -I/usr/local/Cellar/libxcb/1.17.0/include -I/usr/local/Cellar/libxau/1.0.12/include -I/usr/local/Cellar/libxdmcp/1.1.5/include -I/usr/local/Cellar/libxext/1.3.7/include -I/usr/local/Cellar/xorgproto/2025.1/include -I/usr/local/Cellar/libx11/1.8.13/include -I/usr/local/Cellar/libxcb/1.17.0/include -I/usr/local/Cellar/libxau/1.0.12/include -I/usr/local/Cellar/libxdmcp/1.1.5/include -framework CoreVideo -c -o /var/folders/rv/fj31z1cj3j39vd6c2s012n7h0000gn/T//ffconf.JMIT29EY/test.o /var/folders/rv/fj31z1cj3j39vd6c2s012n7h0000gn/T//ffconf.JMIT29EY/test.c
clang: warning: -framework CoreVideo: 'linker' input unused [-Wunused-command-line-argument]
gcc -arch x86_64 -mmacosx-version-min=11.0 -Wl,-dynamic,-search_paths_first -Wl,-no_warn_duplicate_libraries -framework CoreVideo -o /var/folders/rv/fj31z1cj3j39vd6c2s012n7h0000gn/T//ffconf.JMIT29EY/test /var/folders/rv/fj31z1cj3j39vd6c2s012n7h0000gn/T//ffconf.JMIT29EY/test.o
check_func_headers CoreVideo/CVPixelBuffer.h kCVPixelFormatType_444YpCbCr10BiPlanarVideoRange -framework CoreVideo
test_ld cc -framework CoreVideo
test_cc -framework CoreVideo
BEGIN /var/folders/rv/fj31z1cj3j39vd6c2s012n7h0000gn/T//ffconf.JMIT29EY/test.c
    1	#include <CoreVideo/CVPixelBuffer.h>
    2	#include <stdint.h>
    3	long check_kCVPixelFormatType_444YpCbCr10BiPlanarVideoRange(void) { return (long) kCVPixelFormatType_444YpCbCr10BiPlanarVideoRange; }
    4	int main(void) { int ret = 0;
    5	 ret |= ((intptr_t)check_kCVPixelFormatType_444YpCbCr10BiPlanarVideoRange) & 0xFFFF;
    6	return ret; }
END /var/folders/rv/fj31z1cj3j39vd6c2s012n7h0000gn/T//ffconf.JMIT29EY/test.c
gcc -D_ISOC11_SOURCE -D_FILE_OFFSET_BITS=64 -D_LARGEFILE_SOURCE -I$(SRC_PATH)/compat/dispatch_semaphore -DPIC -fPIC -arch x86_64 -mmacosx-version-min=11.0 -Wno-error=asm-operand-widths -I/Users/runner/work/ffmpeg-build/ffmpeg-build/vulkan-headers/include -std=c17 -Werror=partial-availability -fno-common -fomit-frame-pointer -fPIC -I/usr/local/Cellar/libx11/1.8.13/include -I/usr/local/Cellar/xorgproto/2025.1/include -I/usr/local/Cellar/libxcb/1.17.0/include -I/usr/local/Cellar/libxau/1.0.12/include -I/usr/local/Cellar/libxdmcp/1.1.5/include -I/usr/local/Cellar/libxext/1.3.7/include -I/usr/local/Cellar/xorgproto/2025.1/include -I/usr/local/Cellar/libx11/1.8.13/include -I/usr/local/Cellar/libxcb/1.17.0/include -I/usr/local/Cellar/libxau/1.0.12/include -I/usr/local/Cellar/libxdmcp/1.1.5/include -framework CoreVideo -c -o /var/folders/rv/fj31z1cj3j39vd6c2s012n7h0000gn/T//ffconf.JMIT29EY/test.o /var/folders/rv/fj31z1cj3j39vd6c2s012n7h0000gn/T//ffconf.JMIT29EY/test.c
clang: warning: -framework CoreVideo: 'linker' input unused [-Wunused-command-line-argument]
gcc -arch x86_64 -mmacosx-version-min=11.0 -Wl,-dynamic,-search_paths_first -Wl,-no_warn_duplicate_libraries -framework CoreVideo -o /var/folders/rv/fj31z1cj3j39vd6c2s012n7h0000gn/T//ffconf.JMIT29EY/test /var/folders/rv/fj31z1cj3j39vd6c2s012n7h0000gn/T//ffconf.JMIT29EY/test.o
check_func_headers CoreVideo/CVPixelBuffer.h kCVPixelFormatType_444YpCbCr16BiPlanarVideoRange -framework CoreVideo
test_ld cc -framework CoreVideo
test_cc -framework CoreVideo
BEGIN /var/folders/rv/fj31z1cj3j39vd6c2s012n7h0000gn/T//ffconf.JMIT29EY/test.c
    1	#include <CoreVideo/CVPixelBuffer.h>
    2	#include <stdint.h>
    3	long check_kCVPixelFormatType_444YpCbCr16BiPlanarVideoRange(void) { return (long) kCVPixelFormatType_444YpCbCr16BiPlanarVideoRange; }
    4	int main(void) { int ret = 0;
    5	 ret |= ((intptr_t)check_kCVPixelFormatType_444YpCbCr16BiPlanarVideoRange) & 0xFFFF;
    6	return ret; }
END /var/folders/rv/fj31z1cj3j39vd6c2s012n7h0000gn/T//ffconf.JMIT29EY/test.c
gcc -D_ISOC11_SOURCE -D_FILE_OFFSET_BITS=64 -D_LARGEFILE_SOURCE -I$(SRC_PATH)/compat/dispatch_semaphore -DPIC -fPIC -arch x86_64 -mmacosx-version-min=11.0 -Wno-error=asm-operand-widths -I/Users/runner/work/ffmpeg-build/ffmpeg-build/vulkan-headers/include -std=c17 -Werror=partial-availability -fno-common -fomit-frame-pointer -fPIC -I/usr/local/Cellar/libx11/1.8.13/include -I/usr/local/Cellar/xorgproto/2025.1/include -I/usr/local/Cellar/libxcb/1.17.0/include -I/usr/local/Cellar/libxau/1.0.12/include -I/usr/local/Cellar/libxdmcp/1.1.5/include -I/usr/local/Cellar/libxext/1.3.7/include -I/usr/local/Cellar/xorgproto/2025.1/include -I/usr/local/Cellar/libx11/1.8.13/include -I/usr/local/Cellar/libxcb/1.17.0/include -I/usr/local/Cellar/libxau/1.0.12/include -I/usr/local/Cellar/libxdmcp/1.1.5/include -framework CoreVideo -c -o /var/folders/rv/fj31z1cj3j39vd6c2s012n7h0000gn/T//ffconf.JMIT29EY/test.o /var/folders/rv/fj31z1cj3j39vd6c2s012n7h0000gn/T//ffconf.JMIT29EY/test.c
clang: warning: -framework CoreVideo: 'linker' input unused [-Wunused-command-line-argument]
gcc -arch x86_64 -mmacosx-version-min=11.0 -Wl,-dynamic,-search_paths_first -Wl,-no_warn_duplicate_libraries -framework CoreVideo -o /var/folders/rv/fj31z1cj3j39vd6c2s012n7h0000gn/T//ffconf.JMIT29EY/test /var/folders/rv/fj31z1cj3j39vd6c2s012n7h0000gn/T//ffconf.JMIT29EY/test.o
check_func_headers CoreVideo/CVImageBuffer.h kCVImageBufferTransferFunction_SMPTE_ST_2084_PQ -framework CoreVideo
test_ld cc -framework CoreVideo
test_cc -framework CoreVideo
BEGIN /var/folders/rv/fj31z1cj3j39vd6c2s012n7h0000gn/T//ffconf.JMIT29EY/test.c
    1	#include <CoreVideo/CVImageBuffer.h>
    2	#include <stdint.h>
    3	long check_kCVImageBufferTransferFunction_SMPTE_ST_2084_PQ(void) { return (long) kCVImageBufferTransferFunction_SMPTE_ST_2084_PQ; }
    4	int main(void) { int ret = 0;
    5	 ret |= ((intptr_t)check_kCVImageBufferTransferFunction_SMPTE_ST_2084_PQ) & 0xFFFF;
    6	return ret; }
END /var/folders/rv/fj31z1cj3j39vd6c2s012n7h0000gn/T//ffconf.JMIT29EY/test.c
gcc -D_ISOC11_SOURCE -D_FILE_OFFSET_BITS=64 -D_LARGEFILE_SOURCE -I$(SRC_PATH)/compat/dispatch_semaphore -DPIC -fPIC -arch x86_64 -mmacosx-version-min=11.0 -Wno-error=asm-operand-widths -I/Users/runner/work/ffmpeg-build/ffmpeg-build/vulkan-headers/include -std=c17 -Werror=partial-availability -fno-common -fomit-frame-pointer -fPIC -I/usr/local/Cellar/libx11/1.8.13/include -I/usr/local/Cellar/xorgproto/2025.1/include -I/usr/local/Cellar/libxcb/1.17.0/include -I/usr/local/Cellar/libxau/1.0.12/include -I/usr/local/Cellar/libxdmcp/1.1.5/include -I/usr/local/Cellar/libxext/1.3.7/include -I/usr/local/Cellar/xorgproto/2025.1/include -I/usr/local/Cellar/libx11/1.8.13/include -I/usr/local/Cellar/libxcb/1.17.0/include -I/usr/local/Cellar/libxau/1.0.12/include -I/usr/local/Cellar/libxdmcp/1.1.5/include -framework CoreVideo -c -o /var/folders/rv/fj31z1cj3j39vd6c2s012n7h0000gn/T//ffconf.JMIT29EY/test.o /var/folders/rv/fj31z1cj3j39vd6c2s012n7h0000gn/T//ffconf.JMIT29EY/test.c
clang: warning: -framework CoreVideo: 'linker' input unused [-Wunused-command-line-argument]
gcc -arch x86_64 -mmacosx-version-min=11.0 -Wl,-dynamic,-search_paths_first -Wl,-no_warn_duplicate_libraries -framework CoreVideo -o /var/folders/rv/fj31z1cj3j39vd6c2s012n7h0000gn/T//ffconf.JMIT29EY/test /var/folders/rv/fj31z1cj3j39vd6c2s012n7h0000gn/T//ffconf.JMIT29EY/test.o
check_func_headers CoreVideo/CVImageBuffer.h kCVImageBufferTransferFunction_ITU_R_2100_HLG -framework CoreVideo
test_ld cc -framework CoreVideo
test_cc -framework CoreVideo
BEGIN /var/folders/rv/fj31z1cj3j39vd6c2s012n7h0000gn/T//ffconf.JMIT29EY/test.c
    1	#include <CoreVideo/CVImageBuffer.h>
    2	#include <stdint.h>
    3	long check_kCVImageBufferTransferFunction_ITU_R_2100_HLG(void) { return (long) kCVImageBufferTransferFunction_ITU_R_2100_HLG; }
    4	int main(void) { int ret = 0;
    5	 ret |= ((intptr_t)check_kCVImageBufferTransferFunction_ITU_R_2100_HLG) & 0xFFFF;
    6	return ret; }
END /var/folders/rv/fj31z1cj3j39vd6c2s012n7h0000gn/T//ffconf.JMIT29EY/test.c
gcc -D_ISOC11_SOURCE -D_FILE_OFFSET_BITS=64 -D_LARGEFILE_SOURCE -I$(SRC_PATH)/compat/dispatch_semaphore -DPIC -fPIC -arch x86_64 -mmacosx-version-min=11.0 -Wno-error=asm-operand-widths -I/Users/runner/work/ffmpeg-build/ffmpeg-build/vulkan-headers/include -std=c17 -Werror=partial-availability -fno-common -fomit-frame-pointer -fPIC -I/usr/local/Cellar/libx11/1.8.13/include -I/usr/local/Cellar/xorgproto/2025.1/include -I/usr/local/Cellar/libxcb/1.17.0/include -I/usr/local/Cellar/libxau/1.0.12/include -I/usr/local/Cellar/libxdmcp/1.1.5/include -I/usr/local/Cellar/libxext/1.3.7/include -I/usr/local/Cellar/xorgproto/2025.1/include -I/usr/local/Cellar/libx11/1.8.13/include -I/usr/local/Cellar/libxcb/1.17.0/include -I/usr/local/Cellar/libxau/1.0.12/include -I/usr/local/Cellar/libxdmcp/1.1.5/include -framework CoreVideo -c -o /var/folders/rv/fj31z1cj3j39vd6c2s012n7h0000gn/T//ffconf.JMIT29EY/test.o /var/folders/rv/fj31z1cj3j39vd6c2s012n7h0000gn/T//ffconf.JMIT29EY/test.c
clang: warning: -framework CoreVideo: 'linker' input unused [-Wunused-command-line-argument]
gcc -arch x86_64 -mmacosx-version-min=11.0 -Wl,-dynamic,-search_paths_first -Wl,-no_warn_duplicate_libraries -framework CoreVideo -o /var/folders/rv/fj31z1cj3j39vd6c2s012n7h0000gn/T//ffconf.JMIT29EY/test /var/folders/rv/fj31z1cj3j39vd6c2s012n7h0000gn/T//ffconf.JMIT29EY/test.o
check_func_headers CoreVideo/CVImageBuffer.h kCVImageBufferTransferFunction_Linear -framework CoreVideo
test_ld cc -framework CoreVideo
test_cc -framework CoreVideo
BEGIN /var/folders/rv/fj31z1cj3j39vd6c2s012n7h0000gn/T//ffconf.JMIT29EY/test.c
    1	#include <CoreVideo/CVImageBuffer.h>
    2	#include <stdint.h>
    3	long check_kCVImageBufferTransferFunction_Linear(void) { return (long) kCVImageBufferTransferFunction_Linear; }
    4	int main(void) { int ret = 0;
    5	 ret |= ((intptr_t)check_kCVImageBufferTransferFunction_Linear) & 0xFFFF;
    6	return ret; }
END /var/folders/rv/fj31z1cj3j39vd6c2s012n7h0000gn/T//ffconf.JMIT29EY/test.c
gcc -D_ISOC11_SOURCE -D_FILE_OFFSET_BITS=64 -D_LARGEFILE_SOURCE -I$(SRC_PATH)/compat/dispatch_semaphore -DPIC -fPIC -arch x86_64 -mmacosx-version-min=11.0 -Wno-error=asm-operand-widths -I/Users/runner/work/ffmpeg-build/ffmpeg-build/vulkan-headers/include -std=c17 -Werror=partial-availability -fno-common -fomit-frame-pointer -fPIC -I/usr/local/Cellar/libx11/1.8.13/include -I/usr/local/Cellar/xorgproto/2025.1/include -I/usr/local/Cellar/libxcb/1.17.0/include -I/usr/local/Cellar/libxau/1.0.12/include -I/usr/local/Cellar/libxdmcp/1.1.5/include -I/usr/local/Cellar/libxext/1.3.7/include -I/usr/local/Cellar/xorgproto/2025.1/include -I/usr/local/Cellar/libx11/1.8.13/include -I/usr/local/Cellar/libxcb/1.17.0/include -I/usr/local/Cellar/libxau/1.0.12/include -I/usr/local/Cellar/libxdmcp/1.1.5/include -framework CoreVideo -c -o /var/folders/rv/fj31z1cj3j39vd6c2s012n7h0000gn/T//ffconf.JMIT29EY/test.o /var/folders/rv/fj31z1cj3j39vd6c2s012n7h0000gn/T//ffconf.JMIT29EY/test.c
clang: warning: -framework CoreVideo: 'linker' input unused [-Wunused-command-line-argument]
gcc -arch x86_64 -mmacosx-version-min=11.0 -Wl,-dynamic,-search_paths_first -Wl,-no_warn_duplicate_libraries -framework CoreVideo -o /var/folders/rv/fj31z1cj3j39vd6c2s012n7h0000gn/T//ffconf.JMIT29EY/test /var/folders/rv/fj31z1cj3j39vd6c2s012n7h0000gn/T//ffconf.JMIT29EY/test.o
check_func_headers CoreVideo/CVImageBuffer.h kCVImageBufferYCbCrMatrix_ITU_R_2020 -framework CoreVideo
test_ld cc -framework CoreVideo
test_cc -framework CoreVideo
BEGIN /var/folders/rv/fj31z1cj3j39vd6c2s012n7h0000gn/T//ffconf.JMIT29EY/test.c
    1	#include <CoreVideo/CVImageBuffer.h>
    2	#include <stdint.h>
    3	long check_kCVImageBufferYCbCrMatrix_ITU_R_2020(void) { return (long) kCVImageBufferYCbCrMatrix_ITU_R_2020; }
    4	int main(void) { int ret = 0;
    5	 ret |= ((intptr_t)check_kCVImageBufferYCbCrMatrix_ITU_R_2020) & 0xFFFF;
    6	return ret; }
END /var/folders/rv/fj31z1cj3j39vd6c2s012n7h0000gn/T//ffconf.JMIT29EY/test.c
gcc -D_ISOC11_SOURCE -D_FILE_OFFSET_BITS=64 -D_LARGEFILE_SOURCE -I$(SRC_PATH)/compat/dispatch_semaphore -DPIC -fPIC -arch x86_64 -mmacosx-version-min=11.0 -Wno-error=asm-operand-widths -I/Users/runner/work/ffmpeg-build/ffmpeg-build/vulkan-headers/include -std=c17 -Werror=partial-availability -fno-common -fomit-frame-pointer -fPIC -I/usr/local/Cellar/libx11/1.8.13/include -I/usr/local/Cellar/xorgproto/2025.1/include -I/usr/local/Cellar/libxcb/1.17.0/include -I/usr/local/Cellar/libxau/1.0.12/include -I/usr/local/Cellar/libxdmcp/1.1.5/include -I/usr/local/Cellar/libxext/1.3.7/include -I/usr/local/Cellar/xorgproto/2025.1/include -I/usr/local/Cellar/libx11/1.8.13/include -I/usr/local/Cellar/libxcb/1.17.0/include -I/usr/local/Cellar/libxau/1.0.12/include -I/usr/local/Cellar/libxdmcp/1.1.5/include -framework CoreVideo -c -o /var/folders/rv/fj31z1cj3j39vd6c2s012n7h0000gn/T//ffconf.JMIT29EY/test.o /var/folders/rv/fj31z1cj3j39vd6c2s012n7h0000gn/T//ffconf.JMIT29EY/test.c
clang: warning: -framework CoreVideo: 'linker' input unused [-Wunused-command-line-argument]
gcc -arch x86_64 -mmacosx-version-min=11.0 -Wl,-dynamic,-search_paths_first -Wl,-no_warn_duplicate_libraries -framework CoreVideo -o /var/folders/rv/fj31z1cj3j39vd6c2s012n7h0000gn/T//ffconf.JMIT29EY/test /var/folders/rv/fj31z1cj3j39vd6c2s012n7h0000gn/T//ffconf.JMIT29EY/test.o
check_func_headers CoreVideo/CVImageBuffer.h kCVImageBufferColorPrimaries_ITU_R_2020 -framework CoreVideo
test_ld cc -framework CoreVideo
test_cc -framework CoreVideo
BEGIN /var/folders/rv/fj31z1cj3j39vd6c2s012n7h0000gn/T//ffconf.JMIT29EY/test.c
    1	#include <CoreVideo/CVImageBuffer.h>
    2	#include <stdint.h>
    3	long check_kCVImageBufferColorPrimaries_ITU_R_2020(void) { return (long) kCVImageBufferColorPrimaries_ITU_R_2020; }
    4	int main(void) { int ret = 0;
    5	 ret |= ((intptr_t)check_kCVImageBufferColorPrimaries_ITU_R_2020) & 0xFFFF;
    6	return ret; }
END /var/folders/rv/fj31z1cj3j39vd6c2s012n7h0000gn/T//ffconf.JMIT29EY/test.c
gcc -D_ISOC11_SOURCE -D_FILE_OFFSET_BITS=64 -D_LARGEFILE_SOURCE -I$(SRC_PATH)/compat/dispatch_semaphore -DPIC -fPIC -arch x86_64 -mmacosx-version-min=11.0 -Wno-error=asm-operand-widths -I/Users/runner/work/ffmpeg-build/ffmpeg-build/vulkan-headers/include -std=c17 -Werror=partial-availability -fno-common -fomit-frame-pointer -fPIC -I/usr/local/Cellar/libx11/1.8.13/include -I/usr/local/Cellar/xorgproto/2025.1/include -I/usr/local/Cellar/libxcb/1.17.0/include -I/usr/local/Cellar/libxau/1.0.12/include -I/usr/local/Cellar/libxdmcp/1.1.5/include -I/usr/local/Cellar/libxext/1.3.7/include -I/usr/local/Cellar/xorgproto/2025.1/include -I/usr/local/Cellar/libx11/1.8.13/include -I/usr/local/Cellar/libxcb/1.17.0/include -I/usr/local/Cellar/libxau/1.0.12/include -I/usr/local/Cellar/libxdmcp/1.1.5/include -framework CoreVideo -c -o /var/folders/rv/fj31z1cj3j39vd6c2s012n7h0000gn/T//ffconf.JMIT29EY/test.o /var/folders/rv/fj31z1cj3j39vd6c2s012n7h0000gn/T//ffconf.JMIT29EY/test.c
clang: warning: -framework CoreVideo: 'linker' input unused [-Wunused-command-line-argument]
gcc -arch x86_64 -mmacosx-version-min=11.0 -Wl,-dynamic,-search_paths_first -Wl,-no_warn_duplicate_libraries -framework CoreVideo -o /var/folders/rv/fj31z1cj3j39vd6c2s012n7h0000gn/T//ffconf.JMIT29EY/test /var/folders/rv/fj31z1cj3j39vd6c2s012n7h0000gn/T//ffconf.JMIT29EY/test.o
check_func_headers CoreVideo/CVImageBuffer.h kCVImageBufferTransferFunction_ITU_R_2020 -framework CoreVideo
test_ld cc -framework CoreVideo
test_cc -framework CoreVideo
BEGIN /var/folders/rv/fj31z1cj3j39vd6c2s012n7h0000gn/T//ffconf.JMIT29EY/test.c
    1	#include <CoreVideo/CVImageBuffer.h>
    2	#include <stdint.h>
    3	long check_kCVImageBufferTransferFunction_ITU_R_2020(void) { return (long) kCVImageBufferTransferFunction_ITU_R_2020; }
    4	int main(void) { int ret = 0;
    5	 ret |= ((intptr_t)check_kCVImageBufferTransferFunction_ITU_R_2020) & 0xFFFF;
    6	return ret; }
END /var/folders/rv/fj31z1cj3j39vd6c2s012n7h0000gn/T//ffconf.JMIT29EY/test.c
gcc -D_ISOC11_SOURCE -D_FILE_OFFSET_BITS=64 -D_LARGEFILE_SOURCE -I$(SRC_PATH)/compat/dispatch_semaphore -DPIC -fPIC -arch x86_64 -mmacosx-version-min=11.0 -Wno-error=asm-operand-widths -I/Users/runner/work/ffmpeg-build/ffmpeg-build/vulkan-headers/include -std=c17 -Werror=partial-availability -fno-common -fomit-frame-pointer -fPIC -I/usr/local/Cellar/libx11/1.8.13/include -I/usr/local/Cellar/xorgproto/2025.1/include -I/usr/local/Cellar/libxcb/1.17.0/include -I/usr/local/Cellar/libxau/1.0.12/include -I/usr/local/Cellar/libxdmcp/1.1.5/include -I/usr/local/Cellar/libxext/1.3.7/include -I/usr/local/Cellar/xorgproto/2025.1/include -I/usr/local/Cellar/libx11/1.8.13/include -I/usr/local/Cellar/libxcb/1.17.0/include -I/usr/local/Cellar/libxau/1.0.12/include -I/usr/local/Cellar/libxdmcp/1.1.5/include -framework CoreVideo -c -o /var/folders/rv/fj31z1cj3j39vd6c2s012n7h0000gn/T//ffconf.JMIT29EY/test.o /var/folders/rv/fj31z1cj3j39vd6c2s012n7h0000gn/T//ffconf.JMIT29EY/test.c
clang: warning: -framework CoreVideo: 'linker' input unused [-Wunused-command-line-argument]
gcc -arch x86_64 -mmacosx-version-min=11.0 -Wl,-dynamic,-search_paths_first -Wl,-no_warn_duplicate_libraries -framework CoreVideo -o /var/folders/rv/fj31z1cj3j39vd6c2s012n7h0000gn/T//ffconf.JMIT29EY/test /var/folders/rv/fj31z1cj3j39vd6c2s012n7h0000gn/T//ffconf.JMIT29EY/test.o
check_func_headers CoreVideo/CVImageBuffer.h kCVImageBufferTransferFunction_SMPTE_ST_428_1 -framework CoreVideo
test_ld cc -framework CoreVideo
test_cc -framework CoreVideo
BEGIN /var/folders/rv/fj31z1cj3j39vd6c2s012n7h0000gn/T//ffconf.JMIT29EY/test.c
    1	#include <CoreVideo/CVImageBuffer.h>
    2	#include <stdint.h>
    3	long check_kCVImageBufferTransferFunction_SMPTE_ST_428_1(void) { return (long) kCVImageBufferTransferFunction_SMPTE_ST_428_1; }
    4	int main(void) { int ret = 0;
    5	 ret |= ((intptr_t)check_kCVImageBufferTransferFunction_SMPTE_ST_428_1) & 0xFFFF;
    6	return ret; }
END /var/folders/rv/fj31z1cj3j39vd6c2s012n7h0000gn/T//ffconf.JMIT29EY/test.c
gcc -D_ISOC11_SOURCE -D_FILE_OFFSET_BITS=64 -D_LARGEFILE_SOURCE -I$(SRC_PATH)/compat/dispatch_semaphore -DPIC -fPIC -arch x86_64 -mmacosx-version-min=11.0 -Wno-error=asm-operand-widths -I/Users/runner/work/ffmpeg-build/ffmpeg-build/vulkan-headers/include -std=c17 -Werror=partial-availability -fno-common -fomit-frame-pointer -fPIC -I/usr/local/Cellar/libx11/1.8.13/include -I/usr/local/Cellar/xorgproto/2025.1/include -I/usr/local/Cellar/libxcb/1.17.0/include -I/usr/local/Cellar/libxau/1.0.12/include -I/usr/local/Cellar/libxdmcp/1.1.5/include -I/usr/local/Cellar/libxext/1.3.7/include -I/usr/local/Cellar/xorgproto/2025.1/include -I/usr/local/Cellar/libx11/1.8.13/include -I/usr/local/Cellar/libxcb/1.17.0/include -I/usr/local/Cellar/libxau/1.0.12/include -I/usr/local/Cellar/libxdmcp/1.1.5/include -framework CoreVideo -c -o /var/folders/rv/fj31z1cj3j39vd6c2s012n7h0000gn/T//ffconf.JMIT29EY/test.o /var/folders/rv/fj31z1cj3j39vd6c2s012n7h0000gn/T//ffconf.JMIT29EY/test.c
clang: warning: -framework CoreVideo: 'linker' input unused [-Wunused-command-line-argument]
gcc -arch x86_64 -mmacosx-version-min=11.0 -Wl,-dynamic,-search_paths_first -Wl,-no_warn_duplicate_libraries -framework CoreVideo -o /var/folders/rv/fj31z1cj3j39vd6c2s012n7h0000gn/T//ffconf.JMIT29EY/test /var/folders/rv/fj31z1cj3j39vd6c2s012n7h0000gn/T//ffconf.JMIT29EY/test.o
check_func_headers VideoToolbox/VTCompressionProperties.h kVTQPModulationLevel_Default -framework CoreVideo
test_ld cc -framework CoreVideo
test_cc -framework CoreVideo
BEGIN /var/folders/rv/fj31z1cj3j39vd6c2s012n7h0000gn/T//ffconf.JMIT29EY/test.c
    1	#include <VideoToolbox/VTCompressionProperties.h>
    2	#include <stdint.h>
    3	long check_kVTQPModulationLevel_Default(void) { return (long) kVTQPModulationLevel_Default; }
    4	int main(void) { int ret = 0;
    5	 ret |= ((intptr_t)check_kVTQPModulationLevel_Default) & 0xFFFF;
    6	return ret; }
END /var/folders/rv/fj31z1cj3j39vd6c2s012n7h0000gn/T//ffconf.JMIT29EY/test.c
gcc -D_ISOC11_SOURCE -D_FILE_OFFSET_BITS=64 -D_LARGEFILE_SOURCE -I$(SRC_PATH)/compat/dispatch_semaphore -DPIC -fPIC -arch x86_64 -mmacosx-version-min=11.0 -Wno-error=asm-operand-widths -I/Users/runner/work/ffmpeg-build/ffmpeg-build/vulkan-headers/include -std=c17 -Werror=partial-availability -fno-common -fomit-frame-pointer -fPIC -I/usr/local/Cellar/libx11/1.8.13/include -I/usr/local/Cellar/xorgproto/2025.1/include -I/usr/local/Cellar/libxcb/1.17.0/include -I/usr/local/Cellar/libxau/1.0.12/include -I/usr/local/Cellar/libxdmcp/1.1.5/include -I/usr/local/Cellar/libxext/1.3.7/include -I/usr/local/Cellar/xorgproto/2025.1/include -I/usr/local/Cellar/libx11/1.8.13/include -I/usr/local/Cellar/libxcb/1.17.0/include -I/usr/local/Cellar/libxau/1.0.12/include -I/usr/local/Cellar/libxdmcp/1.1.5/include -framework CoreVideo -c -o /var/folders/rv/fj31z1cj3j39vd6c2s012n7h0000gn/T//ffconf.JMIT29EY/test.o /var/folders/rv/fj31z1cj3j39vd6c2s012n7h0000gn/T//ffconf.JMIT29EY/test.c
clang: warning: -framework CoreVideo: 'linker' input unused [-Wunused-command-line-argument]
/var/folders/rv/fj31z1cj3j39vd6c2s012n7h0000gn/T//ffconf.JMIT29EY/test.c:3:63: error: use of undeclared identifier 'kVTQPModulationLevel_Default'
long check_kVTQPModulationLevel_Default(void) { return (long) kVTQPModulationLevel_Default; }
                                                              ^
1 error generated.
xcrun -sdk macosx metal -v
Apple metal version 32023.155 (metalfe-32023.155)
Target: air64-apple-darwin23.6.0
Thread model: posix
InstalledDir: /Applications/Xcode_15.4.app/Contents/Developer/Toolchains/XcodeDefault.xctoolchain/usr/metal/macos/bin
check_struct sys/time.h sys/resource.h struct rusage ru_maxrss
test_code cc sys/time.h sys/resource.h const void *p = &((struct rusage *)0)->ru_maxrss
test_cc
BEGIN /var/folders/rv/fj31z1cj3j39vd6c2s012n7h0000gn/T//ffconf.JMIT29EY/test.c
    1	#include <sys/time.h>
    2	#include <sys/resource.h>
    3	int main(void) { const void *p = &((struct rusage *)0)->ru_maxrss; return 0; }
END /var/folders/rv/fj31z1cj3j39vd6c2s012n7h0000gn/T//ffconf.JMIT29EY/test.c
gcc -D_ISOC11_SOURCE -D_FILE_OFFSET_BITS=64 -D_LARGEFILE_SOURCE -I$(SRC_PATH)/compat/dispatch_semaphore -DPIC -fPIC -arch x86_64 -mmacosx-version-min=11.0 -Wno-error=asm-operand-widths -I/Users/runner/work/ffmpeg-build/ffmpeg-build/vulkan-headers/include -std=c17 -Werror=partial-availability -fno-common -fomit-frame-pointer -fPIC -I/usr/local/Cellar/libx11/1.8.13/include -I/usr/local/Cellar/xorgproto/2025.1/include -I/usr/local/Cellar/libxcb/1.17.0/include -I/usr/local/Cellar/libxau/1.0.12/include -I/usr/local/Cellar/libxdmcp/1.1.5/include -I/usr/local/Cellar/libxext/1.3.7/include -I/usr/local/Cellar/xorgproto/2025.1/include -I/usr/local/Cellar/libx11/1.8.13/include -I/usr/local/Cellar/libxcb/1.17.0/include -I/usr/local/Cellar/libxau/1.0.12/include -I/usr/local/Cellar/libxdmcp/1.1.5/include -c -o /var/folders/rv/fj31z1cj3j39vd6c2s012n7h0000gn/T//ffconf.JMIT29EY/test.o /var/folders/rv/fj31z1cj3j39vd6c2s012n7h0000gn/T//ffconf.JMIT29EY/test.c
check_type windows.h dxva.h DXVA_PicParams_AV1 -DWINAPI_FAMILY=WINAPI_FAMILY_DESKTOP_APP -D_CRT_BUILD_DESKTOP_APP=0
test_code cc windows.h dxva.h DXVA_PicParams_AV1 v -DWINAPI_FAMILY=WINAPI_FAMILY_DESKTOP_APP -D_CRT_BUILD_DESKTOP_APP=0
test_cc -DWINAPI_FAMILY=WINAPI_FAMILY_DESKTOP_APP -D_CRT_BUILD_DESKTOP_APP=0
BEGIN /var/folders/rv/fj31z1cj3j39vd6c2s012n7h0000gn/T//ffconf.JMIT29EY/test.c
    1	#include <windows.h>
    2	#include <dxva.h>
    3	int main(void) { DXVA_PicParams_AV1 v; return 0; }
END /var/folders/rv/fj31z1cj3j39vd6c2s012n7h0000gn/T//ffconf.JMIT29EY/test.c
gcc -D_ISOC11_SOURCE -D_FILE_OFFSET_BITS=64 -D_LARGEFILE_SOURCE -I$(SRC_PATH)/compat/dispatch_semaphore -DPIC -fPIC -arch x86_64 -mmacosx-version-min=11.0 -Wno-error=asm-operand-widths -I/Users/runner/work/ffmpeg-build/ffmpeg-build/vulkan-headers/include -std=c17 -Werror=partial-availability -fno-common -fomit-frame-pointer -fPIC -I/usr/local/Cellar/libx11/1.8.13/include -I/usr/local/Cellar/xorgproto/2025.1/include -I/usr/local/Cellar/libxcb/1.17.0/include -I/usr/local/Cellar/libxau/1.0.12/include -I/usr/local/Cellar/libxdmcp/1.1.5/include -I/usr/local/Cellar/libxext/1.3.7/include -I/usr/local/Cellar/xorgproto/2025.1/include -I/usr/local/Cellar/libx11/1.8.13/include -I/usr/local/Cellar/libxcb/1.17.0/include -I/usr/local/Cellar/libxau/1.0.12/include -I/usr/local/Cellar/libxdmcp/1.1.5/include -DWINAPI_FAMILY=WINAPI_FAMILY_DESKTOP_APP -D_CRT_BUILD_DESKTOP_APP=0 -c -o /var/folders/rv/fj31z1cj3j39vd6c2s012n7h0000gn/T//ffconf.JMIT29EY/test.o /var/folders/rv/fj31z1cj3j39vd6c2s012n7h0000gn/T//ffconf.JMIT29EY/test.c
/var/folders/rv/fj31z1cj3j39vd6c2s012n7h0000gn/T//ffconf.JMIT29EY/test.c:1:10: fatal error: 'windows.h' file not found
#include <windows.h>
         ^~~~~~~~~~~
1 error generated.
check_type windows.h dxva.h DXVA_PicParams_HEVC -DWINAPI_FAMILY=WINAPI_FAMILY_DESKTOP_APP -D_CRT_BUILD_DESKTOP_APP=0
test_code cc windows.h dxva.h DXVA_PicParams_HEVC v -DWINAPI_FAMILY=WINAPI_FAMILY_DESKTOP_APP -D_CRT_BUILD_DESKTOP_APP=0
test_cc -DWINAPI_FAMILY=WINAPI_FAMILY_DESKTOP_APP -D_CRT_BUILD_DESKTOP_APP=0
BEGIN /var/folders/rv/fj31z1cj3j39vd6c2s012n7h0000gn/T//ffconf.JMIT29EY/test.c
    1	#include <windows.h>
    2	#include <dxva.h>
    3	int main(void) { DXVA_PicParams_HEVC v; return 0; }
END /var/folders/rv/fj31z1cj3j39vd6c2s012n7h0000gn/T//ffconf.JMIT29EY/test.c
gcc -D_ISOC11_SOURCE -D_FILE_OFFSET_BITS=64 -D_LARGEFILE_SOURCE -I$(SRC_PATH)/compat/dispatch_semaphore -DPIC -fPIC -arch x86_64 -mmacosx-version-min=11.0 -Wno-error=asm-operand-widths -I/Users/runner/work/ffmpeg-build/ffmpeg-build/vulkan-headers/include -std=c17 -Werror=partial-availability -fno-common -fomit-frame-pointer -fPIC -I/usr/local/Cellar/libx11/1.8.13/include -I/usr/local/Cellar/xorgproto/2025.1/include -I/usr/local/Cellar/libxcb/1.17.0/include -I/usr/local/Cellar/libxau/1.0.12/include -I/usr/local/Cellar/libxdmcp/1.1.5/include -I/usr/local/Cellar/libxext/1.3.7/include -I/usr/local/Cellar/xorgproto/2025.1/include -I/usr/local/Cellar/libx11/1.8.13/include -I/usr/local/Cellar/libxcb/1.17.0/include -I/usr/local/Cellar/libxau/1.0.12/include -I/usr/local/Cellar/libxdmcp/1.1.5/include -DWINAPI_FAMILY=WINAPI_FAMILY_DESKTOP_APP -D_CRT_BUILD_DESKTOP_APP=0 -c -o /var/folders/rv/fj31z1cj3j39vd6c2s012n7h0000gn/T//ffconf.JMIT29EY/test.o /var/folders/rv/fj31z1cj3j39vd6c2s012n7h0000gn/T//ffconf.JMIT29EY/test.c
/var/folders/rv/fj31z1cj3j39vd6c2s012n7h0000gn/T//ffconf.JMIT29EY/test.c:1:10: fatal error: 'windows.h' file not found
#include <windows.h>
         ^~~~~~~~~~~
1 error generated.
check_type windows.h dxva.h DXVA_PicParams_VP9 -DWINAPI_FAMILY=WINAPI_FAMILY_DESKTOP_APP -D_CRT_BUILD_DESKTOP_APP=0
test_code cc windows.h dxva.h DXVA_PicParams_VP9 v -DWINAPI_FAMILY=WINAPI_FAMILY_DESKTOP_APP -D_CRT_BUILD_DESKTOP_APP=0
test_cc -DWINAPI_FAMILY=WINAPI_FAMILY_DESKTOP_APP -D_CRT_BUILD_DESKTOP_APP=0
BEGIN /var/folders/rv/fj31z1cj3j39vd6c2s012n7h0000gn/T//ffconf.JMIT29EY/test.c
    1	#include <windows.h>
    2	#include <dxva.h>
    3	int main(void) { DXVA_PicParams_VP9 v; return 0; }
END /var/folders/rv/fj31z1cj3j39vd6c2s012n7h0000gn/T//ffconf.JMIT29EY/test.c
gcc -D_ISOC11_SOURCE -D_FILE_OFFSET_BITS=64 -D_LARGEFILE_SOURCE -I$(SRC_PATH)/compat/dispatch_semaphore -DPIC -fPIC -arch x86_64 -mmacosx-version-min=11.0 -Wno-error=asm-operand-widths -I/Users/runner/work/ffmpeg-build/ffmpeg-build/vulkan-headers/include -std=c17 -Werror=partial-availability -fno-common -fomit-frame-pointer -fPIC -I/usr/local/Cellar/libx11/1.8.13/include -I/usr/local/Cellar/xorgproto/2025.1/include -I/usr/local/Cellar/libxcb/1.17.0/include -I/usr/local/Cellar/libxau/1.0.12/include -I/usr/local/Cellar/libxdmcp/1.1.5/include -I/usr/local/Cellar/libxext/1.3.7/include -I/usr/local/Cellar/xorgproto/2025.1/include -I/usr/local/Cellar/libx11/1.8.13/include -I/usr/local/Cellar/libxcb/1.17.0/include -I/usr/local/Cellar/libxau/1.0.12/include -I/usr/local/Cellar/libxdmcp/1.1.5/include -DWINAPI_FAMILY=WINAPI_FAMILY_DESKTOP_APP -D_CRT_BUILD_DESKTOP_APP=0 -c -o /var/folders/rv/fj31z1cj3j39vd6c2s012n7h0000gn/T//ffconf.JMIT29EY/test.o /var/folders/rv/fj31z1cj3j39vd6c2s012n7h0000gn/T//ffconf.JMIT29EY/test.c
/var/folders/rv/fj31z1cj3j39vd6c2s012n7h0000gn/T//ffconf.JMIT29EY/test.c:1:10: fatal error: 'windows.h' file not found
#include <windows.h>
         ^~~~~~~~~~~
1 error generated.
check_type windows.h dxgi1_2.h DXGI_OUTDUPL_FRAME_INFO
test_code cc windows.h dxgi1_2.h DXGI_OUTDUPL_FRAME_INFO v
test_cc
BEGIN /var/folders/rv/fj31z1cj3j39vd6c2s012n7h0000gn/T//ffconf.JMIT29EY/test.c
    1	#include <windows.h>
    2	#include <dxgi1_2.h>
    3	int main(void) { DXGI_OUTDUPL_FRAME_INFO v; return 0; }
END /var/folders/rv/fj31z1cj3j39vd6c2s012n7h0000gn/T//ffconf.JMIT29EY/test.c
gcc -D_ISOC11_SOURCE -D_FILE_OFFSET_BITS=64 -D_LARGEFILE_SOURCE -I$(SRC_PATH)/compat/dispatch_semaphore -DPIC -fPIC -arch x86_64 -mmacosx-version-min=11.0 -Wno-error=asm-operand-widths -I/Users/runner/work/ffmpeg-build/ffmpeg-build/vulkan-headers/include -std=c17 -Werror=partial-availability -fno-common -fomit-frame-pointer -fPIC -I/usr/local/Cellar/libx11/1.8.13/include -I/usr/local/Cellar/xorgproto/2025.1/include -I/usr/local/Cellar/libxcb/1.17.0/include -I/usr/local/Cellar/libxau/1.0.12/include -I/usr/local/Cellar/libxdmcp/1.1.5/include -I/usr/local/Cellar/libxext/1.3.7/include -I/usr/local/Cellar/xorgproto/2025.1/include -I/usr/local/Cellar/libx11/1.8.13/include -I/usr/local/Cellar/libxcb/1.17.0/include -I/usr/local/Cellar/libxau/1.0.12/include -I/usr/local/Cellar/libxdmcp/1.1.5/include -c -o /var/folders/rv/fj31z1cj3j39vd6c2s012n7h0000gn/T//ffconf.JMIT29EY/test.o /var/folders/rv/fj31z1cj3j39vd6c2s012n7h0000gn/T//ffconf.JMIT29EY/test.c
/var/folders/rv/fj31z1cj3j39vd6c2s012n7h0000gn/T//ffconf.JMIT29EY/test.c:1:10: fatal error: 'windows.h' file not found
#include <windows.h>
         ^~~~~~~~~~~
1 error generated.
check_type windows.h dxgi1_2.h IDXGIOutput1
test_code cc windows.h dxgi1_2.h IDXGIOutput1 v
test_cc
BEGIN /var/folders/rv/fj31z1cj3j39vd6c2s012n7h0000gn/T//ffconf.JMIT29EY/test.c
    1	#include <windows.h>
    2	#include <dxgi1_2.h>
    3	int main(void) { IDXGIOutput1 v; return 0; }
END /var/folders/rv/fj31z1cj3j39vd6c2s012n7h0000gn/T//ffconf.JMIT29EY/test.c
gcc -D_ISOC11_SOURCE -D_FILE_OFFSET_BITS=64 -D_LARGEFILE_SOURCE -I$(SRC_PATH)/compat/dispatch_semaphore -DPIC -fPIC -arch x86_64 -mmacosx-version-min=11.0 -Wno-error=asm-operand-widths -I/Users/runner/work/ffmpeg-build/ffmpeg-build/vulkan-headers/include -std=c17 -Werror=partial-availability -fno-common -fomit-frame-pointer -fPIC -I/usr/local/Cellar/libx11/1.8.13/include -I/usr/local/Cellar/xorgproto/2025.1/include -I/usr/local/Cellar/libxcb/1.17.0/include -I/usr/local/Cellar/libxau/1.0.12/include -I/usr/local/Cellar/libxdmcp/1.1.5/include -I/usr/local/Cellar/libxext/1.3.7/include -I/usr/local/Cellar/xorgproto/2025.1/include -I/usr/local/Cellar/libx11/1.8.13/include -I/usr/local/Cellar/libxcb/1.17.0/include -I/usr/local/Cellar/libxau/1.0.12/include -I/usr/local/Cellar/libxdmcp/1.1.5/include -c -o /var/folders/rv/fj31z1cj3j39vd6c2s012n7h0000gn/T//ffconf.JMIT29EY/test.o /var/folders/rv/fj31z1cj3j39vd6c2s012n7h0000gn/T//ffconf.JMIT29EY/test.c
/var/folders/rv/fj31z1cj3j39vd6c2s012n7h0000gn/T//ffconf.JMIT29EY/test.c:1:10: fatal error: 'windows.h' file not found
#include <windows.h>
         ^~~~~~~~~~~
1 error generated.
check_type windows.h dxgi1_5.h IDXGIOutput5
test_code cc windows.h dxgi1_5.h IDXGIOutput5 v
test_cc
BEGIN /var/folders/rv/fj31z1cj3j39vd6c2s012n7h0000gn/T//ffconf.JMIT29EY/test.c
    1	#include <windows.h>
    2	#include <dxgi1_5.h>
    3	int main(void) { IDXGIOutput5 v; return 0; }
END /var/folders/rv/fj31z1cj3j39vd6c2s012n7h0000gn/T//ffconf.JMIT29EY/test.c
gcc -D_ISOC11_SOURCE -D_FILE_OFFSET_BITS=64 -D_LARGEFILE_SOURCE -I$(SRC_PATH)/compat/dispatch_semaphore -DPIC -fPIC -arch x86_64 -mmacosx-version-min=11.0 -Wno-error=asm-operand-widths -I/Users/runner/work/ffmpeg-build/ffmpeg-build/vulkan-headers/include -std=c17 -Werror=partial-availability -fno-common -fomit-frame-pointer -fPIC -I/usr/local/Cellar/libx11/1.8.13/include -I/usr/local/Cellar/xorgproto/2025.1/include -I/usr/local/Cellar/libxcb/1.17.0/include -I/usr/local/Cellar/libxau/1.0.12/include -I/usr/local/Cellar/libxdmcp/1.1.5/include -I/usr/local/Cellar/libxext/1.3.7/include -I/usr/local/Cellar/xorgproto/2025.1/include -I/usr/local/Cellar/libx11/1.8.13/include -I/usr/local/Cellar/libxcb/1.17.0/include -I/usr/local/Cellar/libxau/1.0.12/include -I/usr/local/Cellar/libxdmcp/1.1.5/include -c -o /var/folders/rv/fj31z1cj3j39vd6c2s012n7h0000gn/T//ffconf.JMIT29EY/test.o /var/folders/rv/fj31z1cj3j39vd6c2s012n7h0000gn/T//ffconf.JMIT29EY/test.c
/var/folders/rv/fj31z1cj3j39vd6c2s012n7h0000gn/T//ffconf.JMIT29EY/test.c:1:10: fatal error: 'windows.h' file not found
#include <windows.h>
         ^~~~~~~~~~~
1 error generated.
check_type windows.h d3d11.h ID3D11VideoDecoder
test_code cc windows.h d3d11.h ID3D11VideoDecoder v
test_cc
BEGIN /var/folders/rv/fj31z1cj3j39vd6c2s012n7h0000gn/T//ffconf.JMIT29EY/test.c
    1	#include <windows.h>
    2	#include <d3d11.h>
    3	int main(void) { ID3D11VideoDecoder v; return 0; }
END /var/folders/rv/fj31z1cj3j39vd6c2s012n7h0000gn/T//ffconf.JMIT29EY/test.c
gcc -D_ISOC11_SOURCE -D_FILE_OFFSET_BITS=64 -D_LARGEFILE_SOURCE -I$(SRC_PATH)/compat/dispatch_semaphore -DPIC -fPIC -arch x86_64 -mmacosx-version-min=11.0 -Wno-error=asm-operand-widths -I/Users/runner/work/ffmpeg-build/ffmpeg-build/vulkan-headers/include -std=c17 -Werror=partial-availability -fno-common -fomit-frame-pointer -fPIC -I/usr/local/Cellar/libx11/1.8.13/include -I/usr/local/Cellar/xorgproto/2025.1/include -I/usr/local/Cellar/libxcb/1.17.0/include -I/usr/local/Cellar/libxau/1.0.12/include -I/usr/local/Cellar/libxdmcp/1.1.5/include -I/usr/local/Cellar/libxext/1.3.7/include -I/usr/local/Cellar/xorgproto/2025.1/include -I/usr/local/Cellar/libx11/1.8.13/include -I/usr/local/Cellar/libxcb/1.17.0/include -I/usr/local/Cellar/libxau/1.0.12/include -I/usr/local/Cellar/libxdmcp/1.1.5/include -c -o /var/folders/rv/fj31z1cj3j39vd6c2s012n7h0000gn/T//ffconf.JMIT29EY/test.o /var/folders/rv/fj31z1cj3j39vd6c2s012n7h0000gn/T//ffconf.JMIT29EY/test.c
/var/folders/rv/fj31z1cj3j39vd6c2s012n7h0000gn/T//ffconf.JMIT29EY/test.c:1:10: fatal error: 'windows.h' file not found
#include <windows.h>
         ^~~~~~~~~~~
1 error generated.
check_type windows.h d3d11.h ID3D11VideoContext
test_code cc windows.h d3d11.h ID3D11VideoContext v
test_cc
BEGIN /var/folders/rv/fj31z1cj3j39vd6c2s012n7h0000gn/T//ffconf.JMIT29EY/test.c
    1	#include <windows.h>
    2	#include <d3d11.h>
    3	int main(void) { ID3D11VideoContext v; return 0; }
END /var/folders/rv/fj31z1cj3j39vd6c2s012n7h0000gn/T//ffconf.JMIT29EY/test.c
gcc -D_ISOC11_SOURCE -D_FILE_OFFSET_BITS=64 -D_LARGEFILE_SOURCE -I$(SRC_PATH)/compat/dispatch_semaphore -DPIC -fPIC -arch x86_64 -mmacosx-version-min=11.0 -Wno-error=asm-operand-widths -I/Users/runner/work/ffmpeg-build/ffmpeg-build/vulkan-headers/include -std=c17 -Werror=partial-availability -fno-common -fomit-frame-pointer -fPIC -I/usr/local/Cellar/libx11/1.8.13/include -I/usr/local/Cellar/xorgproto/2025.1/include -I/usr/local/Cellar/libxcb/1.17.0/include -I/usr/local/Cellar/libxau/1.0.12/include -I/usr/local/Cellar/libxdmcp/1.1.5/include -I/usr/local/Cellar/libxext/1.3.7/include -I/usr/local/Cellar/xorgproto/2025.1/include -I/usr/local/Cellar/libx11/1.8.13/include -I/usr/local/Cellar/libxcb/1.17.0/include -I/usr/local/Cellar/libxau/1.0.12/include -I/usr/local/Cellar/libxdmcp/1.1.5/include -c -o /var/folders/rv/fj31z1cj3j39vd6c2s012n7h0000gn/T//ffconf.JMIT29EY/test.o /var/folders/rv/fj31z1cj3j39vd6c2s012n7h0000gn/T//ffconf.JMIT29EY/test.c
/var/folders/rv/fj31z1cj3j39vd6c2s012n7h0000gn/T//ffconf.JMIT29EY/test.c:1:10: fatal error: 'windows.h' file not found
#include <windows.h>
         ^~~~~~~~~~~
1 error generated.
check_type windows.h d3d12.h ID3D12Device
test_code cc windows.h d3d12.h ID3D12Device v
test_cc
BEGIN /var/folders/rv/fj31z1cj3j39vd6c2s012n7h0000gn/T//ffconf.JMIT29EY/test.c
    1	#include <windows.h>
    2	#include <d3d12.h>
    3	int main(void) { ID3D12Device v; return 0; }
END /var/folders/rv/fj31z1cj3j39vd6c2s012n7h0000gn/T//ffconf.JMIT29EY/test.c
gcc -D_ISOC11_SOURCE -D_FILE_OFFSET_BITS=64 -D_LARGEFILE_SOURCE -I$(SRC_PATH)/compat/dispatch_semaphore -DPIC -fPIC -arch x86_64 -mmacosx-version-min=11.0 -Wno-error=asm-operand-widths -I/Users/runner/work/ffmpeg-build/ffmpeg-build/vulkan-headers/include -std=c17 -Werror=partial-availability -fno-common -fomit-frame-pointer -fPIC -I/usr/local/Cellar/libx11/1.8.13/include -I/usr/local/Cellar/xorgproto/2025.1/include -I/usr/local/Cellar/libxcb/1.17.0/include -I/usr/local/Cellar/libxau/1.0.12/include -I/usr/local/Cellar/libxdmcp/1.1.5/include -I/usr/local/Cellar/libxext/1.3.7/include -I/usr/local/Cellar/xorgproto/2025.1/include -I/usr/local/Cellar/libx11/1.8.13/include -I/usr/local/Cellar/libxcb/1.17.0/include -I/usr/local/Cellar/libxau/1.0.12/include -I/usr/local/Cellar/libxdmcp/1.1.5/include -c -o /var/folders/rv/fj31z1cj3j39vd6c2s012n7h0000gn/T//ffconf.JMIT29EY/test.o /var/folders/rv/fj31z1cj3j39vd6c2s012n7h0000gn/T//ffconf.JMIT29EY/test.c
/var/folders/rv/fj31z1cj3j39vd6c2s012n7h0000gn/T//ffconf.JMIT29EY/test.c:1:10: fatal error: 'windows.h' file not found
#include <windows.h>
         ^~~~~~~~~~~
1 error generated.
check_type windows.h d3d12video.h ID3D12VideoDecoder
test_code cc windows.h d3d12video.h ID3D12VideoDecoder v
test_cc
BEGIN /var/folders/rv/fj31z1cj3j39vd6c2s012n7h0000gn/T//ffconf.JMIT29EY/test.c
    1	#include <windows.h>
    2	#include <d3d12video.h>
    3	int main(void) { ID3D12VideoDecoder v; return 0; }
END /var/folders/rv/fj31z1cj3j39vd6c2s012n7h0000gn/T//ffconf.JMIT29EY/test.c
gcc -D_ISOC11_SOURCE -D_FILE_OFFSET_BITS=64 -D_LARGEFILE_SOURCE -I$(SRC_PATH)/compat/dispatch_semaphore -DPIC -fPIC -arch x86_64 -mmacosx-version-min=11.0 -Wno-error=asm-operand-widths -I/Users/runner/work/ffmpeg-build/ffmpeg-build/vulkan-headers/include -std=c17 -Werror=partial-availability -fno-common -fomit-frame-pointer -fPIC -I/usr/local/Cellar/libx11/1.8.13/include -I/usr/local/Cellar/xorgproto/2025.1/include -I/usr/local/Cellar/libxcb/1.17.0/include -I/usr/local/Cellar/libxau/1.0.12/include -I/usr/local/Cellar/libxdmcp/1.1.5/include -I/usr/local/Cellar/libxext/1.3.7/include -I/usr/local/Cellar/xorgproto/2025.1/include -I/usr/local/Cellar/libx11/1.8.13/include -I/usr/local/Cellar/libxcb/1.17.0/include -I/usr/local/Cellar/libxau/1.0.12/include -I/usr/local/Cellar/libxdmcp/1.1.5/include -c -o /var/folders/rv/fj31z1cj3j39vd6c2s012n7h0000gn/T//ffconf.JMIT29EY/test.o /var/folders/rv/fj31z1cj3j39vd6c2s012n7h0000gn/T//ffconf.JMIT29EY/test.c
/var/folders/rv/fj31z1cj3j39vd6c2s012n7h0000gn/T//ffconf.JMIT29EY/test.c:1:10: fatal error: 'windows.h' file not found
#include <windows.h>
         ^~~~~~~~~~~
1 error generated.
check_type windows.h d3d12video.h ID3D12VideoEncoder
test_code cc windows.h d3d12video.h ID3D12VideoEncoder v
test_cc
BEGIN /var/folders/rv/fj31z1cj3j39vd6c2s012n7h0000gn/T//ffconf.JMIT29EY/test.c
    1	#include <windows.h>
    2	#include <d3d12video.h>
    3	int main(void) { ID3D12VideoEncoder v; return 0; }
END /var/folders/rv/fj31z1cj3j39vd6c2s012n7h0000gn/T//ffconf.JMIT29EY/test.c
gcc -D_ISOC11_SOURCE -D_FILE_OFFSET_BITS=64 -D_LARGEFILE_SOURCE -I$(SRC_PATH)/compat/dispatch_semaphore -DPIC -fPIC -arch x86_64 -mmacosx-version-min=11.0 -Wno-error=asm-operand-widths -I/Users/runner/work/ffmpeg-build/ffmpeg-build/vulkan-headers/include -std=c17 -Werror=partial-availability -fno-common -fomit-frame-pointer -fPIC -I/usr/local/Cellar/libx11/1.8.13/include -I/usr/local/Cellar/xorgproto/2025.1/include -I/usr/local/Cellar/libxcb/1.17.0/include -I/usr/local/Cellar/libxau/1.0.12/include -I/usr/local/Cellar/libxdmcp/1.1.5/include -I/usr/local/Cellar/libxext/1.3.7/include -I/usr/local/Cellar/xorgproto/2025.1/include -I/usr/local/Cellar/libx11/1.8.13/include -I/usr/local/Cellar/libxcb/1.17.0/include -I/usr/local/Cellar/libxau/1.0.12/include -I/usr/local/Cellar/libxdmcp/1.1.5/include -c -o /var/folders/rv/fj31z1cj3j39vd6c2s012n7h0000gn/T//ffconf.JMIT29EY/test.o /var/folders/rv/fj31z1cj3j39vd6c2s012n7h0000gn/T//ffconf.JMIT29EY/test.c
/var/folders/rv/fj31z1cj3j39vd6c2s012n7h0000gn/T//ffconf.JMIT29EY/test.c:1:10: fatal error: 'windows.h' file not found
#include <windows.h>
         ^~~~~~~~~~~
1 error generated.
check_type windows.h d3d12video.h ID3D12VideoProcessor
test_code cc windows.h d3d12video.h ID3D12VideoProcessor v
test_cc
BEGIN /var/folders/rv/fj31z1cj3j39vd6c2s012n7h0000gn/T//ffconf.JMIT29EY/test.c
    1	#include <windows.h>
    2	#include <d3d12video.h>
    3	int main(void) { ID3D12VideoProcessor v; return 0; }
END /var/folders/rv/fj31z1cj3j39vd6c2s012n7h0000gn/T//ffconf.JMIT29EY/test.c
gcc -D_ISOC11_SOURCE -D_FILE_OFFSET_BITS=64 -D_LARGEFILE_SOURCE -I$(SRC_PATH)/compat/dispatch_semaphore -DPIC -fPIC -arch x86_64 -mmacosx-version-min=11.0 -Wno-error=asm-operand-widths -I/Users/runner/work/ffmpeg-build/ffmpeg-build/vulkan-headers/include -std=c17 -Werror=partial-availability -fno-common -fomit-frame-pointer -fPIC -I/usr/local/Cellar/libx11/1.8.13/include -I/usr/local/Cellar/xorgproto/2025.1/include -I/usr/local/Cellar/libxcb/1.17.0/include -I/usr/local/Cellar/libxau/1.0.12/include -I/usr/local/Cellar/libxdmcp/1.1.5/include -I/usr/local/Cellar/libxext/1.3.7/include -I/usr/local/Cellar/xorgproto/2025.1/include -I/usr/local/Cellar/libx11/1.8.13/include -I/usr/local/Cellar/libxcb/1.17.0/include -I/usr/local/Cellar/libxau/1.0.12/include -I/usr/local/Cellar/libxdmcp/1.1.5/include -c -o /var/folders/rv/fj31z1cj3j39vd6c2s012n7h0000gn/T//ffconf.JMIT29EY/test.o /var/folders/rv/fj31z1cj3j39vd6c2s012n7h0000gn/T//ffconf.JMIT29EY/test.c
/var/folders/rv/fj31z1cj3j39vd6c2s012n7h0000gn/T//ffconf.JMIT29EY/test.c:1:10: fatal error: 'windows.h' file not found
#include <windows.h>
         ^~~~~~~~~~~
1 error generated.
check_type windows.h d3d12video.h ID3D12VideoMotionEstimator
test_code cc windows.h d3d12video.h ID3D12VideoMotionEstimator v
test_cc
BEGIN /var/folders/rv/fj31z1cj3j39vd6c2s012n7h0000gn/T//ffconf.JMIT29EY/test.c
    1	#include <windows.h>
    2	#include <d3d12video.h>
    3	int main(void) { ID3D12VideoMotionEstimator v; return 0; }
END /var/folders/rv/fj31z1cj3j39vd6c2s012n7h0000gn/T//ffconf.JMIT29EY/test.c
gcc -D_ISOC11_SOURCE -D_FILE_OFFSET_BITS=64 -D_LARGEFILE_SOURCE -I$(SRC_PATH)/compat/dispatch_semaphore -DPIC -fPIC -arch x86_64 -mmacosx-version-min=11.0 -Wno-error=asm-operand-widths -I/Users/runner/work/ffmpeg-build/ffmpeg-build/vulkan-headers/include -std=c17 -Werror=partial-availability -fno-common -fomit-frame-pointer -fPIC -I/usr/local/Cellar/libx11/1.8.13/include -I/usr/local/Cellar/xorgproto/2025.1/include -I/usr/local/Cellar/libxcb/1.17.0/include -I/usr/local/Cellar/libxau/1.0.12/include -I/usr/local/Cellar/libxdmcp/1.1.5/include -I/usr/local/Cellar/libxext/1.3.7/include -I/usr/local/Cellar/xorgproto/2025.1/include -I/usr/local/Cellar/libx11/1.8.13/include -I/usr/local/Cellar/libxcb/1.17.0/include -I/usr/local/Cellar/libxau/1.0.12/include -I/usr/local/Cellar/libxdmcp/1.1.5/include -c -o /var/folders/rv/fj31z1cj3j39vd6c2s012n7h0000gn/T//ffconf.JMIT29EY/test.o /var/folders/rv/fj31z1cj3j39vd6c2s012n7h0000gn/T//ffconf.JMIT29EY/test.c
/var/folders/rv/fj31z1cj3j39vd6c2s012n7h0000gn/T//ffconf.JMIT29EY/test.c:1:10: fatal error: 'windows.h' file not found
#include <windows.h>
         ^~~~~~~~~~~
1 error generated.
test_code cc windows.h d3d12video.h D3D12_FEATURE_VIDEO feature = D3D12_FEATURE_VIDEO_ENCODER_CODEC
test_cc
BEGIN /var/folders/rv/fj31z1cj3j39vd6c2s012n7h0000gn/T//ffconf.JMIT29EY/test.c
    1	#include <windows.h>
    2	#include <d3d12video.h>
    3	int main(void) { D3D12_FEATURE_VIDEO feature = D3D12_FEATURE_VIDEO_ENCODER_CODEC; return 0; }
END /var/folders/rv/fj31z1cj3j39vd6c2s012n7h0000gn/T//ffconf.JMIT29EY/test.c
gcc -D_ISOC11_SOURCE -D_FILE_OFFSET_BITS=64 -D_LARGEFILE_SOURCE -I$(SRC_PATH)/compat/dispatch_semaphore -DPIC -fPIC -arch x86_64 -mmacosx-version-min=11.0 -Wno-error=asm-operand-widths -I/Users/runner/work/ffmpeg-build/ffmpeg-build/vulkan-headers/include -std=c17 -Werror=partial-availability -fno-common -fomit-frame-pointer -fPIC -I/usr/local/Cellar/libx11/1.8.13/include -I/usr/local/Cellar/xorgproto/2025.1/include -I/usr/local/Cellar/libxcb/1.17.0/include -I/usr/local/Cellar/libxau/1.0.12/include -I/usr/local/Cellar/libxdmcp/1.1.5/include -I/usr/local/Cellar/libxext/1.3.7/include -I/usr/local/Cellar/xorgproto/2025.1/include -I/usr/local/Cellar/libx11/1.8.13/include -I/usr/local/Cellar/libxcb/1.17.0/include -I/usr/local/Cellar/libxau/1.0.12/include -I/usr/local/Cellar/libxdmcp/1.1.5/include -c -o /var/folders/rv/fj31z1cj3j39vd6c2s012n7h0000gn/T//ffconf.JMIT29EY/test.o /var/folders/rv/fj31z1cj3j39vd6c2s012n7h0000gn/T//ffconf.JMIT29EY/test.c
/var/folders/rv/fj31z1cj3j39vd6c2s012n7h0000gn/T//ffconf.JMIT29EY/test.c:1:10: fatal error: 'windows.h' file not found
#include <windows.h>
         ^~~~~~~~~~~
1 error generated.
test_code cc windows.h d3d12video.h D3D12_VIDEO_ENCODER_CODEC c = D3D12_VIDEO_ENCODER_CODEC_AV1; (void)c;
test_cc
BEGIN /var/folders/rv/fj31z1cj3j39vd6c2s012n7h0000gn/T//ffconf.JMIT29EY/test.c
    1	#include <windows.h>
    2	#include <d3d12video.h>
    3	int main(void) { D3D12_VIDEO_ENCODER_CODEC c = D3D12_VIDEO_ENCODER_CODEC_AV1; (void)c;; return 0; }
END /var/folders/rv/fj31z1cj3j39vd6c2s012n7h0000gn/T//ffconf.JMIT29EY/test.c
gcc -D_ISOC11_SOURCE -D_FILE_OFFSET_BITS=64 -D_LARGEFILE_SOURCE -I$(SRC_PATH)/compat/dispatch_semaphore -DPIC -fPIC -arch x86_64 -mmacosx-version-min=11.0 -Wno-error=asm-operand-widths -I/Users/runner/work/ffmpeg-build/ffmpeg-build/vulkan-headers/include -std=c17 -Werror=partial-availability -fno-common -fomit-frame-pointer -fPIC -I/usr/local/Cellar/libx11/1.8.13/include -I/usr/local/Cellar/xorgproto/2025.1/include -I/usr/local/Cellar/libxcb/1.17.0/include -I/usr/local/Cellar/libxau/1.0.12/include -I/usr/local/Cellar/libxdmcp/1.1.5/include -I/usr/local/Cellar/libxext/1.3.7/include -I/usr/local/Cellar/xorgproto/2025.1/include -I/usr/local/Cellar/libx11/1.8.13/include -I/usr/local/Cellar/libxcb/1.17.0/include -I/usr/local/Cellar/libxau/1.0.12/include -I/usr/local/Cellar/libxdmcp/1.1.5/include -c -o /var/folders/rv/fj31z1cj3j39vd6c2s012n7h0000gn/T//ffconf.JMIT29EY/test.o /var/folders/rv/fj31z1cj3j39vd6c2s012n7h0000gn/T//ffconf.JMIT29EY/test.c
/var/folders/rv/fj31z1cj3j39vd6c2s012n7h0000gn/T//ffconf.JMIT29EY/test.c:1:10: fatal error: 'windows.h' file not found
#include <windows.h>
         ^~~~~~~~~~~
1 error generated.
test_code cc windows.h d3d12video.h D3D12_FEATURE_DATA_VIDEO_ENCODER_INTRA_REFRESH_MODE check = { 0 };
test_cc
BEGIN /var/folders/rv/fj31z1cj3j39vd6c2s012n7h0000gn/T//ffconf.JMIT29EY/test.c
    1	#include <windows.h>
    2	#include <d3d12video.h>
    3	int main(void) { D3D12_FEATURE_DATA_VIDEO_ENCODER_INTRA_REFRESH_MODE check = { 0 };; return 0; }
END /var/folders/rv/fj31z1cj3j39vd6c2s012n7h0000gn/T//ffconf.JMIT29EY/test.c
gcc -D_ISOC11_SOURCE -D_FILE_OFFSET_BITS=64 -D_LARGEFILE_SOURCE -I$(SRC_PATH)/compat/dispatch_semaphore -DPIC -fPIC -arch x86_64 -mmacosx-version-min=11.0 -Wno-error=asm-operand-widths -I/Users/runner/work/ffmpeg-build/ffmpeg-build/vulkan-headers/include -std=c17 -Werror=partial-availability -fno-common -fomit-frame-pointer -fPIC -I/usr/local/Cellar/libx11/1.8.13/include -I/usr/local/Cellar/xorgproto/2025.1/include -I/usr/local/Cellar/libxcb/1.17.0/include -I/usr/local/Cellar/libxau/1.0.12/include -I/usr/local/Cellar/libxdmcp/1.1.5/include -I/usr/local/Cellar/libxext/1.3.7/include -I/usr/local/Cellar/xorgproto/2025.1/include -I/usr/local/Cellar/libx11/1.8.13/include -I/usr/local/Cellar/libxcb/1.17.0/include -I/usr/local/Cellar/libxau/1.0.12/include -I/usr/local/Cellar/libxdmcp/1.1.5/include -c -o /var/folders/rv/fj31z1cj3j39vd6c2s012n7h0000gn/T//ffconf.JMIT29EY/test.o /var/folders/rv/fj31z1cj3j39vd6c2s012n7h0000gn/T//ffconf.JMIT29EY/test.c
/var/folders/rv/fj31z1cj3j39vd6c2s012n7h0000gn/T//ffconf.JMIT29EY/test.c:1:10: fatal error: 'windows.h' file not found
#include <windows.h>
         ^~~~~~~~~~~
1 error generated.
test_code cc windows.h d3d12video.h D3D12_VIDEO_ENCODER_MOTION_ESTIMATION_PRECISION_MODE m = D3D12_VIDEO_ENCODER_MOTION_ESTIMATION_PRECISION_MODE_EIGHTH_PIXEL; (void)m;
test_cc
BEGIN /var/folders/rv/fj31z1cj3j39vd6c2s012n7h0000gn/T//ffconf.JMIT29EY/test.c
    1	#include <windows.h>
    2	#include <d3d12video.h>
    3	int main(void) { D3D12_VIDEO_ENCODER_MOTION_ESTIMATION_PRECISION_MODE m = D3D12_VIDEO_ENCODER_MOTION_ESTIMATION_PRECISION_MODE_EIGHTH_PIXEL; (void)m;; return 0; }
END /var/folders/rv/fj31z1cj3j39vd6c2s012n7h0000gn/T//ffconf.JMIT29EY/test.c
gcc -D_ISOC11_SOURCE -D_FILE_OFFSET_BITS=64 -D_LARGEFILE_SOURCE -I$(SRC_PATH)/compat/dispatch_semaphore -DPIC -fPIC -arch x86_64 -mmacosx-version-min=11.0 -Wno-error=asm-operand-widths -I/Users/runner/work/ffmpeg-build/ffmpeg-build/vulkan-headers/include -std=c17 -Werror=partial-availability -fno-common -fomit-frame-pointer -fPIC -I/usr/local/Cellar/libx11/1.8.13/include -I/usr/local/Cellar/xorgproto/2025.1/include -I/usr/local/Cellar/libxcb/1.17.0/include -I/usr/local/Cellar/libxau/1.0.12/include -I/usr/local/Cellar/libxdmcp/1.1.5/include -I/usr/local/Cellar/libxext/1.3.7/include -I/usr/local/Cellar/xorgproto/2025.1/include -I/usr/local/Cellar/libx11/1.8.13/include -I/usr/local/Cellar/libxcb/1.17.0/include -I/usr/local/Cellar/libxau/1.0.12/include -I/usr/local/Cellar/libxdmcp/1.1.5/include -c -o /var/folders/rv/fj31z1cj3j39vd6c2s012n7h0000gn/T//ffconf.JMIT29EY/test.o /var/folders/rv/fj31z1cj3j39vd6c2s012n7h0000gn/T//ffconf.JMIT29EY/test.c
/var/folders/rv/fj31z1cj3j39vd6c2s012n7h0000gn/T//ffconf.JMIT29EY/test.c:1:10: fatal error: 'windows.h' file not found
#include <windows.h>
         ^~~~~~~~~~~
1 error generated.
test_code cc windows.h d3d12video.h D3D12_FEATURE_DATA_VIDEO_MOTION_ESTIMATOR check = { 0 };
test_cc
BEGIN /var/folders/rv/fj31z1cj3j39vd6c2s012n7h0000gn/T//ffconf.JMIT29EY/test.c
    1	#include <windows.h>
    2	#include <d3d12video.h>
    3	int main(void) { D3D12_FEATURE_DATA_VIDEO_MOTION_ESTIMATOR check = { 0 };; return 0; }
END /var/folders/rv/fj31z1cj3j39vd6c2s012n7h0000gn/T//ffconf.JMIT29EY/test.c
gcc -D_ISOC11_SOURCE -D_FILE_OFFSET_BITS=64 -D_LARGEFILE_SOURCE -I$(SRC_PATH)/compat/dispatch_semaphore -DPIC -fPIC -arch x86_64 -mmacosx-version-min=11.0 -Wno-error=asm-operand-widths -I/Users/runner/work/ffmpeg-build/ffmpeg-build/vulkan-headers/include -std=c17 -Werror=partial-availability -fno-common -fomit-frame-pointer -fPIC -I/usr/local/Cellar/libx11/1.8.13/include -I/usr/local/Cellar/xorgproto/2025.1/include -I/usr/local/Cellar/libxcb/1.17.0/include -I/usr/local/Cellar/libxau/1.0.12/include -I/usr/local/Cellar/libxdmcp/1.1.5/include -I/usr/local/Cellar/libxext/1.3.7/include -I/usr/local/Cellar/xorgproto/2025.1/include -I/usr/local/Cellar/libx11/1.8.13/include -I/usr/local/Cellar/libxcb/1.17.0/include -I/usr/local/Cellar/libxau/1.0.12/include -I/usr/local/Cellar/libxdmcp/1.1.5/include -c -o /var/folders/rv/fj31z1cj3j39vd6c2s012n7h0000gn/T//ffconf.JMIT29EY/test.o /var/folders/rv/fj31z1cj3j39vd6c2s012n7h0000gn/T//ffconf.JMIT29EY/test.c
/var/folders/rv/fj31z1cj3j39vd6c2s012n7h0000gn/T//ffconf.JMIT29EY/test.c:1:10: fatal error: 'windows.h' file not found
#include <windows.h>
         ^~~~~~~~~~~
1 error generated.
test_code cc windows.h d3d12video.h D3D12_FEATURE_DATA_VIDEO_PROCESS_REFERENCE_INFO check = { 0 };
test_cc
BEGIN /var/folders/rv/fj31z1cj3j39vd6c2s012n7h0000gn/T//ffconf.JMIT29EY/test.c
    1	#include <windows.h>
    2	#include <d3d12video.h>
    3	int main(void) { D3D12_FEATURE_DATA_VIDEO_PROCESS_REFERENCE_INFO check = { 0 };; return 0; }
END /var/folders/rv/fj31z1cj3j39vd6c2s012n7h0000gn/T//ffconf.JMIT29EY/test.c
gcc -D_ISOC11_SOURCE -D_FILE_OFFSET_BITS=64 -D_LARGEFILE_SOURCE -I$(SRC_PATH)/compat/dispatch_semaphore -DPIC -fPIC -arch x86_64 -mmacosx-version-min=11.0 -Wno-error=asm-operand-widths -I/Users/runner/work/ffmpeg-build/ffmpeg-build/vulkan-headers/include -std=c17 -Werror=partial-availability -fno-common -fomit-frame-pointer -fPIC -I/usr/local/Cellar/libx11/1.8.13/include -I/usr/local/Cellar/xorgproto/2025.1/include -I/usr/local/Cellar/libxcb/1.17.0/include -I/usr/local/Cellar/libxau/1.0.12/include -I/usr/local/Cellar/libxdmcp/1.1.5/include -I/usr/local/Cellar/libxext/1.3.7/include -I/usr/local/Cellar/xorgproto/2025.1/include -I/usr/local/Cellar/libx11/1.8.13/include -I/usr/local/Cellar/libxcb/1.17.0/include -I/usr/local/Cellar/libxau/1.0.12/include -I/usr/local/Cellar/libxdmcp/1.1.5/include -c -o /var/folders/rv/fj31z1cj3j39vd6c2s012n7h0000gn/T//ffconf.JMIT29EY/test.o /var/folders/rv/fj31z1cj3j39vd6c2s012n7h0000gn/T//ffconf.JMIT29EY/test.c
/var/folders/rv/fj31z1cj3j39vd6c2s012n7h0000gn/T//ffconf.JMIT29EY/test.c:1:10: fatal error: 'windows.h' file not found
#include <windows.h>
         ^~~~~~~~~~~
1 error generated.
check_type windows.h DPI_AWARENESS_CONTEXT -D_WIN32_WINNT=0x0A00
test_code cc windows.h DPI_AWARENESS_CONTEXT v -D_WIN32_WINNT=0x0A00
test_cc -D_WIN32_WINNT=0x0A00
BEGIN /var/folders/rv/fj31z1cj3j39vd6c2s012n7h0000gn/T//ffconf.JMIT29EY/test.c
    1	#include <windows.h>
    2	int main(void) { DPI_AWARENESS_CONTEXT v; return 0; }
END /var/folders/rv/fj31z1cj3j39vd6c2s012n7h0000gn/T//ffconf.JMIT29EY/test.c
gcc -D_ISOC11_SOURCE -D_FILE_OFFSET_BITS=64 -D_LARGEFILE_SOURCE -I$(SRC_PATH)/compat/dispatch_semaphore -DPIC -fPIC -arch x86_64 -mmacosx-version-min=11.0 -Wno-error=asm-operand-widths -I/Users/runner/work/ffmpeg-build/ffmpeg-build/vulkan-headers/include -std=c17 -Werror=partial-availability -fno-common -fomit-frame-pointer -fPIC -I/usr/local/Cellar/libx11/1.8.13/include -I/usr/local/Cellar/xorgproto/2025.1/include -I/usr/local/Cellar/libxcb/1.17.0/include -I/usr/local/Cellar/libxau/1.0.12/include -I/usr/local/Cellar/libxdmcp/1.1.5/include -I/usr/local/Cellar/libxext/1.3.7/include -I/usr/local/Cellar/xorgproto/2025.1/include -I/usr/local/Cellar/libx11/1.8.13/include -I/usr/local/Cellar/libxcb/1.17.0/include -I/usr/local/Cellar/libxau/1.0.12/include -I/usr/local/Cellar/libxdmcp/1.1.5/include -D_WIN32_WINNT=0x0A00 -c -o /var/folders/rv/fj31z1cj3j39vd6c2s012n7h0000gn/T//ffconf.JMIT29EY/test.o /var/folders/rv/fj31z1cj3j39vd6c2s012n7h0000gn/T//ffconf.JMIT29EY/test.c
/var/folders/rv/fj31z1cj3j39vd6c2s012n7h0000gn/T//ffconf.JMIT29EY/test.c:1:10: fatal error: 'windows.h' file not found
#include <windows.h>
         ^~~~~~~~~~~
1 error generated.
check_type windows.h security.h schnlsp.h SecPkgContext_KeyingMaterialInfo -DSECURITY_WIN32
test_code cc windows.h security.h schnlsp.h SecPkgContext_KeyingMaterialInfo v -DSECURITY_WIN32
test_cc -DSECURITY_WIN32
BEGIN /var/folders/rv/fj31z1cj3j39vd6c2s012n7h0000gn/T//ffconf.JMIT29EY/test.c
    1	#include <windows.h>
    2	#include <security.h>
    3	#include <schnlsp.h>
    4	int main(void) { SecPkgContext_KeyingMaterialInfo v; return 0; }
END /var/folders/rv/fj31z1cj3j39vd6c2s012n7h0000gn/T//ffconf.JMIT29EY/test.c
gcc -D_ISOC11_SOURCE -D_FILE_OFFSET_BITS=64 -D_LARGEFILE_SOURCE -I$(SRC_PATH)/compat/dispatch_semaphore -DPIC -fPIC -arch x86_64 -mmacosx-version-min=11.0 -Wno-error=asm-operand-widths -I/Users/runner/work/ffmpeg-build/ffmpeg-build/vulkan-headers/include -std=c17 -Werror=partial-availability -fno-common -fomit-frame-pointer -fPIC -I/usr/local/Cellar/libx11/1.8.13/include -I/usr/local/Cellar/xorgproto/2025.1/include -I/usr/local/Cellar/libxcb/1.17.0/include -I/usr/local/Cellar/libxau/1.0.12/include -I/usr/local/Cellar/libxdmcp/1.1.5/include -I/usr/local/Cellar/libxext/1.3.7/include -I/usr/local/Cellar/xorgproto/2025.1/include -I/usr/local/Cellar/libx11/1.8.13/include -I/usr/local/Cellar/libxcb/1.17.0/include -I/usr/local/Cellar/libxau/1.0.12/include -I/usr/local/Cellar/libxdmcp/1.1.5/include -DSECURITY_WIN32 -c -o /var/folders/rv/fj31z1cj3j39vd6c2s012n7h0000gn/T//ffconf.JMIT29EY/test.o /var/folders/rv/fj31z1cj3j39vd6c2s012n7h0000gn/T//ffconf.JMIT29EY/test.c
/var/folders/rv/fj31z1cj3j39vd6c2s012n7h0000gn/T//ffconf.JMIT29EY/test.c:1:10: fatal error: 'windows.h' file not found
#include <windows.h>
         ^~~~~~~~~~~
1 error generated.
check_type d3d9.h dxva2api.h DXVA2_ConfigPictureDecode -D_WIN32_WINNT=0x0602
test_code cc d3d9.h dxva2api.h DXVA2_ConfigPictureDecode v -D_WIN32_WINNT=0x0602
test_cc -D_WIN32_WINNT=0x0602
BEGIN /var/folders/rv/fj31z1cj3j39vd6c2s012n7h0000gn/T//ffconf.JMIT29EY/test.c
    1	#include <d3d9.h>
    2	#include <dxva2api.h>
    3	int main(void) { DXVA2_ConfigPictureDecode v; return 0; }
END /var/folders/rv/fj31z1cj3j39vd6c2s012n7h0000gn/T//ffconf.JMIT29EY/test.c
gcc -D_ISOC11_SOURCE -D_FILE_OFFSET_BITS=64 -D_LARGEFILE_SOURCE -I$(SRC_PATH)/compat/dispatch_semaphore -DPIC -fPIC -arch x86_64 -mmacosx-version-min=11.0 -Wno-error=asm-operand-widths -I/Users/runner/work/ffmpeg-build/ffmpeg-build/vulkan-headers/include -std=c17 -Werror=partial-availability -fno-common -fomit-frame-pointer -fPIC -I/usr/local/Cellar/libx11/1.8.13/include -I/usr/local/Cellar/xorgproto/2025.1/include -I/usr/local/Cellar/libxcb/1.17.0/include -I/usr/local/Cellar/libxau/1.0.12/include -I/usr/local/Cellar/libxdmcp/1.1.5/include -I/usr/local/Cellar/libxext/1.3.7/include -I/usr/local/Cellar/xorgproto/2025.1/include -I/usr/local/Cellar/libx11/1.8.13/include -I/usr/local/Cellar/libxcb/1.17.0/include -I/usr/local/Cellar/libxau/1.0.12/include -I/usr/local/Cellar/libxdmcp/1.1.5/include -D_WIN32_WINNT=0x0602 -c -o /var/folders/rv/fj31z1cj3j39vd6c2s012n7h0000gn/T//ffconf.JMIT29EY/test.o /var/folders/rv/fj31z1cj3j39vd6c2s012n7h0000gn/T//ffconf.JMIT29EY/test.c
/var/folders/rv/fj31z1cj3j39vd6c2s012n7h0000gn/T//ffconf.JMIT29EY/test.c:1:10: fatal error: 'd3d9.h' file not found
#include <d3d9.h>
         ^~~~~~~~
1 error generated.
check_func_headers mfapi.h MFCreateAlignedMemoryBuffer -lmfplat
test_ld cc -lmfplat
test_cc
BEGIN /var/folders/rv/fj31z1cj3j39vd6c2s012n7h0000gn/T//ffconf.JMIT29EY/test.c
    1	#include <mfapi.h>
    2	#include <stdint.h>
    3	long check_MFCreateAlignedMemoryBuffer(void) { return (long) MFCreateAlignedMemoryBuffer; }
    4	int main(void) { int ret = 0;
    5	 ret |= ((intptr_t)check_MFCreateAlignedMemoryBuffer) & 0xFFFF;
    6	return ret; }
END /var/folders/rv/fj31z1cj3j39vd6c2s012n7h0000gn/T//ffconf.JMIT29EY/test.c
gcc -D_ISOC11_SOURCE -D_FILE_OFFSET_BITS=64 -D_LARGEFILE_SOURCE -I$(SRC_PATH)/compat/dispatch_semaphore -DPIC -fPIC -arch x86_64 -mmacosx-version-min=11.0 -Wno-error=asm-operand-widths -I/Users/runner/work/ffmpeg-build/ffmpeg-build/vulkan-headers/include -std=c17 -Werror=partial-availability -fno-common -fomit-frame-pointer -fPIC -I/usr/local/Cellar/libx11/1.8.13/include -I/usr/local/Cellar/xorgproto/2025.1/include -I/usr/local/Cellar/libxcb/1.17.0/include -I/usr/local/Cellar/libxau/1.0.12/include -I/usr/local/Cellar/libxdmcp/1.1.5/include -I/usr/local/Cellar/libxext/1.3.7/include -I/usr/local/Cellar/xorgproto/2025.1/include -I/usr/local/Cellar/libx11/1.8.13/include -I/usr/local/Cellar/libxcb/1.17.0/include -I/usr/local/Cellar/libxau/1.0.12/include -I/usr/local/Cellar/libxdmcp/1.1.5/include -c -o /var/folders/rv/fj31z1cj3j39vd6c2s012n7h0000gn/T//ffconf.JMIT29EY/test.o /var/folders/rv/fj31z1cj3j39vd6c2s012n7h0000gn/T//ffconf.JMIT29EY/test.c
/var/folders/rv/fj31z1cj3j39vd6c2s012n7h0000gn/T//ffconf.JMIT29EY/test.c:1:10: fatal error: 'mfapi.h' file not found
#include <mfapi.h>
         ^~~~~~~~~
1 error generated.
check_type windows.h windows.graphics.capture.h __x_ABI_CWindows_CGraphics_CCapture_CIGraphicsCaptureSession3 -D_WIN32_WINNT=0x0A00 -DWINDOWS_FOUNDATION_UNIVERSALAPICONTRACT_VERSION=0x130000 -DCOBJMACROS
test_code cc windows.h windows.graphics.capture.h __x_ABI_CWindows_CGraphics_CCapture_CIGraphicsCaptureSession3 v -D_WIN32_WINNT=0x0A00 -DWINDOWS_FOUNDATION_UNIVERSALAPICONTRACT_VERSION=0x130000 -DCOBJMACROS
test_cc -D_WIN32_WINNT=0x0A00 -DWINDOWS_FOUNDATION_UNIVERSALAPICONTRACT_VERSION=0x130000 -DCOBJMACROS
BEGIN /var/folders/rv/fj31z1cj3j39vd6c2s012n7h0000gn/T//ffconf.JMIT29EY/test.c
    1	#include <windows.h>
    2	#include <windows.graphics.capture.h>
    3	int main(void) { __x_ABI_CWindows_CGraphics_CCapture_CIGraphicsCaptureSession3 v; return 0; }
END /var/folders/rv/fj31z1cj3j39vd6c2s012n7h0000gn/T//ffconf.JMIT29EY/test.c
gcc -D_ISOC11_SOURCE -D_FILE_OFFSET_BITS=64 -D_LARGEFILE_SOURCE -I$(SRC_PATH)/compat/dispatch_semaphore -DPIC -fPIC -arch x86_64 -mmacosx-version-min=11.0 -Wno-error=asm-operand-widths -I/Users/runner/work/ffmpeg-build/ffmpeg-build/vulkan-headers/include -std=c17 -Werror=partial-availability -fno-common -fomit-frame-pointer -fPIC -I/usr/local/Cellar/libx11/1.8.13/include -I/usr/local/Cellar/xorgproto/2025.1/include -I/usr/local/Cellar/libxcb/1.17.0/include -I/usr/local/Cellar/libxau/1.0.12/include -I/usr/local/Cellar/libxdmcp/1.1.5/include -I/usr/local/Cellar/libxext/1.3.7/include -I/usr/local/Cellar/xorgproto/2025.1/include -I/usr/local/Cellar/libx11/1.8.13/include -I/usr/local/Cellar/libxcb/1.17.0/include -I/usr/local/Cellar/libxau/1.0.12/include -I/usr/local/Cellar/libxdmcp/1.1.5/include -D_WIN32_WINNT=0x0A00 -DWINDOWS_FOUNDATION_UNIVERSALAPICONTRACT_VERSION=0x130000 -DCOBJMACROS -c -o /var/folders/rv/fj31z1cj3j39vd6c2s012n7h0000gn/T//ffconf.JMIT29EY/test.o /var/folders/rv/fj31z1cj3j39vd6c2s012n7h0000gn/T//ffconf.JMIT29EY/test.c
/var/folders/rv/fj31z1cj3j39vd6c2s012n7h0000gn/T//ffconf.JMIT29EY/test.c:1:10: fatal error: 'windows.h' file not found
#include <windows.h>
         ^~~~~~~~~~~
1 error generated.
check_type windows.h windows.graphics.capture.h __x_ABI_CWindows_CGraphics_CCapture_CIGraphicsCaptureSession5 -D_WIN32_WINNT=0x0A00 -DWINDOWS_FOUNDATION_UNIVERSALAPICONTRACT_VERSION=0x130000 -DCOBJMACROS
test_code cc windows.h windows.graphics.capture.h __x_ABI_CWindows_CGraphics_CCapture_CIGraphicsCaptureSession5 v -D_WIN32_WINNT=0x0A00 -DWINDOWS_FOUNDATION_UNIVERSALAPICONTRACT_VERSION=0x130000 -DCOBJMACROS
test_cc -D_WIN32_WINNT=0x0A00 -DWINDOWS_FOUNDATION_UNIVERSALAPICONTRACT_VERSION=0x130000 -DCOBJMACROS
BEGIN /var/folders/rv/fj31z1cj3j39vd6c2s012n7h0000gn/T//ffconf.JMIT29EY/test.c
    1	#include <windows.h>
    2	#include <windows.graphics.capture.h>
    3	int main(void) { __x_ABI_CWindows_CGraphics_CCapture_CIGraphicsCaptureSession5 v; return 0; }
END /var/folders/rv/fj31z1cj3j39vd6c2s012n7h0000gn/T//ffconf.JMIT29EY/test.c
gcc -D_ISOC11_SOURCE -D_FILE_OFFSET_BITS=64 -D_LARGEFILE_SOURCE -I$(SRC_PATH)/compat/dispatch_semaphore -DPIC -fPIC -arch x86_64 -mmacosx-version-min=11.0 -Wno-error=asm-operand-widths -I/Users/runner/work/ffmpeg-build/ffmpeg-build/vulkan-headers/include -std=c17 -Werror=partial-availability -fno-common -fomit-frame-pointer -fPIC -I/usr/local/Cellar/libx11/1.8.13/include -I/usr/local/Cellar/xorgproto/2025.1/include -I/usr/local/Cellar/libxcb/1.17.0/include -I/usr/local/Cellar/libxau/1.0.12/include -I/usr/local/Cellar/libxdmcp/1.1.5/include -I/usr/local/Cellar/libxext/1.3.7/include -I/usr/local/Cellar/xorgproto/2025.1/include -I/usr/local/Cellar/libx11/1.8.13/include -I/usr/local/Cellar/libxcb/1.17.0/include -I/usr/local/Cellar/libxau/1.0.12/include -I/usr/local/Cellar/libxdmcp/1.1.5/include -D_WIN32_WINNT=0x0A00 -DWINDOWS_FOUNDATION_UNIVERSALAPICONTRACT_VERSION=0x130000 -DCOBJMACROS -c -o /var/folders/rv/fj31z1cj3j39vd6c2s012n7h0000gn/T//ffconf.JMIT29EY/test.o /var/folders/rv/fj31z1cj3j39vd6c2s012n7h0000gn/T//ffconf.JMIT29EY/test.c
/var/folders/rv/fj31z1cj3j39vd6c2s012n7h0000gn/T//ffconf.JMIT29EY/test.c:1:10: fatal error: 'windows.h' file not found
#include <windows.h>
         ^~~~~~~~~~~
1 error generated.
check_type windows.h windows.graphics.capture.interop.h IGraphicsCaptureItemInterop -D_WIN32_WINNT=0x0A00 -DWINDOWS_FOUNDATION_UNIVERSALAPICONTRACT_VERSION=0x130000 -DCOBJMACROS
test_code cc windows.h windows.graphics.capture.interop.h IGraphicsCaptureItemInterop v -D_WIN32_WINNT=0x0A00 -DWINDOWS_FOUNDATION_UNIVERSALAPICONTRACT_VERSION=0x130000 -DCOBJMACROS
test_cc -D_WIN32_WINNT=0x0A00 -DWINDOWS_FOUNDATION_UNIVERSALAPICONTRACT_VERSION=0x130000 -DCOBJMACROS
BEGIN /var/folders/rv/fj31z1cj3j39vd6c2s012n7h0000gn/T//ffconf.JMIT29EY/test.c
    1	#include <windows.h>
    2	#include <windows.graphics.capture.interop.h>
    3	int main(void) { IGraphicsCaptureItemInterop v; return 0; }
END /var/folders/rv/fj31z1cj3j39vd6c2s012n7h0000gn/T//ffconf.JMIT29EY/test.c
gcc -D_ISOC11_SOURCE -D_FILE_OFFSET_BITS=64 -D_LARGEFILE_SOURCE -I$(SRC_PATH)/compat/dispatch_semaphore -DPIC -fPIC -arch x86_64 -mmacosx-version-min=11.0 -Wno-error=asm-operand-widths -I/Users/runner/work/ffmpeg-build/ffmpeg-build/vulkan-headers/include -std=c17 -Werror=partial-availability -fno-common -fomit-frame-pointer -fPIC -I/usr/local/Cellar/libx11/1.8.13/include -I/usr/local/Cellar/xorgproto/2025.1/include -I/usr/local/Cellar/libxcb/1.17.0/include -I/usr/local/Cellar/libxau/1.0.12/include -I/usr/local/Cellar/libxdmcp/1.1.5/include -I/usr/local/Cellar/libxext/1.3.7/include -I/usr/local/Cellar/xorgproto/2025.1/include -I/usr/local/Cellar/libx11/1.8.13/include -I/usr/local/Cellar/libxcb/1.17.0/include -I/usr/local/Cellar/libxau/1.0.12/include -I/usr/local/Cellar/libxdmcp/1.1.5/include -D_WIN32_WINNT=0x0A00 -DWINDOWS_FOUNDATION_UNIVERSALAPICONTRACT_VERSION=0x130000 -DCOBJMACROS -c -o /var/folders/rv/fj31z1cj3j39vd6c2s012n7h0000gn/T//ffconf.JMIT29EY/test.o /var/folders/rv/fj31z1cj3j39vd6c2s012n7h0000gn/T//ffconf.JMIT29EY/test.c
/var/folders/rv/fj31z1cj3j39vd6c2s012n7h0000gn/T//ffconf.JMIT29EY/test.c:1:10: fatal error: 'windows.h' file not found
#include <windows.h>
         ^~~~~~~~~~~
1 error generated.
check_type windows.h windows.graphics.directx.direct3d11.interop.h IDirect3DDxgiInterfaceAccess -D_WIN32_WINNT=0x0A00 -DWINDOWS_FOUNDATION_UNIVERSALAPICONTRACT_VERSION=0x130000 -DCOBJMACROS
test_code cc windows.h windows.graphics.directx.direct3d11.interop.h IDirect3DDxgiInterfaceAccess v -D_WIN32_WINNT=0x0A00 -DWINDOWS_FOUNDATION_UNIVERSALAPICONTRACT_VERSION=0x130000 -DCOBJMACROS
test_cc -D_WIN32_WINNT=0x0A00 -DWINDOWS_FOUNDATION_UNIVERSALAPICONTRACT_VERSION=0x130000 -DCOBJMACROS
BEGIN /var/folders/rv/fj31z1cj3j39vd6c2s012n7h0000gn/T//ffconf.JMIT29EY/test.c
    1	#include <windows.h>
    2	#include <windows.graphics.directx.direct3d11.interop.h>
    3	int main(void) { IDirect3DDxgiInterfaceAccess v; return 0; }
END /var/folders/rv/fj31z1cj3j39vd6c2s012n7h0000gn/T//ffconf.JMIT29EY/test.c
gcc -D_ISOC11_SOURCE -D_FILE_OFFSET_BITS=64 -D_LARGEFILE_SOURCE -I$(SRC_PATH)/compat/dispatch_semaphore -DPIC -fPIC -arch x86_64 -mmacosx-version-min=11.0 -Wno-error=asm-operand-widths -I/Users/runner/work/ffmpeg-build/ffmpeg-build/vulkan-headers/include -std=c17 -Werror=partial-availability -fno-common -fomit-frame-pointer -fPIC -I/usr/local/Cellar/libx11/1.8.13/include -I/usr/local/Cellar/xorgproto/2025.1/include -I/usr/local/Cellar/libxcb/1.17.0/include -I/usr/local/Cellar/libxau/1.0.12/include -I/usr/local/Cellar/libxdmcp/1.1.5/include -I/usr/local/Cellar/libxext/1.3.7/include -I/usr/local/Cellar/xorgproto/2025.1/include -I/usr/local/Cellar/libx11/1.8.13/include -I/usr/local/Cellar/libxcb/1.17.0/include -I/usr/local/Cellar/libxau/1.0.12/include -I/usr/local/Cellar/libxdmcp/1.1.5/include -D_WIN32_WINNT=0x0A00 -DWINDOWS_FOUNDATION_UNIVERSALAPICONTRACT_VERSION=0x130000 -DCOBJMACROS -c -o /var/folders/rv/fj31z1cj3j39vd6c2s012n7h0000gn/T//ffconf.JMIT29EY/test.o /var/folders/rv/fj31z1cj3j39vd6c2s012n7h0000gn/T//ffconf.JMIT29EY/test.c
/var/folders/rv/fj31z1cj3j39vd6c2s012n7h0000gn/T//ffconf.JMIT29EY/test.c:1:10: fatal error: 'windows.h' file not found
#include <windows.h>
         ^~~~~~~~~~~
1 error generated.
check_type vdpau/vdpau.h VdpPictureInfoHEVC
test_code cc vdpau/vdpau.h VdpPictureInfoHEVC v
test_cc
BEGIN /var/folders/rv/fj31z1cj3j39vd6c2s012n7h0000gn/T//ffconf.JMIT29EY/test.c
    1	#include <vdpau/vdpau.h>
    2	int main(void) { VdpPictureInfoHEVC v; return 0; }
END /var/folders/rv/fj31z1cj3j39vd6c2s012n7h0000gn/T//ffconf.JMIT29EY/test.c
gcc -D_ISOC11_SOURCE -D_FILE_OFFSET_BITS=64 -D_LARGEFILE_SOURCE -I$(SRC_PATH)/compat/dispatch_semaphore -DPIC -fPIC -arch x86_64 -mmacosx-version-min=11.0 -Wno-error=asm-operand-widths -I/Users/runner/work/ffmpeg-build/ffmpeg-build/vulkan-headers/include -std=c17 -Werror=partial-availability -fno-common -fomit-frame-pointer -fPIC -I/usr/local/Cellar/libx11/1.8.13/include -I/usr/local/Cellar/xorgproto/2025.1/include -I/usr/local/Cellar/libxcb/1.17.0/include -I/usr/local/Cellar/libxau/1.0.12/include -I/usr/local/Cellar/libxdmcp/1.1.5/include -I/usr/local/Cellar/libxext/1.3.7/include -I/usr/local/Cellar/xorgproto/2025.1/include -I/usr/local/Cellar/libx11/1.8.13/include -I/usr/local/Cellar/libxcb/1.17.0/include -I/usr/local/Cellar/libxau/1.0.12/include -I/usr/local/Cellar/libxdmcp/1.1.5/include -c -o /var/folders/rv/fj31z1cj3j39vd6c2s012n7h0000gn/T//ffconf.JMIT29EY/test.o /var/folders/rv/fj31z1cj3j39vd6c2s012n7h0000gn/T//ffconf.JMIT29EY/test.c
/var/folders/rv/fj31z1cj3j39vd6c2s012n7h0000gn/T//ffconf.JMIT29EY/test.c:1:10: fatal error: 'vdpau/vdpau.h' file not found
#include <vdpau/vdpau.h>
         ^~~~~~~~~~~~~~~
1 error generated.
check_type vdpau/vdpau.h VdpPictureInfoVP9
test_code cc vdpau/vdpau.h VdpPictureInfoVP9 v
test_cc
BEGIN /var/folders/rv/fj31z1cj3j39vd6c2s012n7h0000gn/T//ffconf.JMIT29EY/test.c
    1	#include <vdpau/vdpau.h>
    2	int main(void) { VdpPictureInfoVP9 v; return 0; }
END /var/folders/rv/fj31z1cj3j39vd6c2s012n7h0000gn/T//ffconf.JMIT29EY/test.c
gcc -D_ISOC11_SOURCE -D_FILE_OFFSET_BITS=64 -D_LARGEFILE_SOURCE -I$(SRC_PATH)/compat/dispatch_semaphore -DPIC -fPIC -arch x86_64 -mmacosx-version-min=11.0 -Wno-error=asm-operand-widths -I/Users/runner/work/ffmpeg-build/ffmpeg-build/vulkan-headers/include -std=c17 -Werror=partial-availability -fno-common -fomit-frame-pointer -fPIC -I/usr/local/Cellar/libx11/1.8.13/include -I/usr/local/Cellar/xorgproto/2025.1/include -I/usr/local/Cellar/libxcb/1.17.0/include -I/usr/local/Cellar/libxau/1.0.12/include -I/usr/local/Cellar/libxdmcp/1.1.5/include -I/usr/local/Cellar/libxext/1.3.7/include -I/usr/local/Cellar/xorgproto/2025.1/include -I/usr/local/Cellar/libx11/1.8.13/include -I/usr/local/Cellar/libxcb/1.17.0/include -I/usr/local/Cellar/libxau/1.0.12/include -I/usr/local/Cellar/libxdmcp/1.1.5/include -c -o /var/folders/rv/fj31z1cj3j39vd6c2s012n7h0000gn/T//ffconf.JMIT29EY/test.o /var/folders/rv/fj31z1cj3j39vd6c2s012n7h0000gn/T//ffconf.JMIT29EY/test.c
/var/folders/rv/fj31z1cj3j39vd6c2s012n7h0000gn/T//ffconf.JMIT29EY/test.c:1:10: fatal error: 'vdpau/vdpau.h' file not found
#include <vdpau/vdpau.h>
         ^~~~~~~~~~~~~~~
1 error generated.
check_type vdpau/vdpau.h VdpPictureInfoAV1
test_code cc vdpau/vdpau.h VdpPictureInfoAV1 v
test_cc
BEGIN /var/folders/rv/fj31z1cj3j39vd6c2s012n7h0000gn/T//ffconf.JMIT29EY/test.c
    1	#include <vdpau/vdpau.h>
    2	int main(void) { VdpPictureInfoAV1 v; return 0; }
END /var/folders/rv/fj31z1cj3j39vd6c2s012n7h0000gn/T//ffconf.JMIT29EY/test.c
gcc -D_ISOC11_SOURCE -D_FILE_OFFSET_BITS=64 -D_LARGEFILE_SOURCE -I$(SRC_PATH)/compat/dispatch_semaphore -DPIC -fPIC -arch x86_64 -mmacosx-version-min=11.0 -Wno-error=asm-operand-widths -I/Users/runner/work/ffmpeg-build/ffmpeg-build/vulkan-headers/include -std=c17 -Werror=partial-availability -fno-common -fomit-frame-pointer -fPIC -I/usr/local/Cellar/libx11/1.8.13/include -I/usr/local/Cellar/xorgproto/2025.1/include -I/usr/local/Cellar/libxcb/1.17.0/include -I/usr/local/Cellar/libxau/1.0.12/include -I/usr/local/Cellar/libxdmcp/1.1.5/include -I/usr/local/Cellar/libxext/1.3.7/include -I/usr/local/Cellar/xorgproto/2025.1/include -I/usr/local/Cellar/libx11/1.8.13/include -I/usr/local/Cellar/libxcb/1.17.0/include -I/usr/local/Cellar/libxau/1.0.12/include -I/usr/local/Cellar/libxdmcp/1.1.5/include -c -o /var/folders/rv/fj31z1cj3j39vd6c2s012n7h0000gn/T//ffconf.JMIT29EY/test.o /var/folders/rv/fj31z1cj3j39vd6c2s012n7h0000gn/T//ffconf.JMIT29EY/test.c
/var/folders/rv/fj31z1cj3j39vd6c2s012n7h0000gn/T//ffconf.JMIT29EY/test.c:1:10: fatal error: 'vdpau/vdpau.h' file not found
#include <vdpau/vdpau.h>
         ^~~~~~~~~~~~~~~
1 error generated.
check_nvcc cuda_llvm
test_nvcc
BEGIN /var/folders/rv/fj31z1cj3j39vd6c2s012n7h0000gn/T//ffconf.JMIT29EY/test.cu
    1	extern "C" {
    2	    __global__ void hello(unsigned char *data) {}
    3	}
END /var/folders/rv/fj31z1cj3j39vd6c2s012n7h0000gn/T//ffconf.JMIT29EY/test.cu
clang --cuda-gpu-arch=sm_30 -O2 -std=c++11 -m64 -S -nocudalib -nocudainc --cuda-device-only -Wno-c++11-narrowing -include ./compat/cuda/cuda_runtime.h -o /var/folders/rv/fj31z1cj3j39vd6c2s012n7h0000gn/T//ffconf.JMIT29EY/test.o /var/folders/rv/fj31z1cj3j39vd6c2s012n7h0000gn/T//ffconf.JMIT29EY/test.cu
error: unable to create target: 'No available targets are compatible with triple "nvptx64-nvidia-cuda"'
1 error generated when compiling for sm_30.
check_pkg_config ffnvcodec ffnvcodec >= 12.1.14.0 ffnvcodec/nvEncodeAPI.h ffnvcodec/dynlink_cuda.h ffnvcodec/dynlink_cuviddec.h ffnvcodec/dynlink_nvcuvid.h 
test_pkg_config ffnvcodec ffnvcodec >= 12.1.14.0 ffnvcodec/nvEncodeAPI.h ffnvcodec/dynlink_cuda.h ffnvcodec/dynlink_cuviddec.h ffnvcodec/dynlink_nvcuvid.h 
pkg-config --exists --print-errors ffnvcodec >= 12.1.14.0
Package ffnvcodec was not found in the pkg-config search path.
Perhaps you should add the directory containing `ffnvcodec.pc'
to the PKG_CONFIG_PATH environment variable
Package 'ffnvcodec' not found
check_pkg_config ffnvcodec ffnvcodec >= 12.0.16.1 ffnvcodec < 12.1 ffnvcodec/nvEncodeAPI.h ffnvcodec/dynlink_cuda.h ffnvcodec/dynlink_cuviddec.h ffnvcodec/dynlink_nvcuvid.h 
test_pkg_config ffnvcodec ffnvcodec >= 12.0.16.1 ffnvcodec < 12.1 ffnvcodec/nvEncodeAPI.h ffnvcodec/dynlink_cuda.h ffnvcodec/dynlink_cuviddec.h ffnvcodec/dynlink_nvcuvid.h 
pkg-config --exists --print-errors ffnvcodec >= 12.0.16.1 ffnvcodec < 12.1
Package ffnvcodec was not found in the pkg-config search path.
Perhaps you should add the directory containing `ffnvcodec.pc'
to the PKG_CONFIG_PATH environment variable
Package 'ffnvcodec' not found
Package 'ffnvcodec' not found
check_pkg_config ffnvcodec ffnvcodec >= 11.1.5.3 ffnvcodec < 12.0 ffnvcodec/nvEncodeAPI.h ffnvcodec/dynlink_cuda.h ffnvcodec/dynlink_cuviddec.h ffnvcodec/dynlink_nvcuvid.h 
test_pkg_config ffnvcodec ffnvcodec >= 11.1.5.3 ffnvcodec < 12.0 ffnvcodec/nvEncodeAPI.h ffnvcodec/dynlink_cuda.h ffnvcodec/dynlink_cuviddec.h ffnvcodec/dynlink_nvcuvid.h 
pkg-config --exists --print-errors ffnvcodec >= 11.1.5.3 ffnvcodec < 12.0
Package ffnvcodec was not found in the pkg-config search path.
Perhaps you should add the directory containing `ffnvcodec.pc'
to the PKG_CONFIG_PATH environment variable
Package 'ffnvcodec' not found
Package 'ffnvcodec' not found
check_pkg_config ffnvcodec ffnvcodec >= 11.0.10.3 ffnvcodec < 11.1 ffnvcodec/nvEncodeAPI.h ffnvcodec/dynlink_cuda.h ffnvcodec/dynlink_cuviddec.h ffnvcodec/dynlink_nvcuvid.h 
test_pkg_config ffnvcodec ffnvcodec >= 11.0.10.3 ffnvcodec < 11.1 ffnvcodec/nvEncodeAPI.h ffnvcodec/dynlink_cuda.h ffnvcodec/dynlink_cuviddec.h ffnvcodec/dynlink_nvcuvid.h 
pkg-config --exists --print-errors ffnvcodec >= 11.0.10.3 ffnvcodec < 11.1
Package ffnvcodec was not found in the pkg-config search path.
Perhaps you should add the directory containing `ffnvcodec.pc'
to the PKG_CONFIG_PATH environment variable
Package 'ffnvcodec' not found
Package 'ffnvcodec' not found
check_pkg_config ffnvcodec ffnvcodec >= 8.1.24.15 ffnvcodec < 8.2 ffnvcodec/nvEncodeAPI.h ffnvcodec/dynlink_cuda.h ffnvcodec/dynlink_cuviddec.h ffnvcodec/dynlink_nvcuvid.h 
test_pkg_config ffnvcodec ffnvcodec >= 8.1.24.15 ffnvcodec < 8.2 ffnvcodec/nvEncodeAPI.h ffnvcodec/dynlink_cuda.h ffnvcodec/dynlink_cuviddec.h ffnvcodec/dynlink_nvcuvid.h 
pkg-config --exists --print-errors ffnvcodec >= 8.1.24.15 ffnvcodec < 8.2
Package ffnvcodec was not found in the pkg-config search path.
Perhaps you should add the directory containing `ffnvcodec.pc'
to the PKG_CONFIG_PATH environment variable
Package 'ffnvcodec' not found
Package 'ffnvcodec' not found
check_cpp_condition winrt windows.h !WINAPI_FAMILY_PARTITION(WINAPI_PARTITION_DESKTOP)
test_cpp_condition windows.h !WINAPI_FAMILY_PARTITION(WINAPI_PARTITION_DESKTOP)
test_cpp
BEGIN /var/folders/rv/fj31z1cj3j39vd6c2s012n7h0000gn/T//ffconf.JMIT29EY/test.c
    1	#include <windows.h>
    2	#if !(!WINAPI_FAMILY_PARTITION(WINAPI_PARTITION_DESKTOP))
    3	#error "unsatisfied condition: !WINAPI_FAMILY_PARTITION(WINAPI_PARTITION_DESKTOP)"
    4	#endif
END /var/folders/rv/fj31z1cj3j39vd6c2s012n7h0000gn/T//ffconf.JMIT29EY/test.c
gcc -D_ISOC11_SOURCE -D_FILE_OFFSET_BITS=64 -D_LARGEFILE_SOURCE -I$(SRC_PATH)/compat/dispatch_semaphore -DPIC -fPIC -arch x86_64 -mmacosx-version-min=11.0 -Wno-error=asm-operand-widths -I/Users/runner/work/ffmpeg-build/ffmpeg-build/vulkan-headers/include -std=c17 -Werror=partial-availability -fno-common -fomit-frame-pointer -fPIC -I/usr/local/Cellar/libx11/1.8.13/include -I/usr/local/Cellar/xorgproto/2025.1/include -I/usr/local/Cellar/libxcb/1.17.0/include -I/usr/local/Cellar/libxau/1.0.12/include -I/usr/local/Cellar/libxdmcp/1.1.5/include -I/usr/local/Cellar/libxext/1.3.7/include -I/usr/local/Cellar/xorgproto/2025.1/include -I/usr/local/Cellar/libx11/1.8.13/include -I/usr/local/Cellar/libxcb/1.17.0/include -I/usr/local/Cellar/libxau/1.0.12/include -I/usr/local/Cellar/libxdmcp/1.1.5/include -E -o /var/folders/rv/fj31z1cj3j39vd6c2s012n7h0000gn/T//ffconf.JMIT29EY/test.o /var/folders/rv/fj31z1cj3j39vd6c2s012n7h0000gn/T//ffconf.JMIT29EY/test.c
/var/folders/rv/fj31z1cj3j39vd6c2s012n7h0000gn/T//ffconf.JMIT29EY/test.c:1:10: fatal error: 'windows.h' file not found
#include <windows.h>
         ^~~~~~~~~~~
1 error generated.
check_func_headers windows.h process.h _beginthreadex
test_ld cc
test_cc
BEGIN /var/folders/rv/fj31z1cj3j39vd6c2s012n7h0000gn/T//ffconf.JMIT29EY/test.c
    1	#include <windows.h>
    2	#include <process.h>
    3	#include <stdint.h>
    4	long check__beginthreadex(void) { return (long) _beginthreadex; }
    5	int main(void) { int ret = 0;
    6	 ret |= ((intptr_t)check__beginthreadex) & 0xFFFF;
    7	return ret; }
END /var/folders/rv/fj31z1cj3j39vd6c2s012n7h0000gn/T//ffconf.JMIT29EY/test.c
gcc -D_ISOC11_SOURCE -D_FILE_OFFSET_BITS=64 -D_LARGEFILE_SOURCE -I$(SRC_PATH)/compat/dispatch_semaphore -DPIC -fPIC -arch x86_64 -mmacosx-version-min=11.0 -Wno-error=asm-operand-widths -I/Users/runner/work/ffmpeg-build/ffmpeg-build/vulkan-headers/include -std=c17 -Werror=partial-availability -fno-common -fomit-frame-pointer -fPIC -I/usr/local/Cellar/libx11/1.8.13/include -I/usr/local/Cellar/xorgproto/2025.1/include -I/usr/local/Cellar/libxcb/1.17.0/include -I/usr/local/Cellar/libxau/1.0.12/include -I/usr/local/Cellar/libxdmcp/1.1.5/include -I/usr/local/Cellar/libxext/1.3.7/include -I/usr/local/Cellar/xorgproto/2025.1/include -I/usr/local/Cellar/libx11/1.8.13/include -I/usr/local/Cellar/libxcb/1.17.0/include -I/usr/local/Cellar/libxau/1.0.12/include -I/usr/local/Cellar/libxdmcp/1.1.5/include -c -o /var/folders/rv/fj31z1cj3j39vd6c2s012n7h0000gn/T//ffconf.JMIT29EY/test.o /var/folders/rv/fj31z1cj3j39vd6c2s012n7h0000gn/T//ffconf.JMIT29EY/test.c
/var/folders/rv/fj31z1cj3j39vd6c2s012n7h0000gn/T//ffconf.JMIT29EY/test.c:1:10: fatal error: 'windows.h' file not found
#include <windows.h>
         ^~~~~~~~~~~
1 error generated.
check_lib pthreads pthread.h pthread_join -pthread
check_func_headers pthread.h pthread_join -pthread
test_ld cc -pthread
test_cc -pthread
BEGIN /var/folders/rv/fj31z1cj3j39vd6c2s012n7h0000gn/T//ffconf.JMIT29EY/test.c
    1	#include <pthread.h>
    2	#include <stdint.h>
    3	long check_pthread_join(void) { return (long) pthread_join; }
    4	int main(void) { int ret = 0;
    5	 ret |= ((intptr_t)check_pthread_join) & 0xFFFF;
    6	return ret; }
END /var/folders/rv/fj31z1cj3j39vd6c2s012n7h0000gn/T//ffconf.JMIT29EY/test.c
gcc -D_ISOC11_SOURCE -D_FILE_OFFSET_BITS=64 -D_LARGEFILE_SOURCE -I$(SRC_PATH)/compat/dispatch_semaphore -DPIC -fPIC -arch x86_64 -mmacosx-version-min=11.0 -Wno-error=asm-operand-widths -I/Users/runner/work/ffmpeg-build/ffmpeg-build/vulkan-headers/include -std=c17 -Werror=partial-availability -fno-common -fomit-frame-pointer -fPIC -I/usr/local/Cellar/libx11/1.8.13/include -I/usr/local/Cellar/xorgproto/2025.1/include -I/usr/local/Cellar/libxcb/1.17.0/include -I/usr/local/Cellar/libxau/1.0.12/include -I/usr/local/Cellar/libxdmcp/1.1.5/include -I/usr/local/Cellar/libxext/1.3.7/include -I/usr/local/Cellar/xorgproto/2025.1/include -I/usr/local/Cellar/libx11/1.8.13/include -I/usr/local/Cellar/libxcb/1.17.0/include -I/usr/local/Cellar/libxau/1.0.12/include -I/usr/local/Cellar/libxdmcp/1.1.5/include -pthread -c -o /var/folders/rv/fj31z1cj3j39vd6c2s012n7h0000gn/T//ffconf.JMIT29EY/test.o /var/folders/rv/fj31z1cj3j39vd6c2s012n7h0000gn/T//ffconf.JMIT29EY/test.c
gcc -arch x86_64 -mmacosx-version-min=11.0 -Wl,-dynamic,-search_paths_first -Wl,-no_warn_duplicate_libraries -pthread -o /var/folders/rv/fj31z1cj3j39vd6c2s012n7h0000gn/T//ffconf.JMIT29EY/test /var/folders/rv/fj31z1cj3j39vd6c2s012n7h0000gn/T//ffconf.JMIT29EY/test.o
check_lib pthreads pthread.h pthread_create -pthread
check_func_headers pthread.h pthread_create -pthread
test_ld cc -pthread
test_cc -pthread
BEGIN /var/folders/rv/fj31z1cj3j39vd6c2s012n7h0000gn/T//ffconf.JMIT29EY/test.c
    1	#include <pthread.h>
    2	#include <stdint.h>
    3	long check_pthread_create(void) { return (long) pthread_create; }
    4	int main(void) { int ret = 0;
    5	 ret |= ((intptr_t)check_pthread_create) & 0xFFFF;
    6	return ret; }
END /var/folders/rv/fj31z1cj3j39vd6c2s012n7h0000gn/T//ffconf.JMIT29EY/test.c
gcc -D_ISOC11_SOURCE -D_FILE_OFFSET_BITS=64 -D_LARGEFILE_SOURCE -I$(SRC_PATH)/compat/dispatch_semaphore -DPIC -fPIC -arch x86_64 -mmacosx-version-min=11.0 -Wno-error=asm-operand-widths -I/Users/runner/work/ffmpeg-build/ffmpeg-build/vulkan-headers/include -std=c17 -Werror=partial-availability -fno-common -fomit-frame-pointer -fPIC -I/usr/local/Cellar/libx11/1.8.13/include -I/usr/local/Cellar/xorgproto/2025.1/include -I/usr/local/Cellar/libxcb/1.17.0/include -I/usr/local/Cellar/libxau/1.0.12/include -I/usr/local/Cellar/libxdmcp/1.1.5/include -I/usr/local/Cellar/libxext/1.3.7/include -I/usr/local/Cellar/xorgproto/2025.1/include -I/usr/local/Cellar/libx11/1.8.13/include -I/usr/local/Cellar/libxcb/1.17.0/include -I/usr/local/Cellar/libxau/1.0.12/include -I/usr/local/Cellar/libxdmcp/1.1.5/include -pthread -c -o /var/folders/rv/fj31z1cj3j39vd6c2s012n7h0000gn/T//ffconf.JMIT29EY/test.o /var/folders/rv/fj31z1cj3j39vd6c2s012n7h0000gn/T//ffconf.JMIT29EY/test.c
gcc -arch x86_64 -mmacosx-version-min=11.0 -Wl,-dynamic,-search_paths_first -Wl,-no_warn_duplicate_libraries -pthread -o /var/folders/rv/fj31z1cj3j39vd6c2s012n7h0000gn/T//ffconf.JMIT29EY/test /var/folders/rv/fj31z1cj3j39vd6c2s012n7h0000gn/T//ffconf.JMIT29EY/test.o
check_cc pthreads pthread.h static pthread_mutex_t atomic_lock = PTHREAD_MUTEX_INITIALIZER
test_code cc pthread.h static pthread_mutex_t atomic_lock = PTHREAD_MUTEX_INITIALIZER
test_cc
BEGIN /var/folders/rv/fj31z1cj3j39vd6c2s012n7h0000gn/T//ffconf.JMIT29EY/test.c
    1	#include <pthread.h>
    2	int main(void) { static pthread_mutex_t atomic_lock = PTHREAD_MUTEX_INITIALIZER; return 0; }
END /var/folders/rv/fj31z1cj3j39vd6c2s012n7h0000gn/T//ffconf.JMIT29EY/test.c
gcc -D_ISOC11_SOURCE -D_FILE_OFFSET_BITS=64 -D_LARGEFILE_SOURCE -I$(SRC_PATH)/compat/dispatch_semaphore -DPIC -fPIC -arch x86_64 -mmacosx-version-min=11.0 -Wno-error=asm-operand-widths -I/Users/runner/work/ffmpeg-build/ffmpeg-build/vulkan-headers/include -std=c17 -Werror=partial-availability -fno-common -fomit-frame-pointer -fPIC -I/usr/local/Cellar/libx11/1.8.13/include -I/usr/local/Cellar/xorgproto/2025.1/include -I/usr/local/Cellar/libxcb/1.17.0/include -I/usr/local/Cellar/libxau/1.0.12/include -I/usr/local/Cellar/libxdmcp/1.1.5/include -I/usr/local/Cellar/libxext/1.3.7/include -I/usr/local/Cellar/xorgproto/2025.1/include -I/usr/local/Cellar/libx11/1.8.13/include -I/usr/local/Cellar/libxcb/1.17.0/include -I/usr/local/Cellar/libxau/1.0.12/include -I/usr/local/Cellar/libxdmcp/1.1.5/include -pthread -c -o /var/folders/rv/fj31z1cj3j39vd6c2s012n7h0000gn/T//ffconf.JMIT29EY/test.o /var/folders/rv/fj31z1cj3j39vd6c2s012n7h0000gn/T//ffconf.JMIT29EY/test.c
check_builtin sem_timedwait semaphore.h sem_t *s; sem_init(s,0,0); sem_timedwait(s,0); sem_destroy(s) -pthread
test_code ld semaphore.h sem_t *s; sem_init(s,0,0); sem_timedwait(s,0); sem_destroy(s) cc -pthread
test_ld cc -pthread
test_cc -pthread
BEGIN /var/folders/rv/fj31z1cj3j39vd6c2s012n7h0000gn/T//ffconf.JMIT29EY/test.c
    1	#include <semaphore.h>
    2	int main(void) { sem_t *s; sem_init(s,0,0); sem_timedwait(s,0); sem_destroy(s); return 0; }
END /var/folders/rv/fj31z1cj3j39vd6c2s012n7h0000gn/T//ffconf.JMIT29EY/test.c
gcc -D_ISOC11_SOURCE -D_FILE_OFFSET_BITS=64 -D_LARGEFILE_SOURCE -I$(SRC_PATH)/compat/dispatch_semaphore -DPIC -fPIC -arch x86_64 -mmacosx-version-min=11.0 -Wno-error=asm-operand-widths -I/Users/runner/work/ffmpeg-build/ffmpeg-build/vulkan-headers/include -std=c17 -Werror=partial-availability -fno-common -fomit-frame-pointer -fPIC -I/usr/local/Cellar/libx11/1.8.13/include -I/usr/local/Cellar/xorgproto/2025.1/include -I/usr/local/Cellar/libxcb/1.17.0/include -I/usr/local/Cellar/libxau/1.0.12/include -I/usr/local/Cellar/libxdmcp/1.1.5/include -I/usr/local/Cellar/libxext/1.3.7/include -I/usr/local/Cellar/xorgproto/2025.1/include -I/usr/local/Cellar/libx11/1.8.13/include -I/usr/local/Cellar/libxcb/1.17.0/include -I/usr/local/Cellar/libxau/1.0.12/include -I/usr/local/Cellar/libxdmcp/1.1.5/include -pthread -pthread -c -o /var/folders/rv/fj31z1cj3j39vd6c2s012n7h0000gn/T//ffconf.JMIT29EY/test.o /var/folders/rv/fj31z1cj3j39vd6c2s012n7h0000gn/T//ffconf.JMIT29EY/test.c
/var/folders/rv/fj31z1cj3j39vd6c2s012n7h0000gn/T//ffconf.JMIT29EY/test.c:2:28: warning: 'sem_init' is deprecated [-Wdeprecated-declarations]
int main(void) { sem_t *s; sem_init(s,0,0); sem_timedwait(s,0); sem_destroy(s); return 0; }
                           ^
/Applications/Xcode_15.4.app/Contents/Developer/Platforms/MacOSX.platform/Developer/SDKs/MacOSX.sdk/usr/include/sys/semaphore.h:55:42: note: 'sem_init' has been explicitly marked deprecated here
int sem_init(sem_t *, int, unsigned int) __deprecated;
                                         ^
/Applications/Xcode_15.4.app/Contents/Developer/Platforms/MacOSX.platform/Developer/SDKs/MacOSX.sdk/usr/include/sys/cdefs.h:214:40: note: expanded from macro '__deprecated'
#define __deprecated    __attribute__((__deprecated__))
                                       ^
/var/folders/rv/fj31z1cj3j39vd6c2s012n7h0000gn/T//ffconf.JMIT29EY/test.c:2:45: error: call to undeclared function 'sem_timedwait'; ISO C99 and later do not support implicit function declarations [-Wimplicit-function-declaration]
int main(void) { sem_t *s; sem_init(s,0,0); sem_timedwait(s,0); sem_destroy(s); return 0; }
                                            ^
/var/folders/rv/fj31z1cj3j39vd6c2s012n7h0000gn/T//ffconf.JMIT29EY/test.c:2:45: note: did you mean 'sem_trywait'?
/Applications/Xcode_15.4.app/Contents/Developer/Platforms/MacOSX.platform/Developer/SDKs/MacOSX.sdk/usr/include/sys/semaphore.h:58:5: note: 'sem_trywait' declared here
int sem_trywait(sem_t *);
    ^
/var/folders/rv/fj31z1cj3j39vd6c2s012n7h0000gn/T//ffconf.JMIT29EY/test.c:2:65: warning: 'sem_destroy' is deprecated [-Wdeprecated-declarations]
int main(void) { sem_t *s; sem_init(s,0,0); sem_timedwait(s,0); sem_destroy(s); return 0; }
                                                                ^
/Applications/Xcode_15.4.app/Contents/Developer/Platforms/MacOSX.platform/Developer/SDKs/MacOSX.sdk/usr/include/sys/semaphore.h:53:26: note: 'sem_destroy' has been explicitly marked deprecated here
int sem_destroy(sem_t *) __deprecated;
                         ^
/Applications/Xcode_15.4.app/Contents/Developer/Platforms/MacOSX.platform/Developer/SDKs/MacOSX.sdk/usr/include/sys/cdefs.h:214:40: note: expanded from macro '__deprecated'
#define __deprecated    __attribute__((__deprecated__))
                                       ^
2 warnings and 1 error generated.
check_func pthread_cancel -pthread
test_ld cc -pthread
test_cc -pthread
BEGIN /var/folders/rv/fj31z1cj3j39vd6c2s012n7h0000gn/T//ffconf.JMIT29EY/test.c
    1	extern int pthread_cancel();
    2	int main(void){ pthread_cancel(); }
END /var/folders/rv/fj31z1cj3j39vd6c2s012n7h0000gn/T//ffconf.JMIT29EY/test.c
gcc -D_ISOC11_SOURCE -D_FILE_OFFSET_BITS=64 -D_LARGEFILE_SOURCE -I$(SRC_PATH)/compat/dispatch_semaphore -DPIC -fPIC -arch x86_64 -mmacosx-version-min=11.0 -Wno-error=asm-operand-widths -I/Users/runner/work/ffmpeg-build/ffmpeg-build/vulkan-headers/include -std=c17 -Werror=partial-availability -fno-common -fomit-frame-pointer -fPIC -I/usr/local/Cellar/libx11/1.8.13/include -I/usr/local/Cellar/xorgproto/2025.1/include -I/usr/local/Cellar/libxcb/1.17.0/include -I/usr/local/Cellar/libxau/1.0.12/include -I/usr/local/Cellar/libxdmcp/1.1.5/include -I/usr/local/Cellar/libxext/1.3.7/include -I/usr/local/Cellar/xorgproto/2025.1/include -I/usr/local/Cellar/libx11/1.8.13/include -I/usr/local/Cellar/libxcb/1.17.0/include -I/usr/local/Cellar/libxau/1.0.12/include -I/usr/local/Cellar/libxdmcp/1.1.5/include -pthread -pthread -c -o /var/folders/rv/fj31z1cj3j39vd6c2s012n7h0000gn/T//ffconf.JMIT29EY/test.o /var/folders/rv/fj31z1cj3j39vd6c2s012n7h0000gn/T//ffconf.JMIT29EY/test.c
gcc -arch x86_64 -mmacosx-version-min=11.0 -Wl,-dynamic,-search_paths_first -Wl,-no_warn_duplicate_libraries -pthread -o /var/folders/rv/fj31z1cj3j39vd6c2s012n7h0000gn/T//ffconf.JMIT29EY/test /var/folders/rv/fj31z1cj3j39vd6c2s012n7h0000gn/T//ffconf.JMIT29EY/test.o
check_lib pthread_set_name_np pthread.h pthread_set_name_np -lpthread
check_func_headers pthread.h pthread_set_name_np -lpthread
test_ld cc -lpthread
test_cc
BEGIN /var/folders/rv/fj31z1cj3j39vd6c2s012n7h0000gn/T//ffconf.JMIT29EY/test.c
    1	#include <pthread.h>
    2	#include <stdint.h>
    3	long check_pthread_set_name_np(void) { return (long) pthread_set_name_np; }
    4	int main(void) { int ret = 0;
    5	 ret |= ((intptr_t)check_pthread_set_name_np) & 0xFFFF;
    6	return ret; }
END /var/folders/rv/fj31z1cj3j39vd6c2s012n7h0000gn/T//ffconf.JMIT29EY/test.c
gcc -D_ISOC11_SOURCE -D_FILE_OFFSET_BITS=64 -D_LARGEFILE_SOURCE -I$(SRC_PATH)/compat/dispatch_semaphore -DPIC -fPIC -arch x86_64 -mmacosx-version-min=11.0 -Wno-error=asm-operand-widths -I/Users/runner/work/ffmpeg-build/ffmpeg-build/vulkan-headers/include -std=c17 -Werror=partial-availability -fno-common -fomit-frame-pointer -fPIC -I/usr/local/Cellar/libx11/1.8.13/include -I/usr/local/Cellar/xorgproto/2025.1/include -I/usr/local/Cellar/libxcb/1.17.0/include -I/usr/local/Cellar/libxau/1.0.12/include -I/usr/local/Cellar/libxdmcp/1.1.5/include -I/usr/local/Cellar/libxext/1.3.7/include -I/usr/local/Cellar/xorgproto/2025.1/include -I/usr/local/Cellar/libx11/1.8.13/include -I/usr/local/Cellar/libxcb/1.17.0/include -I/usr/local/Cellar/libxau/1.0.12/include -I/usr/local/Cellar/libxdmcp/1.1.5/include -pthread -c -o /var/folders/rv/fj31z1cj3j39vd6c2s012n7h0000gn/T//ffconf.JMIT29EY/test.o /var/folders/rv/fj31z1cj3j39vd6c2s012n7h0000gn/T//ffconf.JMIT29EY/test.c
/var/folders/rv/fj31z1cj3j39vd6c2s012n7h0000gn/T//ffconf.JMIT29EY/test.c:3:54: error: use of undeclared identifier 'pthread_set_name_np'
long check_pthread_set_name_np(void) { return (long) pthread_set_name_np; }
                                                     ^
1 error generated.
check_lib pthread_setname_np pthread.h pthread_setname_np -lpthread
check_func_headers pthread.h pthread_setname_np -lpthread
test_ld cc -lpthread
test_cc
BEGIN /var/folders/rv/fj31z1cj3j39vd6c2s012n7h0000gn/T//ffconf.JMIT29EY/test.c
    1	#include <pthread.h>
    2	#include <stdint.h>
    3	long check_pthread_setname_np(void) { return (long) pthread_setname_np; }
    4	int main(void) { int ret = 0;
    5	 ret |= ((intptr_t)check_pthread_setname_np) & 0xFFFF;
    6	return ret; }
END /var/folders/rv/fj31z1cj3j39vd6c2s012n7h0000gn/T//ffconf.JMIT29EY/test.c
gcc -D_ISOC11_SOURCE -D_FILE_OFFSET_BITS=64 -D_LARGEFILE_SOURCE -I$(SRC_PATH)/compat/dispatch_semaphore -DPIC -fPIC -arch x86_64 -mmacosx-version-min=11.0 -Wno-error=asm-operand-widths -I/Users/runner/work/ffmpeg-build/ffmpeg-build/vulkan-headers/include -std=c17 -Werror=partial-availability -fno-common -fomit-frame-pointer -fPIC -I/usr/local/Cellar/libx11/1.8.13/include -I/usr/local/Cellar/xorgproto/2025.1/include -I/usr/local/Cellar/libxcb/1.17.0/include -I/usr/local/Cellar/libxau/1.0.12/include -I/usr/local/Cellar/libxdmcp/1.1.5/include -I/usr/local/Cellar/libxext/1.3.7/include -I/usr/local/Cellar/xorgproto/2025.1/include -I/usr/local/Cellar/libx11/1.8.13/include -I/usr/local/Cellar/libxcb/1.17.0/include -I/usr/local/Cellar/libxau/1.0.12/include -I/usr/local/Cellar/libxdmcp/1.1.5/include -pthread -c -o /var/folders/rv/fj31z1cj3j39vd6c2s012n7h0000gn/T//ffconf.JMIT29EY/test.o /var/folders/rv/fj31z1cj3j39vd6c2s012n7h0000gn/T//ffconf.JMIT29EY/test.c
gcc -arch x86_64 -mmacosx-version-min=11.0 -Wl,-dynamic,-search_paths_first -Wl,-no_warn_duplicate_libraries -o /var/folders/rv/fj31z1cj3j39vd6c2s012n7h0000gn/T//ffconf.JMIT29EY/test /var/folders/rv/fj31z1cj3j39vd6c2s012n7h0000gn/T//ffconf.JMIT29EY/test.o -lpthread
check_pkg_config zlib zlib zlib.h zlibVersion
test_pkg_config zlib zlib zlib.h zlibVersion
pkg-config --exists --print-errors zlib
check_func_headers zlib.h zlibVersion -lz
test_ld cc -lz
test_cc
BEGIN /var/folders/rv/fj31z1cj3j39vd6c2s012n7h0000gn/T//ffconf.JMIT29EY/test.c
    1	#include <zlib.h>
    2	#include <stdint.h>
    3	long check_zlibVersion(void) { return (long) zlibVersion; }
    4	int main(void) { int ret = 0;
    5	 ret |= ((intptr_t)check_zlibVersion) & 0xFFFF;
    6	return ret; }
END /var/folders/rv/fj31z1cj3j39vd6c2s012n7h0000gn/T//ffconf.JMIT29EY/test.c
gcc -D_ISOC11_SOURCE -D_FILE_OFFSET_BITS=64 -D_LARGEFILE_SOURCE -I$(SRC_PATH)/compat/dispatch_semaphore -DPIC -fPIC -arch x86_64 -mmacosx-version-min=11.0 -Wno-error=asm-operand-widths -I/Users/runner/work/ffmpeg-build/ffmpeg-build/vulkan-headers/include -std=c17 -Werror=partial-availability -fno-common -fomit-frame-pointer -fPIC -I/usr/local/Cellar/libx11/1.8.13/include -I/usr/local/Cellar/xorgproto/2025.1/include -I/usr/local/Cellar/libxcb/1.17.0/include -I/usr/local/Cellar/libxau/1.0.12/include -I/usr/local/Cellar/libxdmcp/1.1.5/include -I/usr/local/Cellar/libxext/1.3.7/include -I/usr/local/Cellar/xorgproto/2025.1/include -I/usr/local/Cellar/libx11/1.8.13/include -I/usr/local/Cellar/libxcb/1.17.0/include -I/usr/local/Cellar/libxau/1.0.12/include -I/usr/local/Cellar/libxdmcp/1.1.5/include -pthread -c -o /var/folders/rv/fj31z1cj3j39vd6c2s012n7h0000gn/T//ffconf.JMIT29EY/test.o /var/folders/rv/fj31z1cj3j39vd6c2s012n7h0000gn/T//ffconf.JMIT29EY/test.c
gcc -arch x86_64 -mmacosx-version-min=11.0 -Wl,-dynamic,-search_paths_first -Wl,-no_warn_duplicate_libraries -o /var/folders/rv/fj31z1cj3j39vd6c2s012n7h0000gn/T//ffconf.JMIT29EY/test /var/folders/rv/fj31z1cj3j39vd6c2s012n7h0000gn/T//ffconf.JMIT29EY/test.o -lz
check_lib bzlib bzlib.h BZ2_bzlibVersion -lbz2
check_func_headers bzlib.h BZ2_bzlibVersion -lbz2
test_ld cc -lbz2
test_cc
BEGIN /var/folders/rv/fj31z1cj3j39vd6c2s012n7h0000gn/T//ffconf.JMIT29EY/test.c
    1	#include <bzlib.h>
    2	#include <stdint.h>
    3	long check_BZ2_bzlibVersion(void) { return (long) BZ2_bzlibVersion; }
    4	int main(void) { int ret = 0;
    5	 ret |= ((intptr_t)check_BZ2_bzlibVersion) & 0xFFFF;
    6	return ret; }
END /var/folders/rv/fj31z1cj3j39vd6c2s012n7h0000gn/T//ffconf.JMIT29EY/test.c
gcc -D_ISOC11_SOURCE -D_FILE_OFFSET_BITS=64 -D_LARGEFILE_SOURCE -I$(SRC_PATH)/compat/dispatch_semaphore -DPIC -fPIC -arch x86_64 -mmacosx-version-min=11.0 -Wno-error=asm-operand-widths -I/Users/runner/work/ffmpeg-build/ffmpeg-build/vulkan-headers/include -std=c17 -Werror=partial-availability -fno-common -fomit-frame-pointer -fPIC -I/usr/local/Cellar/libx11/1.8.13/include -I/usr/local/Cellar/xorgproto/2025.1/include -I/usr/local/Cellar/libxcb/1.17.0/include -I/usr/local/Cellar/libxau/1.0.12/include -I/usr/local/Cellar/libxdmcp/1.1.5/include -I/usr/local/Cellar/libxext/1.3.7/include -I/usr/local/Cellar/xorgproto/2025.1/include -I/usr/local/Cellar/libx11/1.8.13/include -I/usr/local/Cellar/libxcb/1.17.0/include -I/usr/local/Cellar/libxau/1.0.12/include -I/usr/local/Cellar/libxdmcp/1.1.5/include -pthread -c -o /var/folders/rv/fj31z1cj3j39vd6c2s012n7h0000gn/T//ffconf.JMIT29EY/test.o /var/folders/rv/fj31z1cj3j39vd6c2s012n7h0000gn/T//ffconf.JMIT29EY/test.c
gcc -arch x86_64 -mmacosx-version-min=11.0 -Wl,-dynamic,-search_paths_first -Wl,-no_warn_duplicate_libraries -o /var/folders/rv/fj31z1cj3j39vd6c2s012n7h0000gn/T//ffconf.JMIT29EY/test /var/folders/rv/fj31z1cj3j39vd6c2s012n7h0000gn/T//ffconf.JMIT29EY/test.o -lbz2
check_lib lzma lzma.h lzma_version_number -llzma
check_func_headers lzma.h lzma_version_number -llzma
test_ld cc -llzma
test_cc
BEGIN /var/folders/rv/fj31z1cj3j39vd6c2s012n7h0000gn/T//ffconf.JMIT29EY/test.c
    1	#include <lzma.h>
    2	#include <stdint.h>
    3	long check_lzma_version_number(void) { return (long) lzma_version_number; }
    4	int main(void) { int ret = 0;
    5	 ret |= ((intptr_t)check_lzma_version_number) & 0xFFFF;
    6	return ret; }
END /var/folders/rv/fj31z1cj3j39vd6c2s012n7h0000gn/T//ffconf.JMIT29EY/test.c
gcc -D_ISOC11_SOURCE -D_FILE_OFFSET_BITS=64 -D_LARGEFILE_SOURCE -I$(SRC_PATH)/compat/dispatch_semaphore -DPIC -fPIC -arch x86_64 -mmacosx-version-min=11.0 -Wno-error=asm-operand-widths -I/Users/runner/work/ffmpeg-build/ffmpeg-build/vulkan-headers/include -std=c17 -Werror=partial-availability -fno-common -fomit-frame-pointer -fPIC -I/usr/local/Cellar/libx11/1.8.13/include -I/usr/local/Cellar/xorgproto/2025.1/include -I/usr/local/Cellar/libxcb/1.17.0/include -I/usr/local/Cellar/libxau/1.0.12/include -I/usr/local/Cellar/libxdmcp/1.1.5/include -I/usr/local/Cellar/libxext/1.3.7/include -I/usr/local/Cellar/xorgproto/2025.1/include -I/usr/local/Cellar/libx11/1.8.13/include -I/usr/local/Cellar/libxcb/1.17.0/include -I/usr/local/Cellar/libxau/1.0.12/include -I/usr/local/Cellar/libxdmcp/1.1.5/include -pthread -c -o /var/folders/rv/fj31z1cj3j39vd6c2s012n7h0000gn/T//ffconf.JMIT29EY/test.o /var/folders/rv/fj31z1cj3j39vd6c2s012n7h0000gn/T//ffconf.JMIT29EY/test.c
gcc -arch x86_64 -mmacosx-version-min=11.0 -Wl,-dynamic,-search_paths_first -Wl,-no_warn_duplicate_libraries -o /var/folders/rv/fj31z1cj3j39vd6c2s012n7h0000gn/T//ffconf.JMIT29EY/test /var/folders/rv/fj31z1cj3j39vd6c2s012n7h0000gn/T//ffconf.JMIT29EY/test.o -llzma
test_ld cc -lz
test_cc
BEGIN /var/folders/rv/fj31z1cj3j39vd6c2s012n7h0000gn/T//ffconf.JMIT29EY/test.c
    1	#include <zlib.h>
    2	int main(void) {
    3	    if (zlibCompileFlags() & (1 << 17)) return 1;
    4	    return 0;
    5	}
END /var/folders/rv/fj31z1cj3j39vd6c2s012n7h0000gn/T//ffconf.JMIT29EY/test.c
gcc -D_ISOC11_SOURCE -D_FILE_OFFSET_BITS=64 -D_LARGEFILE_SOURCE -I$(SRC_PATH)/compat/dispatch_semaphore -DPIC -fPIC -arch x86_64 -mmacosx-version-min=11.0 -Wno-error=asm-operand-widths -I/Users/runner/work/ffmpeg-build/ffmpeg-build/vulkan-headers/include -std=c17 -Werror=partial-availability -fno-common -fomit-frame-pointer -fPIC -I/usr/local/Cellar/libx11/1.8.13/include -I/usr/local/Cellar/xorgproto/2025.1/include -I/usr/local/Cellar/libxcb/1.17.0/include -I/usr/local/Cellar/libxau/1.0.12/include -I/usr/local/Cellar/libxdmcp/1.1.5/include -I/usr/local/Cellar/libxext/1.3.7/include -I/usr/local/Cellar/xorgproto/2025.1/include -I/usr/local/Cellar/libx11/1.8.13/include -I/usr/local/Cellar/libxcb/1.17.0/include -I/usr/local/Cellar/libxau/1.0.12/include -I/usr/local/Cellar/libxdmcp/1.1.5/include -pthread -c -o /var/folders/rv/fj31z1cj3j39vd6c2s012n7h0000gn/T//ffconf.JMIT29EY/test.o /var/folders/rv/fj31z1cj3j39vd6c2s012n7h0000gn/T//ffconf.JMIT29EY/test.c
gcc -arch x86_64 -mmacosx-version-min=11.0 -Wl,-dynamic,-search_paths_first -Wl,-no_warn_duplicate_libraries -o /var/folders/rv/fj31z1cj3j39vd6c2s012n7h0000gn/T//ffconf.JMIT29EY/test /var/folders/rv/fj31z1cj3j39vd6c2s012n7h0000gn/T//ffconf.JMIT29EY/test.o -lz
check_lib libdl dlfcn.h dlopen dlsym
check_func_headers dlfcn.h dlopen dlsym
test_ld cc
test_cc
BEGIN /var/folders/rv/fj31z1cj3j39vd6c2s012n7h0000gn/T//ffconf.JMIT29EY/test.c
    1	#include <dlfcn.h>
    2	#include <stdint.h>
    3	long check_dlopen(void) { return (long) dlopen; }
    4	long check_dlsym(void) { return (long) dlsym; }
    5	int main(void) { int ret = 0;
    6	 ret |= ((intptr_t)check_dlopen) & 0xFFFF;
    7	 ret |= ((intptr_t)check_dlsym) & 0xFFFF;
    8	return ret; }
END /var/folders/rv/fj31z1cj3j39vd6c2s012n7h0000gn/T//ffconf.JMIT29EY/test.c
gcc -D_ISOC11_SOURCE -D_FILE_OFFSET_BITS=64 -D_LARGEFILE_SOURCE -I$(SRC_PATH)/compat/dispatch_semaphore -DPIC -fPIC -arch x86_64 -mmacosx-version-min=11.0 -Wno-error=asm-operand-widths -I/Users/runner/work/ffmpeg-build/ffmpeg-build/vulkan-headers/include -std=c17 -Werror=partial-availability -fno-common -fomit-frame-pointer -fPIC -I/usr/local/Cellar/libx11/1.8.13/include -I/usr/local/Cellar/xorgproto/2025.1/include -I/usr/local/Cellar/libxcb/1.17.0/include -I/usr/local/Cellar/libxau/1.0.12/include -I/usr/local/Cellar/libxdmcp/1.1.5/include -I/usr/local/Cellar/libxext/1.3.7/include -I/usr/local/Cellar/xorgproto/2025.1/include -I/usr/local/Cellar/libx11/1.8.13/include -I/usr/local/Cellar/libxcb/1.17.0/include -I/usr/local/Cellar/libxau/1.0.12/include -I/usr/local/Cellar/libxdmcp/1.1.5/include -pthread -c -o /var/folders/rv/fj31z1cj3j39vd6c2s012n7h0000gn/T//ffconf.JMIT29EY/test.o /var/folders/rv/fj31z1cj3j39vd6c2s012n7h0000gn/T//ffconf.JMIT29EY/test.c
gcc -arch x86_64 -mmacosx-version-min=11.0 -Wl,-dynamic,-search_paths_first -Wl,-no_warn_duplicate_libraries -o /var/folders/rv/fj31z1cj3j39vd6c2s012n7h0000gn/T//ffconf.JMIT29EY/test /var/folders/rv/fj31z1cj3j39vd6c2s012n7h0000gn/T//ffconf.JMIT29EY/test.o
check_lib libm math.h sin -lm
check_func_headers math.h sin -lm
test_ld cc -lm
test_cc
BEGIN /var/folders/rv/fj31z1cj3j39vd6c2s012n7h0000gn/T//ffconf.JMIT29EY/test.c
    1	#include <math.h>
    2	#include <stdint.h>
    3	long check_sin(void) { return (long) sin; }
    4	int main(void) { int ret = 0;
    5	 ret |= ((intptr_t)check_sin) & 0xFFFF;
    6	return ret; }
END /var/folders/rv/fj31z1cj3j39vd6c2s012n7h0000gn/T//ffconf.JMIT29EY/test.c
gcc -D_ISOC11_SOURCE -D_FILE_OFFSET_BITS=64 -D_LARGEFILE_SOURCE -I$(SRC_PATH)/compat/dispatch_semaphore -DPIC -fPIC -arch x86_64 -mmacosx-version-min=11.0 -Wno-error=asm-operand-widths -I/Users/runner/work/ffmpeg-build/ffmpeg-build/vulkan-headers/include -std=c17 -Werror=partial-availability -fno-common -fomit-frame-pointer -fPIC -I/usr/local/Cellar/libx11/1.8.13/include -I/usr/local/Cellar/xorgproto/2025.1/include -I/usr/local/Cellar/libxcb/1.17.0/include -I/usr/local/Cellar/libxau/1.0.12/include -I/usr/local/Cellar/libxdmcp/1.1.5/include -I/usr/local/Cellar/libxext/1.3.7/include -I/usr/local/Cellar/xorgproto/2025.1/include -I/usr/local/Cellar/libx11/1.8.13/include -I/usr/local/Cellar/libxcb/1.17.0/include -I/usr/local/Cellar/libxau/1.0.12/include -I/usr/local/Cellar/libxdmcp/1.1.5/include -pthread -c -o /var/folders/rv/fj31z1cj3j39vd6c2s012n7h0000gn/T//ffconf.JMIT29EY/test.o /var/folders/rv/fj31z1cj3j39vd6c2s012n7h0000gn/T//ffconf.JMIT29EY/test.c
gcc -arch x86_64 -mmacosx-version-min=11.0 -Wl,-dynamic,-search_paths_first -Wl,-no_warn_duplicate_libraries -o /var/folders/rv/fj31z1cj3j39vd6c2s012n7h0000gn/T//ffconf.JMIT29EY/test /var/folders/rv/fj31z1cj3j39vd6c2s012n7h0000gn/T//ffconf.JMIT29EY/test.o -lm
check_mathfunc atanf 1 -lm
test_ld cc -lm
test_cc
BEGIN /var/folders/rv/fj31z1cj3j39vd6c2s012n7h0000gn/T//ffconf.JMIT29EY/test.c
    1	#include <math.h>
    2	float foo(float f, float g) { return atanf(f); }
    3	int main(void){ return (int) foo; }
END /var/folders/rv/fj31z1cj3j39vd6c2s012n7h0000gn/T//ffconf.JMIT29EY/test.c
gcc -D_ISOC11_SOURCE -D_FILE_OFFSET_BITS=64 -D_LARGEFILE_SOURCE -I$(SRC_PATH)/compat/dispatch_semaphore -DPIC -fPIC -arch x86_64 -mmacosx-version-min=11.0 -Wno-error=asm-operand-widths -I/Users/runner/work/ffmpeg-build/ffmpeg-build/vulkan-headers/include -std=c17 -Werror=partial-availability -fno-common -fomit-frame-pointer -fPIC -I/usr/local/Cellar/libx11/1.8.13/include -I/usr/local/Cellar/xorgproto/2025.1/include -I/usr/local/Cellar/libxcb/1.17.0/include -I/usr/local/Cellar/libxau/1.0.12/include -I/usr/local/Cellar/libxdmcp/1.1.5/include -I/usr/local/Cellar/libxext/1.3.7/include -I/usr/local/Cellar/xorgproto/2025.1/include -I/usr/local/Cellar/libx11/1.8.13/include -I/usr/local/Cellar/libxcb/1.17.0/include -I/usr/local/Cellar/libxau/1.0.12/include -I/usr/local/Cellar/libxdmcp/1.1.5/include -pthread -c -o /var/folders/rv/fj31z1cj3j39vd6c2s012n7h0000gn/T//ffconf.JMIT29EY/test.o /var/folders/rv/fj31z1cj3j39vd6c2s012n7h0000gn/T//ffconf.JMIT29EY/test.c
/var/folders/rv/fj31z1cj3j39vd6c2s012n7h0000gn/T//ffconf.JMIT29EY/test.c:3:24: warning: cast to smaller integer type 'int' from 'float (*)(float, float)' [-Wpointer-to-int-cast]
int main(void){ return (int) foo; }
                       ^~~~~~~~~
1 warning generated.
gcc -arch x86_64 -mmacosx-version-min=11.0 -Wl,-dynamic,-search_paths_first -Wl,-no_warn_duplicate_libraries -o /var/folders/rv/fj31z1cj3j39vd6c2s012n7h0000gn/T//ffconf.JMIT29EY/test /var/folders/rv/fj31z1cj3j39vd6c2s012n7h0000gn/T//ffconf.JMIT29EY/test.o -lm
check_mathfunc atan2f 2 -lm
test_ld cc -lm
test_cc
BEGIN /var/folders/rv/fj31z1cj3j39vd6c2s012n7h0000gn/T//ffconf.JMIT29EY/test.c
    1	#include <math.h>
    2	float foo(float f, float g) { return atan2f(f, g); }
    3	int main(void){ return (int) foo; }
END /var/folders/rv/fj31z1cj3j39vd6c2s012n7h0000gn/T//ffconf.JMIT29EY/test.c
gcc -D_ISOC11_SOURCE -D_FILE_OFFSET_BITS=64 -D_LARGEFILE_SOURCE -I$(SRC_PATH)/compat/dispatch_semaphore -DPIC -fPIC -arch x86_64 -mmacosx-version-min=11.0 -Wno-error=asm-operand-widths -I/Users/runner/work/ffmpeg-build/ffmpeg-build/vulkan-headers/include -std=c17 -Werror=partial-availability -fno-common -fomit-frame-pointer -fPIC -I/usr/local/Cellar/libx11/1.8.13/include -I/usr/local/Cellar/xorgproto/2025.1/include -I/usr/local/Cellar/libxcb/1.17.0/include -I/usr/local/Cellar/libxau/1.0.12/include -I/usr/local/Cellar/libxdmcp/1.1.5/include -I/usr/local/Cellar/libxext/1.3.7/include -I/usr/local/Cellar/xorgproto/2025.1/include -I/usr/local/Cellar/libx11/1.8.13/include -I/usr/local/Cellar/libxcb/1.17.0/include -I/usr/local/Cellar/libxau/1.0.12/include -I/usr/local/Cellar/libxdmcp/1.1.5/include -pthread -c -o /var/folders/rv/fj31z1cj3j39vd6c2s012n7h0000gn/T//ffconf.JMIT29EY/test.o /var/folders/rv/fj31z1cj3j39vd6c2s012n7h0000gn/T//ffconf.JMIT29EY/test.c
/var/folders/rv/fj31z1cj3j39vd6c2s012n7h0000gn/T//ffconf.JMIT29EY/test.c:3:24: warning: cast to smaller integer type 'int' from 'float (*)(float, float)' [-Wpointer-to-int-cast]
int main(void){ return (int) foo; }
                       ^~~~~~~~~
1 warning generated.
gcc -arch x86_64 -mmacosx-version-min=11.0 -Wl,-dynamic,-search_paths_first -Wl,-no_warn_duplicate_libraries -o /var/folders/rv/fj31z1cj3j39vd6c2s012n7h0000gn/T//ffconf.JMIT29EY/test /var/folders/rv/fj31z1cj3j39vd6c2s012n7h0000gn/T//ffconf.JMIT29EY/test.o -lm
check_mathfunc cbrt 1 -lm
test_ld cc -lm
test_cc
BEGIN /var/folders/rv/fj31z1cj3j39vd6c2s012n7h0000gn/T//ffconf.JMIT29EY/test.c
    1	#include <math.h>
    2	float foo(float f, float g) { return cbrt(f); }
    3	int main(void){ return (int) foo; }
END /var/folders/rv/fj31z1cj3j39vd6c2s012n7h0000gn/T//ffconf.JMIT29EY/test.c
gcc -D_ISOC11_SOURCE -D_FILE_OFFSET_BITS=64 -D_LARGEFILE_SOURCE -I$(SRC_PATH)/compat/dispatch_semaphore -DPIC -fPIC -arch x86_64 -mmacosx-version-min=11.0 -Wno-error=asm-operand-widths -I/Users/runner/work/ffmpeg-build/ffmpeg-build/vulkan-headers/include -std=c17 -Werror=partial-availability -fno-common -fomit-frame-pointer -fPIC -I/usr/local/Cellar/libx11/1.8.13/include -I/usr/local/Cellar/xorgproto/2025.1/include -I/usr/local/Cellar/libxcb/1.17.0/include -I/usr/local/Cellar/libxau/1.0.12/include -I/usr/local/Cellar/libxdmcp/1.1.5/include -I/usr/local/Cellar/libxext/1.3.7/include -I/usr/local/Cellar/xorgproto/2025.1/include -I/usr/local/Cellar/libx11/1.8.13/include -I/usr/local/Cellar/libxcb/1.17.0/include -I/usr/local/Cellar/libxau/1.0.12/include -I/usr/local/Cellar/libxdmcp/1.1.5/include -pthread -c -o /var/folders/rv/fj31z1cj3j39vd6c2s012n7h0000gn/T//ffconf.JMIT29EY/test.o /var/folders/rv/fj31z1cj3j39vd6c2s012n7h0000gn/T//ffconf.JMIT29EY/test.c
/var/folders/rv/fj31z1cj3j39vd6c2s012n7h0000gn/T//ffconf.JMIT29EY/test.c:3:24: warning: cast to smaller integer type 'int' from 'float (*)(float, float)' [-Wpointer-to-int-cast]
int main(void){ return (int) foo; }
                       ^~~~~~~~~
1 warning generated.
gcc -arch x86_64 -mmacosx-version-min=11.0 -Wl,-dynamic,-search_paths_first -Wl,-no_warn_duplicate_libraries -o /var/folders/rv/fj31z1cj3j39vd6c2s012n7h0000gn/T//ffconf.JMIT29EY/test /var/folders/rv/fj31z1cj3j39vd6c2s012n7h0000gn/T//ffconf.JMIT29EY/test.o -lm
check_mathfunc cbrtf 1 -lm
test_ld cc -lm
test_cc
BEGIN /var/folders/rv/fj31z1cj3j39vd6c2s012n7h0000gn/T//ffconf.JMIT29EY/test.c
    1	#include <math.h>
    2	float foo(float f, float g) { return cbrtf(f); }
    3	int main(void){ return (int) foo; }
END /var/folders/rv/fj31z1cj3j39vd6c2s012n7h0000gn/T//ffconf.JMIT29EY/test.c
gcc -D_ISOC11_SOURCE -D_FILE_OFFSET_BITS=64 -D_LARGEFILE_SOURCE -I$(SRC_PATH)/compat/dispatch_semaphore -DPIC -fPIC -arch x86_64 -mmacosx-version-min=11.0 -Wno-error=asm-operand-widths -I/Users/runner/work/ffmpeg-build/ffmpeg-build/vulkan-headers/include -std=c17 -Werror=partial-availability -fno-common -fomit-frame-pointer -fPIC -I/usr/local/Cellar/libx11/1.8.13/include -I/usr/local/Cellar/xorgproto/2025.1/include -I/usr/local/Cellar/libxcb/1.17.0/include -I/usr/local/Cellar/libxau/1.0.12/include -I/usr/local/Cellar/libxdmcp/1.1.5/include -I/usr/local/Cellar/libxext/1.3.7/include -I/usr/local/Cellar/xorgproto/2025.1/include -I/usr/local/Cellar/libx11/1.8.13/include -I/usr/local/Cellar/libxcb/1.17.0/include -I/usr/local/Cellar/libxau/1.0.12/include -I/usr/local/Cellar/libxdmcp/1.1.5/include -pthread -c -o /var/folders/rv/fj31z1cj3j39vd6c2s012n7h0000gn/T//ffconf.JMIT29EY/test.o /var/folders/rv/fj31z1cj3j39vd6c2s012n7h0000gn/T//ffconf.JMIT29EY/test.c
/var/folders/rv/fj31z1cj3j39vd6c2s012n7h0000gn/T//ffconf.JMIT29EY/test.c:3:24: warning: cast to smaller integer type 'int' from 'float (*)(float, float)' [-Wpointer-to-int-cast]
int main(void){ return (int) foo; }
                       ^~~~~~~~~
1 warning generated.
gcc -arch x86_64 -mmacosx-version-min=11.0 -Wl,-dynamic,-search_paths_first -Wl,-no_warn_duplicate_libraries -o /var/folders/rv/fj31z1cj3j39vd6c2s012n7h0000gn/T//ffconf.JMIT29EY/test /var/folders/rv/fj31z1cj3j39vd6c2s012n7h0000gn/T//ffconf.JMIT29EY/test.o -lm
check_mathfunc copysign 2 -lm
test_ld cc -lm
test_cc
BEGIN /var/folders/rv/fj31z1cj3j39vd6c2s012n7h0000gn/T//ffconf.JMIT29EY/test.c
    1	#include <math.h>
    2	float foo(float f, float g) { return copysign(f, g); }
    3	int main(void){ return (int) foo; }
END /var/folders/rv/fj31z1cj3j39vd6c2s012n7h0000gn/T//ffconf.JMIT29EY/test.c
gcc -D_ISOC11_SOURCE -D_FILE_OFFSET_BITS=64 -D_LARGEFILE_SOURCE -I$(SRC_PATH)/compat/dispatch_semaphore -DPIC -fPIC -arch x86_64 -mmacosx-version-min=11.0 -Wno-error=asm-operand-widths -I/Users/runner/work/ffmpeg-build/ffmpeg-build/vulkan-headers/include -std=c17 -Werror=partial-availability -fno-common -fomit-frame-pointer -fPIC -I/usr/local/Cellar/libx11/1.8.13/include -I/usr/local/Cellar/xorgproto/2025.1/include -I/usr/local/Cellar/libxcb/1.17.0/include -I/usr/local/Cellar/libxau/1.0.12/include -I/usr/local/Cellar/libxdmcp/1.1.5/include -I/usr/local/Cellar/libxext/1.3.7/include -I/usr/local/Cellar/xorgproto/2025.1/include -I/usr/local/Cellar/libx11/1.8.13/include -I/usr/local/Cellar/libxcb/1.17.0/include -I/usr/local/Cellar/libxau/1.0.12/include -I/usr/local/Cellar/libxdmcp/1.1.5/include -pthread -c -o /var/folders/rv/fj31z1cj3j39vd6c2s012n7h0000gn/T//ffconf.JMIT29EY/test.o /var/folders/rv/fj31z1cj3j39vd6c2s012n7h0000gn/T//ffconf.JMIT29EY/test.c
/var/folders/rv/fj31z1cj3j39vd6c2s012n7h0000gn/T//ffconf.JMIT29EY/test.c:3:24: warning: cast to smaller integer type 'int' from 'float (*)(float, float)' [-Wpointer-to-int-cast]
int main(void){ return (int) foo; }
                       ^~~~~~~~~
1 warning generated.
gcc -arch x86_64 -mmacosx-version-min=11.0 -Wl,-dynamic,-search_paths_first -Wl,-no_warn_duplicate_libraries -o /var/folders/rv/fj31z1cj3j39vd6c2s012n7h0000gn/T//ffconf.JMIT29EY/test /var/folders/rv/fj31z1cj3j39vd6c2s012n7h0000gn/T//ffconf.JMIT29EY/test.o -lm
check_mathfunc cosf 1 -lm
test_ld cc -lm
test_cc
BEGIN /var/folders/rv/fj31z1cj3j39vd6c2s012n7h0000gn/T//ffconf.JMIT29EY/test.c
    1	#include <math.h>
    2	float foo(float f, float g) { return cosf(f); }
    3	int main(void){ return (int) foo; }
END /var/folders/rv/fj31z1cj3j39vd6c2s012n7h0000gn/T//ffconf.JMIT29EY/test.c
gcc -D_ISOC11_SOURCE -D_FILE_OFFSET_BITS=64 -D_LARGEFILE_SOURCE -I$(SRC_PATH)/compat/dispatch_semaphore -DPIC -fPIC -arch x86_64 -mmacosx-version-min=11.0 -Wno-error=asm-operand-widths -I/Users/runner/work/ffmpeg-build/ffmpeg-build/vulkan-headers/include -std=c17 -Werror=partial-availability -fno-common -fomit-frame-pointer -fPIC -I/usr/local/Cellar/libx11/1.8.13/include -I/usr/local/Cellar/xorgproto/2025.1/include -I/usr/local/Cellar/libxcb/1.17.0/include -I/usr/local/Cellar/libxau/1.0.12/include -I/usr/local/Cellar/libxdmcp/1.1.5/include -I/usr/local/Cellar/libxext/1.3.7/include -I/usr/local/Cellar/xorgproto/2025.1/include -I/usr/local/Cellar/libx11/1.8.13/include -I/usr/local/Cellar/libxcb/1.17.0/include -I/usr/local/Cellar/libxau/1.0.12/include -I/usr/local/Cellar/libxdmcp/1.1.5/include -pthread -c -o /var/folders/rv/fj31z1cj3j39vd6c2s012n7h0000gn/T//ffconf.JMIT29EY/test.o /var/folders/rv/fj31z1cj3j39vd6c2s012n7h0000gn/T//ffconf.JMIT29EY/test.c
/var/folders/rv/fj31z1cj3j39vd6c2s012n7h0000gn/T//ffconf.JMIT29EY/test.c:3:24: warning: cast to smaller integer type 'int' from 'float (*)(float, float)' [-Wpointer-to-int-cast]
int main(void){ return (int) foo; }
                       ^~~~~~~~~
1 warning generated.
gcc -arch x86_64 -mmacosx-version-min=11.0 -Wl,-dynamic,-search_paths_first -Wl,-no_warn_duplicate_libraries -o /var/folders/rv/fj31z1cj3j39vd6c2s012n7h0000gn/T//ffconf.JMIT29EY/test /var/folders/rv/fj31z1cj3j39vd6c2s012n7h0000gn/T//ffconf.JMIT29EY/test.o -lm
check_mathfunc erf 1 -lm
test_ld cc -lm
test_cc
BEGIN /var/folders/rv/fj31z1cj3j39vd6c2s012n7h0000gn/T//ffconf.JMIT29EY/test.c
    1	#include <math.h>
    2	float foo(float f, float g) { return erf(f); }
    3	int main(void){ return (int) foo; }
END /var/folders/rv/fj31z1cj3j39vd6c2s012n7h0000gn/T//ffconf.JMIT29EY/test.c
gcc -D_ISOC11_SOURCE -D_FILE_OFFSET_BITS=64 -D_LARGEFILE_SOURCE -I$(SRC_PATH)/compat/dispatch_semaphore -DPIC -fPIC -arch x86_64 -mmacosx-version-min=11.0 -Wno-error=asm-operand-widths -I/Users/runner/work/ffmpeg-build/ffmpeg-build/vulkan-headers/include -std=c17 -Werror=partial-availability -fno-common -fomit-frame-pointer -fPIC -I/usr/local/Cellar/libx11/1.8.13/include -I/usr/local/Cellar/xorgproto/2025.1/include -I/usr/local/Cellar/libxcb/1.17.0/include -I/usr/local/Cellar/libxau/1.0.12/include -I/usr/local/Cellar/libxdmcp/1.1.5/include -I/usr/local/Cellar/libxext/1.3.7/include -I/usr/local/Cellar/xorgproto/2025.1/include -I/usr/local/Cellar/libx11/1.8.13/include -I/usr/local/Cellar/libxcb/1.17.0/include -I/usr/local/Cellar/libxau/1.0.12/include -I/usr/local/Cellar/libxdmcp/1.1.5/include -pthread -c -o /var/folders/rv/fj31z1cj3j39vd6c2s012n7h0000gn/T//ffconf.JMIT29EY/test.o /var/folders/rv/fj31z1cj3j39vd6c2s012n7h0000gn/T//ffconf.JMIT29EY/test.c
/var/folders/rv/fj31z1cj3j39vd6c2s012n7h0000gn/T//ffconf.JMIT29EY/test.c:3:24: warning: cast to smaller integer type 'int' from 'float (*)(float, float)' [-Wpointer-to-int-cast]
int main(void){ return (int) foo; }
                       ^~~~~~~~~
1 warning generated.
gcc -arch x86_64 -mmacosx-version-min=11.0 -Wl,-dynamic,-search_paths_first -Wl,-no_warn_duplicate_libraries -o /var/folders/rv/fj31z1cj3j39vd6c2s012n7h0000gn/T//ffconf.JMIT29EY/test /var/folders/rv/fj31z1cj3j39vd6c2s012n7h0000gn/T//ffconf.JMIT29EY/test.o -lm
check_mathfunc exp2 1 -lm
test_ld cc -lm
test_cc
BEGIN /var/folders/rv/fj31z1cj3j39vd6c2s012n7h0000gn/T//ffconf.JMIT29EY/test.c
    1	#include <math.h>
    2	float foo(float f, float g) { return exp2(f); }
    3	int main(void){ return (int) foo; }
END /var/folders/rv/fj31z1cj3j39vd6c2s012n7h0000gn/T//ffconf.JMIT29EY/test.c
gcc -D_ISOC11_SOURCE -D_FILE_OFFSET_BITS=64 -D_LARGEFILE_SOURCE -I$(SRC_PATH)/compat/dispatch_semaphore -DPIC -fPIC -arch x86_64 -mmacosx-version-min=11.0 -Wno-error=asm-operand-widths -I/Users/runner/work/ffmpeg-build/ffmpeg-build/vulkan-headers/include -std=c17 -Werror=partial-availability -fno-common -fomit-frame-pointer -fPIC -I/usr/local/Cellar/libx11/1.8.13/include -I/usr/local/Cellar/xorgproto/2025.1/include -I/usr/local/Cellar/libxcb/1.17.0/include -I/usr/local/Cellar/libxau/1.0.12/include -I/usr/local/Cellar/libxdmcp/1.1.5/include -I/usr/local/Cellar/libxext/1.3.7/include -I/usr/local/Cellar/xorgproto/2025.1/include -I/usr/local/Cellar/libx11/1.8.13/include -I/usr/local/Cellar/libxcb/1.17.0/include -I/usr/local/Cellar/libxau/1.0.12/include -I/usr/local/Cellar/libxdmcp/1.1.5/include -pthread -c -o /var/folders/rv/fj31z1cj3j39vd6c2s012n7h0000gn/T//ffconf.JMIT29EY/test.o /var/folders/rv/fj31z1cj3j39vd6c2s012n7h0000gn/T//ffconf.JMIT29EY/test.c
/var/folders/rv/fj31z1cj3j39vd6c2s012n7h0000gn/T//ffconf.JMIT29EY/test.c:3:24: warning: cast to smaller integer type 'int' from 'float (*)(float, float)' [-Wpointer-to-int-cast]
int main(void){ return (int) foo; }
                       ^~~~~~~~~
1 warning generated.
gcc -arch x86_64 -mmacosx-version-min=11.0 -Wl,-dynamic,-search_paths_first -Wl,-no_warn_duplicate_libraries -o /var/folders/rv/fj31z1cj3j39vd6c2s012n7h0000gn/T//ffconf.JMIT29EY/test /var/folders/rv/fj31z1cj3j39vd6c2s012n7h0000gn/T//ffconf.JMIT29EY/test.o -lm
check_mathfunc exp2f 1 -lm
test_ld cc -lm
test_cc
BEGIN /var/folders/rv/fj31z1cj3j39vd6c2s012n7h0000gn/T//ffconf.JMIT29EY/test.c
    1	#include <math.h>
    2	float foo(float f, float g) { return exp2f(f); }
    3	int main(void){ return (int) foo; }
END /var/folders/rv/fj31z1cj3j39vd6c2s012n7h0000gn/T//ffconf.JMIT29EY/test.c
gcc -D_ISOC11_SOURCE -D_FILE_OFFSET_BITS=64 -D_LARGEFILE_SOURCE -I$(SRC_PATH)/compat/dispatch_semaphore -DPIC -fPIC -arch x86_64 -mmacosx-version-min=11.0 -Wno-error=asm-operand-widths -I/Users/runner/work/ffmpeg-build/ffmpeg-build/vulkan-headers/include -std=c17 -Werror=partial-availability -fno-common -fomit-frame-pointer -fPIC -I/usr/local/Cellar/libx11/1.8.13/include -I/usr/local/Cellar/xorgproto/2025.1/include -I/usr/local/Cellar/libxcb/1.17.0/include -I/usr/local/Cellar/libxau/1.0.12/include -I/usr/local/Cellar/libxdmcp/1.1.5/include -I/usr/local/Cellar/libxext/1.3.7/include -I/usr/local/Cellar/xorgproto/2025.1/include -I/usr/local/Cellar/libx11/1.8.13/include -I/usr/local/Cellar/libxcb/1.17.0/include -I/usr/local/Cellar/libxau/1.0.12/include -I/usr/local/Cellar/libxdmcp/1.1.5/include -pthread -c -o /var/folders/rv/fj31z1cj3j39vd6c2s012n7h0000gn/T//ffconf.JMIT29EY/test.o /var/folders/rv/fj31z1cj3j39vd6c2s012n7h0000gn/T//ffconf.JMIT29EY/test.c
/var/folders/rv/fj31z1cj3j39vd6c2s012n7h0000gn/T//ffconf.JMIT29EY/test.c:3:24: warning: cast to smaller integer type 'int' from 'float (*)(float, float)' [-Wpointer-to-int-cast]
int main(void){ return (int) foo; }
                       ^~~~~~~~~
1 warning generated.
gcc -arch x86_64 -mmacosx-version-min=11.0 -Wl,-dynamic,-search_paths_first -Wl,-no_warn_duplicate_libraries -o /var/folders/rv/fj31z1cj3j39vd6c2s012n7h0000gn/T//ffconf.JMIT29EY/test /var/folders/rv/fj31z1cj3j39vd6c2s012n7h0000gn/T//ffconf.JMIT29EY/test.o -lm
check_mathfunc expf 1 -lm
test_ld cc -lm
test_cc
BEGIN /var/folders/rv/fj31z1cj3j39vd6c2s012n7h0000gn/T//ffconf.JMIT29EY/test.c
    1	#include <math.h>
    2	float foo(float f, float g) { return expf(f); }
    3	int main(void){ return (int) foo; }
END /var/folders/rv/fj31z1cj3j39vd6c2s012n7h0000gn/T//ffconf.JMIT29EY/test.c
gcc -D_ISOC11_SOURCE -D_FILE_OFFSET_BITS=64 -D_LARGEFILE_SOURCE -I$(SRC_PATH)/compat/dispatch_semaphore -DPIC -fPIC -arch x86_64 -mmacosx-version-min=11.0 -Wno-error=asm-operand-widths -I/Users/runner/work/ffmpeg-build/ffmpeg-build/vulkan-headers/include -std=c17 -Werror=partial-availability -fno-common -fomit-frame-pointer -fPIC -I/usr/local/Cellar/libx11/1.8.13/include -I/usr/local/Cellar/xorgproto/2025.1/include -I/usr/local/Cellar/libxcb/1.17.0/include -I/usr/local/Cellar/libxau/1.0.12/include -I/usr/local/Cellar/libxdmcp/1.1.5/include -I/usr/local/Cellar/libxext/1.3.7/include -I/usr/local/Cellar/xorgproto/2025.1/include -I/usr/local/Cellar/libx11/1.8.13/include -I/usr/local/Cellar/libxcb/1.17.0/include -I/usr/local/Cellar/libxau/1.0.12/include -I/usr/local/Cellar/libxdmcp/1.1.5/include -pthread -c -o /var/folders/rv/fj31z1cj3j39vd6c2s012n7h0000gn/T//ffconf.JMIT29EY/test.o /var/folders/rv/fj31z1cj3j39vd6c2s012n7h0000gn/T//ffconf.JMIT29EY/test.c
/var/folders/rv/fj31z1cj3j39vd6c2s012n7h0000gn/T//ffconf.JMIT29EY/test.c:3:24: warning: cast to smaller integer type 'int' from 'float (*)(float, float)' [-Wpointer-to-int-cast]
int main(void){ return (int) foo; }
                       ^~~~~~~~~
1 warning generated.
gcc -arch x86_64 -mmacosx-version-min=11.0 -Wl,-dynamic,-search_paths_first -Wl,-no_warn_duplicate_libraries -o /var/folders/rv/fj31z1cj3j39vd6c2s012n7h0000gn/T//ffconf.JMIT29EY/test /var/folders/rv/fj31z1cj3j39vd6c2s012n7h0000gn/T//ffconf.JMIT29EY/test.o -lm
check_mathfunc hypot 2 -lm
test_ld cc -lm
test_cc
BEGIN /var/folders/rv/fj31z1cj3j39vd6c2s012n7h0000gn/T//ffconf.JMIT29EY/test.c
    1	#include <math.h>
    2	float foo(float f, float g) { return hypot(f, g); }
    3	int main(void){ return (int) foo; }
END /var/folders/rv/fj31z1cj3j39vd6c2s012n7h0000gn/T//ffconf.JMIT29EY/test.c
gcc -D_ISOC11_SOURCE -D_FILE_OFFSET_BITS=64 -D_LARGEFILE_SOURCE -I$(SRC_PATH)/compat/dispatch_semaphore -DPIC -fPIC -arch x86_64 -mmacosx-version-min=11.0 -Wno-error=asm-operand-widths -I/Users/runner/work/ffmpeg-build/ffmpeg-build/vulkan-headers/include -std=c17 -Werror=partial-availability -fno-common -fomit-frame-pointer -fPIC -I/usr/local/Cellar/libx11/1.8.13/include -I/usr/local/Cellar/xorgproto/2025.1/include -I/usr/local/Cellar/libxcb/1.17.0/include -I/usr/local/Cellar/libxau/1.0.12/include -I/usr/local/Cellar/libxdmcp/1.1.5/include -I/usr/local/Cellar/libxext/1.3.7/include -I/usr/local/Cellar/xorgproto/2025.1/include -I/usr/local/Cellar/libx11/1.8.13/include -I/usr/local/Cellar/libxcb/1.17.0/include -I/usr/local/Cellar/libxau/1.0.12/include -I/usr/local/Cellar/libxdmcp/1.1.5/include -pthread -c -o /var/folders/rv/fj31z1cj3j39vd6c2s012n7h0000gn/T//ffconf.JMIT29EY/test.o /var/folders/rv/fj31z1cj3j39vd6c2s012n7h0000gn/T//ffconf.JMIT29EY/test.c
/var/folders/rv/fj31z1cj3j39vd6c2s012n7h0000gn/T//ffconf.JMIT29EY/test.c:3:24: warning: cast to smaller integer type 'int' from 'float (*)(float, float)' [-Wpointer-to-int-cast]
int main(void){ return (int) foo; }
                       ^~~~~~~~~
1 warning generated.
gcc -arch x86_64 -mmacosx-version-min=11.0 -Wl,-dynamic,-search_paths_first -Wl,-no_warn_duplicate_libraries -o /var/folders/rv/fj31z1cj3j39vd6c2s012n7h0000gn/T//ffconf.JMIT29EY/test /var/folders/rv/fj31z1cj3j39vd6c2s012n7h0000gn/T//ffconf.JMIT29EY/test.o -lm
check_mathfunc isfinite 1 -lm
test_ld cc -lm
test_cc
BEGIN /var/folders/rv/fj31z1cj3j39vd6c2s012n7h0000gn/T//ffconf.JMIT29EY/test.c
    1	#include <math.h>
    2	float foo(float f, float g) { return isfinite(f); }
    3	int main(void){ return (int) foo; }
END /var/folders/rv/fj31z1cj3j39vd6c2s012n7h0000gn/T//ffconf.JMIT29EY/test.c
gcc -D_ISOC11_SOURCE -D_FILE_OFFSET_BITS=64 -D_LARGEFILE_SOURCE -I$(SRC_PATH)/compat/dispatch_semaphore -DPIC -fPIC -arch x86_64 -mmacosx-version-min=11.0 -Wno-error=asm-operand-widths -I/Users/runner/work/ffmpeg-build/ffmpeg-build/vulkan-headers/include -std=c17 -Werror=partial-availability -fno-common -fomit-frame-pointer -fPIC -I/usr/local/Cellar/libx11/1.8.13/include -I/usr/local/Cellar/xorgproto/2025.1/include -I/usr/local/Cellar/libxcb/1.17.0/include -I/usr/local/Cellar/libxau/1.0.12/include -I/usr/local/Cellar/libxdmcp/1.1.5/include -I/usr/local/Cellar/libxext/1.3.7/include -I/usr/local/Cellar/xorgproto/2025.1/include -I/usr/local/Cellar/libx11/1.8.13/include -I/usr/local/Cellar/libxcb/1.17.0/include -I/usr/local/Cellar/libxau/1.0.12/include -I/usr/local/Cellar/libxdmcp/1.1.5/include -pthread -c -o /var/folders/rv/fj31z1cj3j39vd6c2s012n7h0000gn/T//ffconf.JMIT29EY/test.o /var/folders/rv/fj31z1cj3j39vd6c2s012n7h0000gn/T//ffconf.JMIT29EY/test.c
/var/folders/rv/fj31z1cj3j39vd6c2s012n7h0000gn/T//ffconf.JMIT29EY/test.c:3:24: warning: cast to smaller integer type 'int' from 'float (*)(float, float)' [-Wpointer-to-int-cast]
int main(void){ return (int) foo; }
                       ^~~~~~~~~
1 warning generated.
gcc -arch x86_64 -mmacosx-version-min=11.0 -Wl,-dynamic,-search_paths_first -Wl,-no_warn_duplicate_libraries -o /var/folders/rv/fj31z1cj3j39vd6c2s012n7h0000gn/T//ffconf.JMIT29EY/test /var/folders/rv/fj31z1cj3j39vd6c2s012n7h0000gn/T//ffconf.JMIT29EY/test.o -lm
check_mathfunc isinf 1 -lm
test_ld cc -lm
test_cc
BEGIN /var/folders/rv/fj31z1cj3j39vd6c2s012n7h0000gn/T//ffconf.JMIT29EY/test.c
    1	#include <math.h>
    2	float foo(float f, float g) { return isinf(f); }
    3	int main(void){ return (int) foo; }
END /var/folders/rv/fj31z1cj3j39vd6c2s012n7h0000gn/T//ffconf.JMIT29EY/test.c
gcc -D_ISOC11_SOURCE -D_FILE_OFFSET_BITS=64 -D_LARGEFILE_SOURCE -I$(SRC_PATH)/compat/dispatch_semaphore -DPIC -fPIC -arch x86_64 -mmacosx-version-min=11.0 -Wno-error=asm-operand-widths -I/Users/runner/work/ffmpeg-build/ffmpeg-build/vulkan-headers/include -std=c17 -Werror=partial-availability -fno-common -fomit-frame-pointer -fPIC -I/usr/local/Cellar/libx11/1.8.13/include -I/usr/local/Cellar/xorgproto/2025.1/include -I/usr/local/Cellar/libxcb/1.17.0/include -I/usr/local/Cellar/libxau/1.0.12/include -I/usr/local/Cellar/libxdmcp/1.1.5/include -I/usr/local/Cellar/libxext/1.3.7/include -I/usr/local/Cellar/xorgproto/2025.1/include -I/usr/local/Cellar/libx11/1.8.13/include -I/usr/local/Cellar/libxcb/1.17.0/include -I/usr/local/Cellar/libxau/1.0.12/include -I/usr/local/Cellar/libxdmcp/1.1.5/include -pthread -c -o /var/folders/rv/fj31z1cj3j39vd6c2s012n7h0000gn/T//ffconf.JMIT29EY/test.o /var/folders/rv/fj31z1cj3j39vd6c2s012n7h0000gn/T//ffconf.JMIT29EY/test.c
/var/folders/rv/fj31z1cj3j39vd6c2s012n7h0000gn/T//ffconf.JMIT29EY/test.c:3:24: warning: cast to smaller integer type 'int' from 'float (*)(float, float)' [-Wpointer-to-int-cast]
int main(void){ return (int) foo; }
                       ^~~~~~~~~
1 warning generated.
gcc -arch x86_64 -mmacosx-version-min=11.0 -Wl,-dynamic,-search_paths_first -Wl,-no_warn_duplicate_libraries -o /var/folders/rv/fj31z1cj3j39vd6c2s012n7h0000gn/T//ffconf.JMIT29EY/test /var/folders/rv/fj31z1cj3j39vd6c2s012n7h0000gn/T//ffconf.JMIT29EY/test.o -lm
check_mathfunc isnan 1 -lm
test_ld cc -lm
test_cc
BEGIN /var/folders/rv/fj31z1cj3j39vd6c2s012n7h0000gn/T//ffconf.JMIT29EY/test.c
    1	#include <math.h>
    2	float foo(float f, float g) { return isnan(f); }
    3	int main(void){ return (int) foo; }
END /var/folders/rv/fj31z1cj3j39vd6c2s012n7h0000gn/T//ffconf.JMIT29EY/test.c
gcc -D_ISOC11_SOURCE -D_FILE_OFFSET_BITS=64 -D_LARGEFILE_SOURCE -I$(SRC_PATH)/compat/dispatch_semaphore -DPIC -fPIC -arch x86_64 -mmacosx-version-min=11.0 -Wno-error=asm-operand-widths -I/Users/runner/work/ffmpeg-build/ffmpeg-build/vulkan-headers/include -std=c17 -Werror=partial-availability -fno-common -fomit-frame-pointer -fPIC -I/usr/local/Cellar/libx11/1.8.13/include -I/usr/local/Cellar/xorgproto/2025.1/include -I/usr/local/Cellar/libxcb/1.17.0/include -I/usr/local/Cellar/libxau/1.0.12/include -I/usr/local/Cellar/libxdmcp/1.1.5/include -I/usr/local/Cellar/libxext/1.3.7/include -I/usr/local/Cellar/xorgproto/2025.1/include -I/usr/local/Cellar/libx11/1.8.13/include -I/usr/local/Cellar/libxcb/1.17.0/include -I/usr/local/Cellar/libxau/1.0.12/include -I/usr/local/Cellar/libxdmcp/1.1.5/include -pthread -c -o /var/folders/rv/fj31z1cj3j39vd6c2s012n7h0000gn/T//ffconf.JMIT29EY/test.o /var/folders/rv/fj31z1cj3j39vd6c2s012n7h0000gn/T//ffconf.JMIT29EY/test.c
/var/folders/rv/fj31z1cj3j39vd6c2s012n7h0000gn/T//ffconf.JMIT29EY/test.c:3:24: warning: cast to smaller integer type 'int' from 'float (*)(float, float)' [-Wpointer-to-int-cast]
int main(void){ return (int) foo; }
                       ^~~~~~~~~
1 warning generated.
gcc -arch x86_64 -mmacosx-version-min=11.0 -Wl,-dynamic,-search_paths_first -Wl,-no_warn_duplicate_libraries -o /var/folders/rv/fj31z1cj3j39vd6c2s012n7h0000gn/T//ffconf.JMIT29EY/test /var/folders/rv/fj31z1cj3j39vd6c2s012n7h0000gn/T//ffconf.JMIT29EY/test.o -lm
check_mathfunc ldexpf 2 -lm
test_ld cc -lm
test_cc
BEGIN /var/folders/rv/fj31z1cj3j39vd6c2s012n7h0000gn/T//ffconf.JMIT29EY/test.c
    1	#include <math.h>
    2	float foo(float f, float g) { return ldexpf(f, g); }
    3	int main(void){ return (int) foo; }
END /var/folders/rv/fj31z1cj3j39vd6c2s012n7h0000gn/T//ffconf.JMIT29EY/test.c
gcc -D_ISOC11_SOURCE -D_FILE_OFFSET_BITS=64 -D_LARGEFILE_SOURCE -I$(SRC_PATH)/compat/dispatch_semaphore -DPIC -fPIC -arch x86_64 -mmacosx-version-min=11.0 -Wno-error=asm-operand-widths -I/Users/runner/work/ffmpeg-build/ffmpeg-build/vulkan-headers/include -std=c17 -Werror=partial-availability -fno-common -fomit-frame-pointer -fPIC -I/usr/local/Cellar/libx11/1.8.13/include -I/usr/local/Cellar/xorgproto/2025.1/include -I/usr/local/Cellar/libxcb/1.17.0/include -I/usr/local/Cellar/libxau/1.0.12/include -I/usr/local/Cellar/libxdmcp/1.1.5/include -I/usr/local/Cellar/libxext/1.3.7/include -I/usr/local/Cellar/xorgproto/2025.1/include -I/usr/local/Cellar/libx11/1.8.13/include -I/usr/local/Cellar/libxcb/1.17.0/include -I/usr/local/Cellar/libxau/1.0.12/include -I/usr/local/Cellar/libxdmcp/1.1.5/include -pthread -c -o /var/folders/rv/fj31z1cj3j39vd6c2s012n7h0000gn/T//ffconf.JMIT29EY/test.o /var/folders/rv/fj31z1cj3j39vd6c2s012n7h0000gn/T//ffconf.JMIT29EY/test.c
/var/folders/rv/fj31z1cj3j39vd6c2s012n7h0000gn/T//ffconf.JMIT29EY/test.c:3:24: warning: cast to smaller integer type 'int' from 'float (*)(float, float)' [-Wpointer-to-int-cast]
int main(void){ return (int) foo; }
                       ^~~~~~~~~
1 warning generated.
gcc -arch x86_64 -mmacosx-version-min=11.0 -Wl,-dynamic,-search_paths_first -Wl,-no_warn_duplicate_libraries -o /var/folders/rv/fj31z1cj3j39vd6c2s012n7h0000gn/T//ffconf.JMIT29EY/test /var/folders/rv/fj31z1cj3j39vd6c2s012n7h0000gn/T//ffconf.JMIT29EY/test.o -lm
check_mathfunc llrint 1 -lm
test_ld cc -lm
test_cc
BEGIN /var/folders/rv/fj31z1cj3j39vd6c2s012n7h0000gn/T//ffconf.JMIT29EY/test.c
    1	#include <math.h>
    2	float foo(float f, float g) { return llrint(f); }
    3	int main(void){ return (int) foo; }
END /var/folders/rv/fj31z1cj3j39vd6c2s012n7h0000gn/T//ffconf.JMIT29EY/test.c
gcc -D_ISOC11_SOURCE -D_FILE_OFFSET_BITS=64 -D_LARGEFILE_SOURCE -I$(SRC_PATH)/compat/dispatch_semaphore -DPIC -fPIC -arch x86_64 -mmacosx-version-min=11.0 -Wno-error=asm-operand-widths -I/Users/runner/work/ffmpeg-build/ffmpeg-build/vulkan-headers/include -std=c17 -Werror=partial-availability -fno-common -fomit-frame-pointer -fPIC -I/usr/local/Cellar/libx11/1.8.13/include -I/usr/local/Cellar/xorgproto/2025.1/include -I/usr/local/Cellar/libxcb/1.17.0/include -I/usr/local/Cellar/libxau/1.0.12/include -I/usr/local/Cellar/libxdmcp/1.1.5/include -I/usr/local/Cellar/libxext/1.3.7/include -I/usr/local/Cellar/xorgproto/2025.1/include -I/usr/local/Cellar/libx11/1.8.13/include -I/usr/local/Cellar/libxcb/1.17.0/include -I/usr/local/Cellar/libxau/1.0.12/include -I/usr/local/Cellar/libxdmcp/1.1.5/include -pthread -c -o /var/folders/rv/fj31z1cj3j39vd6c2s012n7h0000gn/T//ffconf.JMIT29EY/test.o /var/folders/rv/fj31z1cj3j39vd6c2s012n7h0000gn/T//ffconf.JMIT29EY/test.c
/var/folders/rv/fj31z1cj3j39vd6c2s012n7h0000gn/T//ffconf.JMIT29EY/test.c:3:24: warning: cast to smaller integer type 'int' from 'float (*)(float, float)' [-Wpointer-to-int-cast]
int main(void){ return (int) foo; }
                       ^~~~~~~~~
1 warning generated.
gcc -arch x86_64 -mmacosx-version-min=11.0 -Wl,-dynamic,-search_paths_first -Wl,-no_warn_duplicate_libraries -o /var/folders/rv/fj31z1cj3j39vd6c2s012n7h0000gn/T//ffconf.JMIT29EY/test /var/folders/rv/fj31z1cj3j39vd6c2s012n7h0000gn/T//ffconf.JMIT29EY/test.o -lm
check_mathfunc llrintf 1 -lm
test_ld cc -lm
test_cc
BEGIN /var/folders/rv/fj31z1cj3j39vd6c2s012n7h0000gn/T//ffconf.JMIT29EY/test.c
    1	#include <math.h>
    2	float foo(float f, float g) { return llrintf(f); }
    3	int main(void){ return (int) foo; }
END /var/folders/rv/fj31z1cj3j39vd6c2s012n7h0000gn/T//ffconf.JMIT29EY/test.c
gcc -D_ISOC11_SOURCE -D_FILE_OFFSET_BITS=64 -D_LARGEFILE_SOURCE -I$(SRC_PATH)/compat/dispatch_semaphore -DPIC -fPIC -arch x86_64 -mmacosx-version-min=11.0 -Wno-error=asm-operand-widths -I/Users/runner/work/ffmpeg-build/ffmpeg-build/vulkan-headers/include -std=c17 -Werror=partial-availability -fno-common -fomit-frame-pointer -fPIC -I/usr/local/Cellar/libx11/1.8.13/include -I/usr/local/Cellar/xorgproto/2025.1/include -I/usr/local/Cellar/libxcb/1.17.0/include -I/usr/local/Cellar/libxau/1.0.12/include -I/usr/local/Cellar/libxdmcp/1.1.5/include -I/usr/local/Cellar/libxext/1.3.7/include -I/usr/local/Cellar/xorgproto/2025.1/include -I/usr/local/Cellar/libx11/1.8.13/include -I/usr/local/Cellar/libxcb/1.17.0/include -I/usr/local/Cellar/libxau/1.0.12/include -I/usr/local/Cellar/libxdmcp/1.1.5/include -pthread -c -o /var/folders/rv/fj31z1cj3j39vd6c2s012n7h0000gn/T//ffconf.JMIT29EY/test.o /var/folders/rv/fj31z1cj3j39vd6c2s012n7h0000gn/T//ffconf.JMIT29EY/test.c
/var/folders/rv/fj31z1cj3j39vd6c2s012n7h0000gn/T//ffconf.JMIT29EY/test.c:3:24: warning: cast to smaller integer type 'int' from 'float (*)(float, float)' [-Wpointer-to-int-cast]
int main(void){ return (int) foo; }
                       ^~~~~~~~~
1 warning generated.
gcc -arch x86_64 -mmacosx-version-min=11.0 -Wl,-dynamic,-search_paths_first -Wl,-no_warn_duplicate_libraries -o /var/folders/rv/fj31z1cj3j39vd6c2s012n7h0000gn/T//ffconf.JMIT29EY/test /var/folders/rv/fj31z1cj3j39vd6c2s012n7h0000gn/T//ffconf.JMIT29EY/test.o -lm
check_mathfunc log2 1 -lm
test_ld cc -lm
test_cc
BEGIN /var/folders/rv/fj31z1cj3j39vd6c2s012n7h0000gn/T//ffconf.JMIT29EY/test.c
    1	#include <math.h>
    2	float foo(float f, float g) { return log2(f); }
    3	int main(void){ return (int) foo; }
END /var/folders/rv/fj31z1cj3j39vd6c2s012n7h0000gn/T//ffconf.JMIT29EY/test.c
gcc -D_ISOC11_SOURCE -D_FILE_OFFSET_BITS=64 -D_LARGEFILE_SOURCE -I$(SRC_PATH)/compat/dispatch_semaphore -DPIC -fPIC -arch x86_64 -mmacosx-version-min=11.0 -Wno-error=asm-operand-widths -I/Users/runner/work/ffmpeg-build/ffmpeg-build/vulkan-headers/include -std=c17 -Werror=partial-availability -fno-common -fomit-frame-pointer -fPIC -I/usr/local/Cellar/libx11/1.8.13/include -I/usr/local/Cellar/xorgproto/2025.1/include -I/usr/local/Cellar/libxcb/1.17.0/include -I/usr/local/Cellar/libxau/1.0.12/include -I/usr/local/Cellar/libxdmcp/1.1.5/include -I/usr/local/Cellar/libxext/1.3.7/include -I/usr/local/Cellar/xorgproto/2025.1/include -I/usr/local/Cellar/libx11/1.8.13/include -I/usr/local/Cellar/libxcb/1.17.0/include -I/usr/local/Cellar/libxau/1.0.12/include -I/usr/local/Cellar/libxdmcp/1.1.5/include -pthread -c -o /var/folders/rv/fj31z1cj3j39vd6c2s012n7h0000gn/T//ffconf.JMIT29EY/test.o /var/folders/rv/fj31z1cj3j39vd6c2s012n7h0000gn/T//ffconf.JMIT29EY/test.c
/var/folders/rv/fj31z1cj3j39vd6c2s012n7h0000gn/T//ffconf.JMIT29EY/test.c:3:24: warning: cast to smaller integer type 'int' from 'float (*)(float, float)' [-Wpointer-to-int-cast]
int main(void){ return (int) foo; }
                       ^~~~~~~~~
1 warning generated.
gcc -arch x86_64 -mmacosx-version-min=11.0 -Wl,-dynamic,-search_paths_first -Wl,-no_warn_duplicate_libraries -o /var/folders/rv/fj31z1cj3j39vd6c2s012n7h0000gn/T//ffconf.JMIT29EY/test /var/folders/rv/fj31z1cj3j39vd6c2s012n7h0000gn/T//ffconf.JMIT29EY/test.o -lm
check_mathfunc log2f 1 -lm
test_ld cc -lm
test_cc
BEGIN /var/folders/rv/fj31z1cj3j39vd6c2s012n7h0000gn/T//ffconf.JMIT29EY/test.c
    1	#include <math.h>
    2	float foo(float f, float g) { return log2f(f); }
    3	int main(void){ return (int) foo; }
END /var/folders/rv/fj31z1cj3j39vd6c2s012n7h0000gn/T//ffconf.JMIT29EY/test.c
gcc -D_ISOC11_SOURCE -D_FILE_OFFSET_BITS=64 -D_LARGEFILE_SOURCE -I$(SRC_PATH)/compat/dispatch_semaphore -DPIC -fPIC -arch x86_64 -mmacosx-version-min=11.0 -Wno-error=asm-operand-widths -I/Users/runner/work/ffmpeg-build/ffmpeg-build/vulkan-headers/include -std=c17 -Werror=partial-availability -fno-common -fomit-frame-pointer -fPIC -I/usr/local/Cellar/libx11/1.8.13/include -I/usr/local/Cellar/xorgproto/2025.1/include -I/usr/local/Cellar/libxcb/1.17.0/include -I/usr/local/Cellar/libxau/1.0.12/include -I/usr/local/Cellar/libxdmcp/1.1.5/include -I/usr/local/Cellar/libxext/1.3.7/include -I/usr/local/Cellar/xorgproto/2025.1/include -I/usr/local/Cellar/libx11/1.8.13/include -I/usr/local/Cellar/libxcb/1.17.0/include -I/usr/local/Cellar/libxau/1.0.12/include -I/usr/local/Cellar/libxdmcp/1.1.5/include -pthread -c -o /var/folders/rv/fj31z1cj3j39vd6c2s012n7h0000gn/T//ffconf.JMIT29EY/test.o /var/folders/rv/fj31z1cj3j39vd6c2s012n7h0000gn/T//ffconf.JMIT29EY/test.c
/var/folders/rv/fj31z1cj3j39vd6c2s012n7h0000gn/T//ffconf.JMIT29EY/test.c:3:24: warning: cast to smaller integer type 'int' from 'float (*)(float, float)' [-Wpointer-to-int-cast]
int main(void){ return (int) foo; }
                       ^~~~~~~~~
1 warning generated.
gcc -arch x86_64 -mmacosx-version-min=11.0 -Wl,-dynamic,-search_paths_first -Wl,-no_warn_duplicate_libraries -o /var/folders/rv/fj31z1cj3j39vd6c2s012n7h0000gn/T//ffconf.JMIT29EY/test /var/folders/rv/fj31z1cj3j39vd6c2s012n7h0000gn/T//ffconf.JMIT29EY/test.o -lm
check_mathfunc log10f 1 -lm
test_ld cc -lm
test_cc
BEGIN /var/folders/rv/fj31z1cj3j39vd6c2s012n7h0000gn/T//ffconf.JMIT29EY/test.c
    1	#include <math.h>
    2	float foo(float f, float g) { return log10f(f); }
    3	int main(void){ return (int) foo; }
END /var/folders/rv/fj31z1cj3j39vd6c2s012n7h0000gn/T//ffconf.JMIT29EY/test.c
gcc -D_ISOC11_SOURCE -D_FILE_OFFSET_BITS=64 -D_LARGEFILE_SOURCE -I$(SRC_PATH)/compat/dispatch_semaphore -DPIC -fPIC -arch x86_64 -mmacosx-version-min=11.0 -Wno-error=asm-operand-widths -I/Users/runner/work/ffmpeg-build/ffmpeg-build/vulkan-headers/include -std=c17 -Werror=partial-availability -fno-common -fomit-frame-pointer -fPIC -I/usr/local/Cellar/libx11/1.8.13/include -I/usr/local/Cellar/xorgproto/2025.1/include -I/usr/local/Cellar/libxcb/1.17.0/include -I/usr/local/Cellar/libxau/1.0.12/include -I/usr/local/Cellar/libxdmcp/1.1.5/include -I/usr/local/Cellar/libxext/1.3.7/include -I/usr/local/Cellar/xorgproto/2025.1/include -I/usr/local/Cellar/libx11/1.8.13/include -I/usr/local/Cellar/libxcb/1.17.0/include -I/usr/local/Cellar/libxau/1.0.12/include -I/usr/local/Cellar/libxdmcp/1.1.5/include -pthread -c -o /var/folders/rv/fj31z1cj3j39vd6c2s012n7h0000gn/T//ffconf.JMIT29EY/test.o /var/folders/rv/fj31z1cj3j39vd6c2s012n7h0000gn/T//ffconf.JMIT29EY/test.c
/var/folders/rv/fj31z1cj3j39vd6c2s012n7h0000gn/T//ffconf.JMIT29EY/test.c:3:24: warning: cast to smaller integer type 'int' from 'float (*)(float, float)' [-Wpointer-to-int-cast]
int main(void){ return (int) foo; }
                       ^~~~~~~~~
1 warning generated.
gcc -arch x86_64 -mmacosx-version-min=11.0 -Wl,-dynamic,-search_paths_first -Wl,-no_warn_duplicate_libraries -o /var/folders/rv/fj31z1cj3j39vd6c2s012n7h0000gn/T//ffconf.JMIT29EY/test /var/folders/rv/fj31z1cj3j39vd6c2s012n7h0000gn/T//ffconf.JMIT29EY/test.o -lm
check_mathfunc lrint 1 -lm
test_ld cc -lm
test_cc
BEGIN /var/folders/rv/fj31z1cj3j39vd6c2s012n7h0000gn/T//ffconf.JMIT29EY/test.c
    1	#include <math.h>
    2	float foo(float f, float g) { return lrint(f); }
    3	int main(void){ return (int) foo; }
END /var/folders/rv/fj31z1cj3j39vd6c2s012n7h0000gn/T//ffconf.JMIT29EY/test.c
gcc -D_ISOC11_SOURCE -D_FILE_OFFSET_BITS=64 -D_LARGEFILE_SOURCE -I$(SRC_PATH)/compat/dispatch_semaphore -DPIC -fPIC -arch x86_64 -mmacosx-version-min=11.0 -Wno-error=asm-operand-widths -I/Users/runner/work/ffmpeg-build/ffmpeg-build/vulkan-headers/include -std=c17 -Werror=partial-availability -fno-common -fomit-frame-pointer -fPIC -I/usr/local/Cellar/libx11/1.8.13/include -I/usr/local/Cellar/xorgproto/2025.1/include -I/usr/local/Cellar/libxcb/1.17.0/include -I/usr/local/Cellar/libxau/1.0.12/include -I/usr/local/Cellar/libxdmcp/1.1.5/include -I/usr/local/Cellar/libxext/1.3.7/include -I/usr/local/Cellar/xorgproto/2025.1/include -I/usr/local/Cellar/libx11/1.8.13/include -I/usr/local/Cellar/libxcb/1.17.0/include -I/usr/local/Cellar/libxau/1.0.12/include -I/usr/local/Cellar/libxdmcp/1.1.5/include -pthread -c -o /var/folders/rv/fj31z1cj3j39vd6c2s012n7h0000gn/T//ffconf.JMIT29EY/test.o /var/folders/rv/fj31z1cj3j39vd6c2s012n7h0000gn/T//ffconf.JMIT29EY/test.c
/var/folders/rv/fj31z1cj3j39vd6c2s012n7h0000gn/T//ffconf.JMIT29EY/test.c:3:24: warning: cast to smaller integer type 'int' from 'float (*)(float, float)' [-Wpointer-to-int-cast]
int main(void){ return (int) foo; }
                       ^~~~~~~~~
1 warning generated.
gcc -arch x86_64 -mmacosx-version-min=11.0 -Wl,-dynamic,-search_paths_first -Wl,-no_warn_duplicate_libraries -o /var/folders/rv/fj31z1cj3j39vd6c2s012n7h0000gn/T//ffconf.JMIT29EY/test /var/folders/rv/fj31z1cj3j39vd6c2s012n7h0000gn/T//ffconf.JMIT29EY/test.o -lm
check_mathfunc lrintf 1 -lm
test_ld cc -lm
test_cc
BEGIN /var/folders/rv/fj31z1cj3j39vd6c2s012n7h0000gn/T//ffconf.JMIT29EY/test.c
    1	#include <math.h>
    2	float foo(float f, float g) { return lrintf(f); }
    3	int main(void){ return (int) foo; }
END /var/folders/rv/fj31z1cj3j39vd6c2s012n7h0000gn/T//ffconf.JMIT29EY/test.c
gcc -D_ISOC11_SOURCE -D_FILE_OFFSET_BITS=64 -D_LARGEFILE_SOURCE -I$(SRC_PATH)/compat/dispatch_semaphore -DPIC -fPIC -arch x86_64 -mmacosx-version-min=11.0 -Wno-error=asm-operand-widths -I/Users/runner/work/ffmpeg-build/ffmpeg-build/vulkan-headers/include -std=c17 -Werror=partial-availability -fno-common -fomit-frame-pointer -fPIC -I/usr/local/Cellar/libx11/1.8.13/include -I/usr/local/Cellar/xorgproto/2025.1/include -I/usr/local/Cellar/libxcb/1.17.0/include -I/usr/local/Cellar/libxau/1.0.12/include -I/usr/local/Cellar/libxdmcp/1.1.5/include -I/usr/local/Cellar/libxext/1.3.7/include -I/usr/local/Cellar/xorgproto/2025.1/include -I/usr/local/Cellar/libx11/1.8.13/include -I/usr/local/Cellar/libxcb/1.17.0/include -I/usr/local/Cellar/libxau/1.0.12/include -I/usr/local/Cellar/libxdmcp/1.1.5/include -pthread -c -o /var/folders/rv/fj31z1cj3j39vd6c2s012n7h0000gn/T//ffconf.JMIT29EY/test.o /var/folders/rv/fj31z1cj3j39vd6c2s012n7h0000gn/T//ffconf.JMIT29EY/test.c
/var/folders/rv/fj31z1cj3j39vd6c2s012n7h0000gn/T//ffconf.JMIT29EY/test.c:3:24: warning: cast to smaller integer type 'int' from 'float (*)(float, float)' [-Wpointer-to-int-cast]
int main(void){ return (int) foo; }
                       ^~~~~~~~~
1 warning generated.
gcc -arch x86_64 -mmacosx-version-min=11.0 -Wl,-dynamic,-search_paths_first -Wl,-no_warn_duplicate_libraries -o /var/folders/rv/fj31z1cj3j39vd6c2s012n7h0000gn/T//ffconf.JMIT29EY/test /var/folders/rv/fj31z1cj3j39vd6c2s012n7h0000gn/T//ffconf.JMIT29EY/test.o -lm
check_mathfunc powf 2 -lm
test_ld cc -lm
test_cc
BEGIN /var/folders/rv/fj31z1cj3j39vd6c2s012n7h0000gn/T//ffconf.JMIT29EY/test.c
    1	#include <math.h>
    2	float foo(float f, float g) { return powf(f, g); }
    3	int main(void){ return (int) foo; }
END /var/folders/rv/fj31z1cj3j39vd6c2s012n7h0000gn/T//ffconf.JMIT29EY/test.c
gcc -D_ISOC11_SOURCE -D_FILE_OFFSET_BITS=64 -D_LARGEFILE_SOURCE -I$(SRC_PATH)/compat/dispatch_semaphore -DPIC -fPIC -arch x86_64 -mmacosx-version-min=11.0 -Wno-error=asm-operand-widths -I/Users/runner/work/ffmpeg-build/ffmpeg-build/vulkan-headers/include -std=c17 -Werror=partial-availability -fno-common -fomit-frame-pointer -fPIC -I/usr/local/Cellar/libx11/1.8.13/include -I/usr/local/Cellar/xorgproto/2025.1/include -I/usr/local/Cellar/libxcb/1.17.0/include -I/usr/local/Cellar/libxau/1.0.12/include -I/usr/local/Cellar/libxdmcp/1.1.5/include -I/usr/local/Cellar/libxext/1.3.7/include -I/usr/local/Cellar/xorgproto/2025.1/include -I/usr/local/Cellar/libx11/1.8.13/include -I/usr/local/Cellar/libxcb/1.17.0/include -I/usr/local/Cellar/libxau/1.0.12/include -I/usr/local/Cellar/libxdmcp/1.1.5/include -pthread -c -o /var/folders/rv/fj31z1cj3j39vd6c2s012n7h0000gn/T//ffconf.JMIT29EY/test.o /var/folders/rv/fj31z1cj3j39vd6c2s012n7h0000gn/T//ffconf.JMIT29EY/test.c
/var/folders/rv/fj31z1cj3j39vd6c2s012n7h0000gn/T//ffconf.JMIT29EY/test.c:3:24: warning: cast to smaller integer type 'int' from 'float (*)(float, float)' [-Wpointer-to-int-cast]
int main(void){ return (int) foo; }
                       ^~~~~~~~~
1 warning generated.
gcc -arch x86_64 -mmacosx-version-min=11.0 -Wl,-dynamic,-search_paths_first -Wl,-no_warn_duplicate_libraries -o /var/folders/rv/fj31z1cj3j39vd6c2s012n7h0000gn/T//ffconf.JMIT29EY/test /var/folders/rv/fj31z1cj3j39vd6c2s012n7h0000gn/T//ffconf.JMIT29EY/test.o -lm
check_mathfunc rint 1 -lm
test_ld cc -lm
test_cc
BEGIN /var/folders/rv/fj31z1cj3j39vd6c2s012n7h0000gn/T//ffconf.JMIT29EY/test.c
    1	#include <math.h>
    2	float foo(float f, float g) { return rint(f); }
    3	int main(void){ return (int) foo; }
END /var/folders/rv/fj31z1cj3j39vd6c2s012n7h0000gn/T//ffconf.JMIT29EY/test.c
gcc -D_ISOC11_SOURCE -D_FILE_OFFSET_BITS=64 -D_LARGEFILE_SOURCE -I$(SRC_PATH)/compat/dispatch_semaphore -DPIC -fPIC -arch x86_64 -mmacosx-version-min=11.0 -Wno-error=asm-operand-widths -I/Users/runner/work/ffmpeg-build/ffmpeg-build/vulkan-headers/include -std=c17 -Werror=partial-availability -fno-common -fomit-frame-pointer -fPIC -I/usr/local/Cellar/libx11/1.8.13/include -I/usr/local/Cellar/xorgproto/2025.1/include -I/usr/local/Cellar/libxcb/1.17.0/include -I/usr/local/Cellar/libxau/1.0.12/include -I/usr/local/Cellar/libxdmcp/1.1.5/include -I/usr/local/Cellar/libxext/1.3.7/include -I/usr/local/Cellar/xorgproto/2025.1/include -I/usr/local/Cellar/libx11/1.8.13/include -I/usr/local/Cellar/libxcb/1.17.0/include -I/usr/local/Cellar/libxau/1.0.12/include -I/usr/local/Cellar/libxdmcp/1.1.5/include -pthread -c -o /var/folders/rv/fj31z1cj3j39vd6c2s012n7h0000gn/T//ffconf.JMIT29EY/test.o /var/folders/rv/fj31z1cj3j39vd6c2s012n7h0000gn/T//ffconf.JMIT29EY/test.c
/var/folders/rv/fj31z1cj3j39vd6c2s012n7h0000gn/T//ffconf.JMIT29EY/test.c:3:24: warning: cast to smaller integer type 'int' from 'float (*)(float, float)' [-Wpointer-to-int-cast]
int main(void){ return (int) foo; }
                       ^~~~~~~~~
1 warning generated.
gcc -arch x86_64 -mmacosx-version-min=11.0 -Wl,-dynamic,-search_paths_first -Wl,-no_warn_duplicate_libraries -o /var/folders/rv/fj31z1cj3j39vd6c2s012n7h0000gn/T//ffconf.JMIT29EY/test /var/folders/rv/fj31z1cj3j39vd6c2s012n7h0000gn/T//ffconf.JMIT29EY/test.o -lm
check_mathfunc round 1 -lm
test_ld cc -lm
test_cc
BEGIN /var/folders/rv/fj31z1cj3j39vd6c2s012n7h0000gn/T//ffconf.JMIT29EY/test.c
    1	#include <math.h>
    2	float foo(float f, float g) { return round(f); }
    3	int main(void){ return (int) foo; }
END /var/folders/rv/fj31z1cj3j39vd6c2s012n7h0000gn/T//ffconf.JMIT29EY/test.c
gcc -D_ISOC11_SOURCE -D_FILE_OFFSET_BITS=64 -D_LARGEFILE_SOURCE -I$(SRC_PATH)/compat/dispatch_semaphore -DPIC -fPIC -arch x86_64 -mmacosx-version-min=11.0 -Wno-error=asm-operand-widths -I/Users/runner/work/ffmpeg-build/ffmpeg-build/vulkan-headers/include -std=c17 -Werror=partial-availability -fno-common -fomit-frame-pointer -fPIC -I/usr/local/Cellar/libx11/1.8.13/include -I/usr/local/Cellar/xorgproto/2025.1/include -I/usr/local/Cellar/libxcb/1.17.0/include -I/usr/local/Cellar/libxau/1.0.12/include -I/usr/local/Cellar/libxdmcp/1.1.5/include -I/usr/local/Cellar/libxext/1.3.7/include -I/usr/local/Cellar/xorgproto/2025.1/include -I/usr/local/Cellar/libx11/1.8.13/include -I/usr/local/Cellar/libxcb/1.17.0/include -I/usr/local/Cellar/libxau/1.0.12/include -I/usr/local/Cellar/libxdmcp/1.1.5/include -pthread -c -o /var/folders/rv/fj31z1cj3j39vd6c2s012n7h0000gn/T//ffconf.JMIT29EY/test.o /var/folders/rv/fj31z1cj3j39vd6c2s012n7h0000gn/T//ffconf.JMIT29EY/test.c
/var/folders/rv/fj31z1cj3j39vd6c2s012n7h0000gn/T//ffconf.JMIT29EY/test.c:3:24: warning: cast to smaller integer type 'int' from 'float (*)(float, float)' [-Wpointer-to-int-cast]
int main(void){ return (int) foo; }
                       ^~~~~~~~~
1 warning generated.
gcc -arch x86_64 -mmacosx-version-min=11.0 -Wl,-dynamic,-search_paths_first -Wl,-no_warn_duplicate_libraries -o /var/folders/rv/fj31z1cj3j39vd6c2s012n7h0000gn/T//ffconf.JMIT29EY/test /var/folders/rv/fj31z1cj3j39vd6c2s012n7h0000gn/T//ffconf.JMIT29EY/test.o -lm
check_mathfunc roundf 1 -lm
test_ld cc -lm
test_cc
BEGIN /var/folders/rv/fj31z1cj3j39vd6c2s012n7h0000gn/T//ffconf.JMIT29EY/test.c
    1	#include <math.h>
    2	float foo(float f, float g) { return roundf(f); }
    3	int main(void){ return (int) foo; }
END /var/folders/rv/fj31z1cj3j39vd6c2s012n7h0000gn/T//ffconf.JMIT29EY/test.c
gcc -D_ISOC11_SOURCE -D_FILE_OFFSET_BITS=64 -D_LARGEFILE_SOURCE -I$(SRC_PATH)/compat/dispatch_semaphore -DPIC -fPIC -arch x86_64 -mmacosx-version-min=11.0 -Wno-error=asm-operand-widths -I/Users/runner/work/ffmpeg-build/ffmpeg-build/vulkan-headers/include -std=c17 -Werror=partial-availability -fno-common -fomit-frame-pointer -fPIC -I/usr/local/Cellar/libx11/1.8.13/include -I/usr/local/Cellar/xorgproto/2025.1/include -I/usr/local/Cellar/libxcb/1.17.0/include -I/usr/local/Cellar/libxau/1.0.12/include -I/usr/local/Cellar/libxdmcp/1.1.5/include -I/usr/local/Cellar/libxext/1.3.7/include -I/usr/local/Cellar/xorgproto/2025.1/include -I/usr/local/Cellar/libx11/1.8.13/include -I/usr/local/Cellar/libxcb/1.17.0/include -I/usr/local/Cellar/libxau/1.0.12/include -I/usr/local/Cellar/libxdmcp/1.1.5/include -pthread -c -o /var/folders/rv/fj31z1cj3j39vd6c2s012n7h0000gn/T//ffconf.JMIT29EY/test.o /var/folders/rv/fj31z1cj3j39vd6c2s012n7h0000gn/T//ffconf.JMIT29EY/test.c
/var/folders/rv/fj31z1cj3j39vd6c2s012n7h0000gn/T//ffconf.JMIT29EY/test.c:3:24: warning: cast to smaller integer type 'int' from 'float (*)(float, float)' [-Wpointer-to-int-cast]
int main(void){ return (int) foo; }
                       ^~~~~~~~~
1 warning generated.
gcc -arch x86_64 -mmacosx-version-min=11.0 -Wl,-dynamic,-search_paths_first -Wl,-no_warn_duplicate_libraries -o /var/folders/rv/fj31z1cj3j39vd6c2s012n7h0000gn/T//ffconf.JMIT29EY/test /var/folders/rv/fj31z1cj3j39vd6c2s012n7h0000gn/T//ffconf.JMIT29EY/test.o -lm
check_mathfunc sinf 1 -lm
test_ld cc -lm
test_cc
BEGIN /var/folders/rv/fj31z1cj3j39vd6c2s012n7h0000gn/T//ffconf.JMIT29EY/test.c
    1	#include <math.h>
    2	float foo(float f, float g) { return sinf(f); }
    3	int main(void){ return (int) foo; }
END /var/folders/rv/fj31z1cj3j39vd6c2s012n7h0000gn/T//ffconf.JMIT29EY/test.c
gcc -D_ISOC11_SOURCE -D_FILE_OFFSET_BITS=64 -D_LARGEFILE_SOURCE -I$(SRC_PATH)/compat/dispatch_semaphore -DPIC -fPIC -arch x86_64 -mmacosx-version-min=11.0 -Wno-error=asm-operand-widths -I/Users/runner/work/ffmpeg-build/ffmpeg-build/vulkan-headers/include -std=c17 -Werror=partial-availability -fno-common -fomit-frame-pointer -fPIC -I/usr/local/Cellar/libx11/1.8.13/include -I/usr/local/Cellar/xorgproto/2025.1/include -I/usr/local/Cellar/libxcb/1.17.0/include -I/usr/local/Cellar/libxau/1.0.12/include -I/usr/local/Cellar/libxdmcp/1.1.5/include -I/usr/local/Cellar/libxext/1.3.7/include -I/usr/local/Cellar/xorgproto/2025.1/include -I/usr/local/Cellar/libx11/1.8.13/include -I/usr/local/Cellar/libxcb/1.17.0/include -I/usr/local/Cellar/libxau/1.0.12/include -I/usr/local/Cellar/libxdmcp/1.1.5/include -pthread -c -o /var/folders/rv/fj31z1cj3j39vd6c2s012n7h0000gn/T//ffconf.JMIT29EY/test.o /var/folders/rv/fj31z1cj3j39vd6c2s012n7h0000gn/T//ffconf.JMIT29EY/test.c
/var/folders/rv/fj31z1cj3j39vd6c2s012n7h0000gn/T//ffconf.JMIT29EY/test.c:3:24: warning: cast to smaller integer type 'int' from 'float (*)(float, float)' [-Wpointer-to-int-cast]
int main(void){ return (int) foo; }
                       ^~~~~~~~~
1 warning generated.
gcc -arch x86_64 -mmacosx-version-min=11.0 -Wl,-dynamic,-search_paths_first -Wl,-no_warn_duplicate_libraries -o /var/folders/rv/fj31z1cj3j39vd6c2s012n7h0000gn/T//ffconf.JMIT29EY/test /var/folders/rv/fj31z1cj3j39vd6c2s012n7h0000gn/T//ffconf.JMIT29EY/test.o -lm
check_mathfunc trunc 1 -lm
test_ld cc -lm
test_cc
BEGIN /var/folders/rv/fj31z1cj3j39vd6c2s012n7h0000gn/T//ffconf.JMIT29EY/test.c
    1	#include <math.h>
    2	float foo(float f, float g) { return trunc(f); }
    3	int main(void){ return (int) foo; }
END /var/folders/rv/fj31z1cj3j39vd6c2s012n7h0000gn/T//ffconf.JMIT29EY/test.c
gcc -D_ISOC11_SOURCE -D_FILE_OFFSET_BITS=64 -D_LARGEFILE_SOURCE -I$(SRC_PATH)/compat/dispatch_semaphore -DPIC -fPIC -arch x86_64 -mmacosx-version-min=11.0 -Wno-error=asm-operand-widths -I/Users/runner/work/ffmpeg-build/ffmpeg-build/vulkan-headers/include -std=c17 -Werror=partial-availability -fno-common -fomit-frame-pointer -fPIC -I/usr/local/Cellar/libx11/1.8.13/include -I/usr/local/Cellar/xorgproto/2025.1/include -I/usr/local/Cellar/libxcb/1.17.0/include -I/usr/local/Cellar/libxau/1.0.12/include -I/usr/local/Cellar/libxdmcp/1.1.5/include -I/usr/local/Cellar/libxext/1.3.7/include -I/usr/local/Cellar/xorgproto/2025.1/include -I/usr/local/Cellar/libx11/1.8.13/include -I/usr/local/Cellar/libxcb/1.17.0/include -I/usr/local/Cellar/libxau/1.0.12/include -I/usr/local/Cellar/libxdmcp/1.1.5/include -pthread -c -o /var/folders/rv/fj31z1cj3j39vd6c2s012n7h0000gn/T//ffconf.JMIT29EY/test.o /var/folders/rv/fj31z1cj3j39vd6c2s012n7h0000gn/T//ffconf.JMIT29EY/test.c
/var/folders/rv/fj31z1cj3j39vd6c2s012n7h0000gn/T//ffconf.JMIT29EY/test.c:3:24: warning: cast to smaller integer type 'int' from 'float (*)(float, float)' [-Wpointer-to-int-cast]
int main(void){ return (int) foo; }
                       ^~~~~~~~~
1 warning generated.
gcc -arch x86_64 -mmacosx-version-min=11.0 -Wl,-dynamic,-search_paths_first -Wl,-no_warn_duplicate_libraries -o /var/folders/rv/fj31z1cj3j39vd6c2s012n7h0000gn/T//ffconf.JMIT29EY/test /var/folders/rv/fj31z1cj3j39vd6c2s012n7h0000gn/T//ffconf.JMIT29EY/test.o -lm
check_mathfunc truncf 1 -lm
test_ld cc -lm
test_cc
BEGIN /var/folders/rv/fj31z1cj3j39vd6c2s012n7h0000gn/T//ffconf.JMIT29EY/test.c
    1	#include <math.h>
    2	float foo(float f, float g) { return truncf(f); }
    3	int main(void){ return (int) foo; }
END /var/folders/rv/fj31z1cj3j39vd6c2s012n7h0000gn/T//ffconf.JMIT29EY/test.c
gcc -D_ISOC11_SOURCE -D_FILE_OFFSET_BITS=64 -D_LARGEFILE_SOURCE -I$(SRC_PATH)/compat/dispatch_semaphore -DPIC -fPIC -arch x86_64 -mmacosx-version-min=11.0 -Wno-error=asm-operand-widths -I/Users/runner/work/ffmpeg-build/ffmpeg-build/vulkan-headers/include -std=c17 -Werror=partial-availability -fno-common -fomit-frame-pointer -fPIC -I/usr/local/Cellar/libx11/1.8.13/include -I/usr/local/Cellar/xorgproto/2025.1/include -I/usr/local/Cellar/libxcb/1.17.0/include -I/usr/local/Cellar/libxau/1.0.12/include -I/usr/local/Cellar/libxdmcp/1.1.5/include -I/usr/local/Cellar/libxext/1.3.7/include -I/usr/local/Cellar/xorgproto/2025.1/include -I/usr/local/Cellar/libx11/1.8.13/include -I/usr/local/Cellar/libxcb/1.17.0/include -I/usr/local/Cellar/libxau/1.0.12/include -I/usr/local/Cellar/libxdmcp/1.1.5/include -pthread -c -o /var/folders/rv/fj31z1cj3j39vd6c2s012n7h0000gn/T//ffconf.JMIT29EY/test.o /var/folders/rv/fj31z1cj3j39vd6c2s012n7h0000gn/T//ffconf.JMIT29EY/test.c
/var/folders/rv/fj31z1cj3j39vd6c2s012n7h0000gn/T//ffconf.JMIT29EY/test.c:3:24: warning: cast to smaller integer type 'int' from 'float (*)(float, float)' [-Wpointer-to-int-cast]
int main(void){ return (int) foo; }
                       ^~~~~~~~~
1 warning generated.
gcc -arch x86_64 -mmacosx-version-min=11.0 -Wl,-dynamic,-search_paths_first -Wl,-no_warn_duplicate_libraries -o /var/folders/rv/fj31z1cj3j39vd6c2s012n7h0000gn/T//ffconf.JMIT29EY/test /var/folders/rv/fj31z1cj3j39vd6c2s012n7h0000gn/T//ffconf.JMIT29EY/test.o -lm
check_pkg_config libdrm libdrm xf86drm.h drmGetVersion
test_pkg_config libdrm libdrm xf86drm.h drmGetVersion
pkg-config --exists --print-errors libdrm
Package libdrm was not found in the pkg-config search path.
Perhaps you should add the directory containing `libdrm.pc'
to the PKG_CONFIG_PATH environment variable
Package 'libdrm' not found
test_pkg_config sdl2 sdl2 >= 2.0.1 sdl2 < 3.0.0 SDL_events.h SDL_PollEvent
pkg-config --exists --print-errors sdl2 >= 2.0.1 sdl2 < 3.0.0
Package sdl2 was not found in the pkg-config search path.
Perhaps you should add the directory containing `sdl2.pc'
to the PKG_CONFIG_PATH environment variable
Package 'sdl2' not found
Package 'sdl2' not found
check_func SecIdentityCreate -framework CoreFoundation -framework Security
test_ld cc -framework CoreFoundation -framework Security
test_cc -framework CoreFoundation -framework Security
BEGIN /var/folders/rv/fj31z1cj3j39vd6c2s012n7h0000gn/T//ffconf.JMIT29EY/test.c
    1	extern int SecIdentityCreate();
    2	int main(void){ SecIdentityCreate(); }
END /var/folders/rv/fj31z1cj3j39vd6c2s012n7h0000gn/T//ffconf.JMIT29EY/test.c
gcc -D_ISOC11_SOURCE -D_FILE_OFFSET_BITS=64 -D_LARGEFILE_SOURCE -I$(SRC_PATH)/compat/dispatch_semaphore -DPIC -fPIC -arch x86_64 -mmacosx-version-min=11.0 -Wno-error=asm-operand-widths -I/Users/runner/work/ffmpeg-build/ffmpeg-build/vulkan-headers/include -std=c17 -Werror=partial-availability -fno-common -fomit-frame-pointer -fPIC -I/usr/local/Cellar/libx11/1.8.13/include -I/usr/local/Cellar/xorgproto/2025.1/include -I/usr/local/Cellar/libxcb/1.17.0/include -I/usr/local/Cellar/libxau/1.0.12/include -I/usr/local/Cellar/libxdmcp/1.1.5/include -I/usr/local/Cellar/libxext/1.3.7/include -I/usr/local/Cellar/xorgproto/2025.1/include -I/usr/local/Cellar/libx11/1.8.13/include -I/usr/local/Cellar/libxcb/1.17.0/include -I/usr/local/Cellar/libxau/1.0.12/include -I/usr/local/Cellar/libxdmcp/1.1.5/include -pthread -framework CoreFoundation -framework Security -c -o /var/folders/rv/fj31z1cj3j39vd6c2s012n7h0000gn/T//ffconf.JMIT29EY/test.o /var/folders/rv/fj31z1cj3j39vd6c2s012n7h0000gn/T//ffconf.JMIT29EY/test.c
clang: warning: -framework CoreFoundation: 'linker' input unused [-Wunused-command-line-argument]
clang: warning: -framework Security: 'linker' input unused [-Wunused-command-line-argument]
gcc -arch x86_64 -mmacosx-version-min=11.0 -Wl,-dynamic,-search_paths_first -Wl,-no_warn_duplicate_libraries -framework CoreFoundation -framework Security -o /var/folders/rv/fj31z1cj3j39vd6c2s012n7h0000gn/T//ffconf.JMIT29EY/test /var/folders/rv/fj31z1cj3j39vd6c2s012n7h0000gn/T//ffconf.JMIT29EY/test.o
check_lib securetransport Security/SecureTransport.h Security/Security.h SSLCreateContext -framework CoreFoundation -framework Security
check_func_headers Security/SecureTransport.h Security/Security.h SSLCreateContext -framework CoreFoundation -framework Security
test_ld cc -framework CoreFoundation -framework Security
test_cc -framework CoreFoundation -framework Security
BEGIN /var/folders/rv/fj31z1cj3j39vd6c2s012n7h0000gn/T//ffconf.JMIT29EY/test.c
    1	#include <Security/SecureTransport.h>
    2	#include <Security/Security.h>
    3	#include <stdint.h>
    4	long check_SSLCreateContext(void) { return (long) SSLCreateContext; }
    5	int main(void) { int ret = 0;
    6	 ret |= ((intptr_t)check_SSLCreateContext) & 0xFFFF;
    7	return ret; }
END /var/folders/rv/fj31z1cj3j39vd6c2s012n7h0000gn/T//ffconf.JMIT29EY/test.c
gcc -D_ISOC11_SOURCE -D_FILE_OFFSET_BITS=64 -D_LARGEFILE_SOURCE -I$(SRC_PATH)/compat/dispatch_semaphore -DPIC -fPIC -arch x86_64 -mmacosx-version-min=11.0 -Wno-error=asm-operand-widths -I/Users/runner/work/ffmpeg-build/ffmpeg-build/vulkan-headers/include -std=c17 -Werror=partial-availability -fno-common -fomit-frame-pointer -fPIC -I/usr/local/Cellar/libx11/1.8.13/include -I/usr/local/Cellar/xorgproto/2025.1/include -I/usr/local/Cellar/libxcb/1.17.0/include -I/usr/local/Cellar/libxau/1.0.12/include -I/usr/local/Cellar/libxdmcp/1.1.5/include -I/usr/local/Cellar/libxext/1.3.7/include -I/usr/local/Cellar/xorgproto/2025.1/include -I/usr/local/Cellar/libx11/1.8.13/include -I/usr/local/Cellar/libxcb/1.17.0/include -I/usr/local/Cellar/libxau/1.0.12/include -I/usr/local/Cellar/libxdmcp/1.1.5/include -pthread -framework CoreFoundation -framework Security -c -o /var/folders/rv/fj31z1cj3j39vd6c2s012n7h0000gn/T//ffconf.JMIT29EY/test.o /var/folders/rv/fj31z1cj3j39vd6c2s012n7h0000gn/T//ffconf.JMIT29EY/test.c
clang: warning: -framework CoreFoundation: 'linker' input unused [-Wunused-command-line-argument]
clang: warning: -framework Security: 'linker' input unused [-Wunused-command-line-argument]
/var/folders/rv/fj31z1cj3j39vd6c2s012n7h0000gn/T//ffconf.JMIT29EY/test.c:4:51: warning: 'SSLCreateContext' is deprecated: first deprecated in macOS 10.15 - No longer supported. Use Network.framework. [-Wdeprecated-declarations]
long check_SSLCreateContext(void) { return (long) SSLCreateContext; }
                                                  ^
/Applications/Xcode_15.4.app/Contents/Developer/Platforms/MacOSX.platform/Developer/SDKs/MacOSX.sdk/System/Library/Frameworks/Security.framework/Headers/SecureTransport.h:316:1: note: 'SSLCreateContext' has been explicitly marked deprecated here
SSLCreateContext(CFAllocatorRef __nullable alloc, SSLProtocolSide protocolSide, SSLConnectionType connectionType)
^
1 warning generated.
gcc -arch x86_64 -mmacosx-version-min=11.0 -Wl,-dynamic,-search_paths_first -Wl,-no_warn_duplicate_libraries -framework CoreFoundation -framework Security -o /var/folders/rv/fj31z1cj3j39vd6c2s012n7h0000gn/T//ffconf.JMIT29EY/test /var/folders/rv/fj31z1cj3j39vd6c2s012n7h0000gn/T//ffconf.JMIT29EY/test.o
check_func SecItemImport -framework CoreFoundation -framework Security
test_ld cc -framework CoreFoundation -framework Security
test_cc -framework CoreFoundation -framework Security
BEGIN /var/folders/rv/fj31z1cj3j39vd6c2s012n7h0000gn/T//ffconf.JMIT29EY/test.c
    1	extern int SecItemImport();
    2	int main(void){ SecItemImport(); }
END /var/folders/rv/fj31z1cj3j39vd6c2s012n7h0000gn/T//ffconf.JMIT29EY/test.c
gcc -D_ISOC11_SOURCE -D_FILE_OFFSET_BITS=64 -D_LARGEFILE_SOURCE -I$(SRC_PATH)/compat/dispatch_semaphore -DPIC -fPIC -arch x86_64 -mmacosx-version-min=11.0 -Wno-error=asm-operand-widths -I/Users/runner/work/ffmpeg-build/ffmpeg-build/vulkan-headers/include -std=c17 -Werror=partial-availability -fno-common -fomit-frame-pointer -fPIC -I/usr/local/Cellar/libx11/1.8.13/include -I/usr/local/Cellar/xorgproto/2025.1/include -I/usr/local/Cellar/libxcb/1.17.0/include -I/usr/local/Cellar/libxau/1.0.12/include -I/usr/local/Cellar/libxdmcp/1.1.5/include -I/usr/local/Cellar/libxext/1.3.7/include -I/usr/local/Cellar/xorgproto/2025.1/include -I/usr/local/Cellar/libx11/1.8.13/include -I/usr/local/Cellar/libxcb/1.17.0/include -I/usr/local/Cellar/libxau/1.0.12/include -I/usr/local/Cellar/libxdmcp/1.1.5/include -pthread -framework CoreFoundation -framework Security -c -o /var/folders/rv/fj31z1cj3j39vd6c2s012n7h0000gn/T//ffconf.JMIT29EY/test.o /var/folders/rv/fj31z1cj3j39vd6c2s012n7h0000gn/T//ffconf.JMIT29EY/test.c
clang: warning: -framework CoreFoundation: 'linker' input unused [-Wunused-command-line-argument]
clang: warning: -framework Security: 'linker' input unused [-Wunused-command-line-argument]
gcc -arch x86_64 -mmacosx-version-min=11.0 -Wl,-dynamic,-search_paths_first -Wl,-no_warn_duplicate_libraries -framework CoreFoundation -framework Security -o /var/folders/rv/fj31z1cj3j39vd6c2s012n7h0000gn/T//ffconf.JMIT29EY/test /var/folders/rv/fj31z1cj3j39vd6c2s012n7h0000gn/T//ffconf.JMIT29EY/test.o
check_func_headers windows.h security.h InitializeSecurityContext -DSECURITY_WIN32 -lsecur32
test_ld cc -DSECURITY_WIN32 -lsecur32
test_cc -DSECURITY_WIN32
BEGIN /var/folders/rv/fj31z1cj3j39vd6c2s012n7h0000gn/T//ffconf.JMIT29EY/test.c
    1	#include <windows.h>
    2	#include <security.h>
    3	#include <stdint.h>
    4	long check_InitializeSecurityContext(void) { return (long) InitializeSecurityContext; }
    5	int main(void) { int ret = 0;
    6	 ret |= ((intptr_t)check_InitializeSecurityContext) & 0xFFFF;
    7	return ret; }
END /var/folders/rv/fj31z1cj3j39vd6c2s012n7h0000gn/T//ffconf.JMIT29EY/test.c
gcc -D_ISOC11_SOURCE -D_FILE_OFFSET_BITS=64 -D_LARGEFILE_SOURCE -I$(SRC_PATH)/compat/dispatch_semaphore -DPIC -fPIC -arch x86_64 -mmacosx-version-min=11.0 -Wno-error=asm-operand-widths -I/Users/runner/work/ffmpeg-build/ffmpeg-build/vulkan-headers/include -std=c17 -Werror=partial-availability -fno-common -fomit-frame-pointer -fPIC -I/usr/local/Cellar/libx11/1.8.13/include -I/usr/local/Cellar/xorgproto/2025.1/include -I/usr/local/Cellar/libxcb/1.17.0/include -I/usr/local/Cellar/libxau/1.0.12/include -I/usr/local/Cellar/libxdmcp/1.1.5/include -I/usr/local/Cellar/libxext/1.3.7/include -I/usr/local/Cellar/xorgproto/2025.1/include -I/usr/local/Cellar/libx11/1.8.13/include -I/usr/local/Cellar/libxcb/1.17.0/include -I/usr/local/Cellar/libxau/1.0.12/include -I/usr/local/Cellar/libxdmcp/1.1.5/include -pthread -DSECURITY_WIN32 -c -o /var/folders/rv/fj31z1cj3j39vd6c2s012n7h0000gn/T//ffconf.JMIT29EY/test.o /var/folders/rv/fj31z1cj3j39vd6c2s012n7h0000gn/T//ffconf.JMIT29EY/test.c
/var/folders/rv/fj31z1cj3j39vd6c2s012n7h0000gn/T//ffconf.JMIT29EY/test.c:1:10: fatal error: 'windows.h' file not found
#include <windows.h>
         ^~~~~~~~~~~
1 error generated.
check_headers linux/fb.h
test_cpp
BEGIN /var/folders/rv/fj31z1cj3j39vd6c2s012n7h0000gn/T//ffconf.JMIT29EY/test.c
    1	#include <linux/fb.h>
    2	int x;
END /var/folders/rv/fj31z1cj3j39vd6c2s012n7h0000gn/T//ffconf.JMIT29EY/test.c
gcc -D_ISOC11_SOURCE -D_FILE_OFFSET_BITS=64 -D_LARGEFILE_SOURCE -I$(SRC_PATH)/compat/dispatch_semaphore -DPIC -fPIC -arch x86_64 -mmacosx-version-min=11.0 -Wno-error=asm-operand-widths -I/Users/runner/work/ffmpeg-build/ffmpeg-build/vulkan-headers/include -std=c17 -Werror=partial-availability -fno-common -fomit-frame-pointer -fPIC -I/usr/local/Cellar/libx11/1.8.13/include -I/usr/local/Cellar/xorgproto/2025.1/include -I/usr/local/Cellar/libxcb/1.17.0/include -I/usr/local/Cellar/libxau/1.0.12/include -I/usr/local/Cellar/libxdmcp/1.1.5/include -I/usr/local/Cellar/libxext/1.3.7/include -I/usr/local/Cellar/xorgproto/2025.1/include -I/usr/local/Cellar/libx11/1.8.13/include -I/usr/local/Cellar/libxcb/1.17.0/include -I/usr/local/Cellar/libxau/1.0.12/include -I/usr/local/Cellar/libxdmcp/1.1.5/include -pthread -E -o /var/folders/rv/fj31z1cj3j39vd6c2s012n7h0000gn/T//ffconf.JMIT29EY/test.o /var/folders/rv/fj31z1cj3j39vd6c2s012n7h0000gn/T//ffconf.JMIT29EY/test.c
/var/folders/rv/fj31z1cj3j39vd6c2s012n7h0000gn/T//ffconf.JMIT29EY/test.c:1:10: fatal error: 'linux/fb.h' file not found
#include <linux/fb.h>
         ^~~~~~~~~~~~
1 error generated.
check_headers linux/videodev2.h
test_cpp
BEGIN /var/folders/rv/fj31z1cj3j39vd6c2s012n7h0000gn/T//ffconf.JMIT29EY/test.c
    1	#include <linux/videodev2.h>
    2	int x;
END /var/folders/rv/fj31z1cj3j39vd6c2s012n7h0000gn/T//ffconf.JMIT29EY/test.c
gcc -D_ISOC11_SOURCE -D_FILE_OFFSET_BITS=64 -D_LARGEFILE_SOURCE -I$(SRC_PATH)/compat/dispatch_semaphore -DPIC -fPIC -arch x86_64 -mmacosx-version-min=11.0 -Wno-error=asm-operand-widths -I/Users/runner/work/ffmpeg-build/ffmpeg-build/vulkan-headers/include -std=c17 -Werror=partial-availability -fno-common -fomit-frame-pointer -fPIC -I/usr/local/Cellar/libx11/1.8.13/include -I/usr/local/Cellar/xorgproto/2025.1/include -I/usr/local/Cellar/libxcb/1.17.0/include -I/usr/local/Cellar/libxau/1.0.12/include -I/usr/local/Cellar/libxdmcp/1.1.5/include -I/usr/local/Cellar/libxext/1.3.7/include -I/usr/local/Cellar/xorgproto/2025.1/include -I/usr/local/Cellar/libx11/1.8.13/include -I/usr/local/Cellar/libxcb/1.17.0/include -I/usr/local/Cellar/libxau/1.0.12/include -I/usr/local/Cellar/libxdmcp/1.1.5/include -pthread -E -o /var/folders/rv/fj31z1cj3j39vd6c2s012n7h0000gn/T//ffconf.JMIT29EY/test.o /var/folders/rv/fj31z1cj3j39vd6c2s012n7h0000gn/T//ffconf.JMIT29EY/test.c
/var/folders/rv/fj31z1cj3j39vd6c2s012n7h0000gn/T//ffconf.JMIT29EY/test.c:1:10: fatal error: 'linux/videodev2.h' file not found
#include <linux/videodev2.h>
         ^~~~~~~~~~~~~~~~~~~
1 error generated.
test_code cc linux/videodev2.h struct v4l2_frmsizeenum vfse; vfse.discrete.width = 0;
test_cc
BEGIN /var/folders/rv/fj31z1cj3j39vd6c2s012n7h0000gn/T//ffconf.JMIT29EY/test.c
    1	#include <linux/videodev2.h>
    2	int main(void) { struct v4l2_frmsizeenum vfse; vfse.discrete.width = 0;; return 0; }
END /var/folders/rv/fj31z1cj3j39vd6c2s012n7h0000gn/T//ffconf.JMIT29EY/test.c
gcc -D_ISOC11_SOURCE -D_FILE_OFFSET_BITS=64 -D_LARGEFILE_SOURCE -I$(SRC_PATH)/compat/dispatch_semaphore -DPIC -fPIC -arch x86_64 -mmacosx-version-min=11.0 -Wno-error=asm-operand-widths -I/Users/runner/work/ffmpeg-build/ffmpeg-build/vulkan-headers/include -std=c17 -Werror=partial-availability -fno-common -fomit-frame-pointer -fPIC -I/usr/local/Cellar/libx11/1.8.13/include -I/usr/local/Cellar/xorgproto/2025.1/include -I/usr/local/Cellar/libxcb/1.17.0/include -I/usr/local/Cellar/libxau/1.0.12/include -I/usr/local/Cellar/libxdmcp/1.1.5/include -I/usr/local/Cellar/libxext/1.3.7/include -I/usr/local/Cellar/xorgproto/2025.1/include -I/usr/local/Cellar/libx11/1.8.13/include -I/usr/local/Cellar/libxcb/1.17.0/include -I/usr/local/Cellar/libxau/1.0.12/include -I/usr/local/Cellar/libxdmcp/1.1.5/include -pthread -c -o /var/folders/rv/fj31z1cj3j39vd6c2s012n7h0000gn/T//ffconf.JMIT29EY/test.o /var/folders/rv/fj31z1cj3j39vd6c2s012n7h0000gn/T//ffconf.JMIT29EY/test.c
/var/folders/rv/fj31z1cj3j39vd6c2s012n7h0000gn/T//ffconf.JMIT29EY/test.c:1:10: fatal error: 'linux/videodev2.h' file not found
#include <linux/videodev2.h>
         ^~~~~~~~~~~~~~~~~~~
1 error generated.
test_code cc sys/ioctl.h int ioctl(int, int, ...)
test_cc
BEGIN /var/folders/rv/fj31z1cj3j39vd6c2s012n7h0000gn/T//ffconf.JMIT29EY/test.c
    1	#include <sys/ioctl.h>
    2	int main(void) { int ioctl(int, int, ...); return 0; }
END /var/folders/rv/fj31z1cj3j39vd6c2s012n7h0000gn/T//ffconf.JMIT29EY/test.c
gcc -D_ISOC11_SOURCE -D_FILE_OFFSET_BITS=64 -D_LARGEFILE_SOURCE -I$(SRC_PATH)/compat/dispatch_semaphore -DPIC -fPIC -arch x86_64 -mmacosx-version-min=11.0 -Wno-error=asm-operand-widths -I/Users/runner/work/ffmpeg-build/ffmpeg-build/vulkan-headers/include -std=c17 -Werror=partial-availability -fno-common -fomit-frame-pointer -fPIC -I/usr/local/Cellar/libx11/1.8.13/include -I/usr/local/Cellar/xorgproto/2025.1/include -I/usr/local/Cellar/libxcb/1.17.0/include -I/usr/local/Cellar/libxau/1.0.12/include -I/usr/local/Cellar/libxdmcp/1.1.5/include -I/usr/local/Cellar/libxext/1.3.7/include -I/usr/local/Cellar/xorgproto/2025.1/include -I/usr/local/Cellar/libx11/1.8.13/include -I/usr/local/Cellar/libxcb/1.17.0/include -I/usr/local/Cellar/libxau/1.0.12/include -I/usr/local/Cellar/libxdmcp/1.1.5/include -pthread -c -o /var/folders/rv/fj31z1cj3j39vd6c2s012n7h0000gn/T//ffconf.JMIT29EY/test.o /var/folders/rv/fj31z1cj3j39vd6c2s012n7h0000gn/T//ffconf.JMIT29EY/test.c
/var/folders/rv/fj31z1cj3j39vd6c2s012n7h0000gn/T//ffconf.JMIT29EY/test.c:2:22: error: conflicting types for 'ioctl'
int main(void) { int ioctl(int, int, ...); return 0; }
                     ^
/Applications/Xcode_15.4.app/Contents/Developer/Platforms/MacOSX.platform/Developer/SDKs/MacOSX.sdk/usr/include/sys/ioctl.h:97:9: note: previous declaration is here
int     ioctl(int, unsigned long, ...);
        ^
1 error generated.
check_cc v4l2_m2m linux/videodev2.h int i = V4L2_CAP_VIDEO_M2M_MPLANE | V4L2_CAP_VIDEO_M2M | V4L2_BUF_FLAG_LAST;
test_code cc linux/videodev2.h int i = V4L2_CAP_VIDEO_M2M_MPLANE | V4L2_CAP_VIDEO_M2M | V4L2_BUF_FLAG_LAST;
test_cc
BEGIN /var/folders/rv/fj31z1cj3j39vd6c2s012n7h0000gn/T//ffconf.JMIT29EY/test.c
    1	#include <linux/videodev2.h>
    2	int main(void) { int i = V4L2_CAP_VIDEO_M2M_MPLANE | V4L2_CAP_VIDEO_M2M | V4L2_BUF_FLAG_LAST;; return 0; }
END /var/folders/rv/fj31z1cj3j39vd6c2s012n7h0000gn/T//ffconf.JMIT29EY/test.c
gcc -D_ISOC11_SOURCE -D_FILE_OFFSET_BITS=64 -D_LARGEFILE_SOURCE -I$(SRC_PATH)/compat/dispatch_semaphore -DPIC -fPIC -arch x86_64 -mmacosx-version-min=11.0 -Wno-error=asm-operand-widths -I/Users/runner/work/ffmpeg-build/ffmpeg-build/vulkan-headers/include -std=c17 -Werror=partial-availability -fno-common -fomit-frame-pointer -fPIC -I/usr/local/Cellar/libx11/1.8.13/include -I/usr/local/Cellar/xorgproto/2025.1/include -I/usr/local/Cellar/libxcb/1.17.0/include -I/usr/local/Cellar/libxau/1.0.12/include -I/usr/local/Cellar/libxdmcp/1.1.5/include -I/usr/local/Cellar/libxext/1.3.7/include -I/usr/local/Cellar/xorgproto/2025.1/include -I/usr/local/Cellar/libx11/1.8.13/include -I/usr/local/Cellar/libxcb/1.17.0/include -I/usr/local/Cellar/libxau/1.0.12/include -I/usr/local/Cellar/libxdmcp/1.1.5/include -pthread -c -o /var/folders/rv/fj31z1cj3j39vd6c2s012n7h0000gn/T//ffconf.JMIT29EY/test.o /var/folders/rv/fj31z1cj3j39vd6c2s012n7h0000gn/T//ffconf.JMIT29EY/test.c
/var/folders/rv/fj31z1cj3j39vd6c2s012n7h0000gn/T//ffconf.JMIT29EY/test.c:1:10: fatal error: 'linux/videodev2.h' file not found
#include <linux/videodev2.h>
         ^~~~~~~~~~~~~~~~~~~
1 error generated.
check_cc vc1_v4l2_m2m linux/videodev2.h int i = V4L2_PIX_FMT_VC1_ANNEX_G;
test_code cc linux/videodev2.h int i = V4L2_PIX_FMT_VC1_ANNEX_G;
test_cc
BEGIN /var/folders/rv/fj31z1cj3j39vd6c2s012n7h0000gn/T//ffconf.JMIT29EY/test.c
    1	#include <linux/videodev2.h>
    2	int main(void) { int i = V4L2_PIX_FMT_VC1_ANNEX_G;; return 0; }
END /var/folders/rv/fj31z1cj3j39vd6c2s012n7h0000gn/T//ffconf.JMIT29EY/test.c
gcc -D_ISOC11_SOURCE -D_FILE_OFFSET_BITS=64 -D_LARGEFILE_SOURCE -I$(SRC_PATH)/compat/dispatch_semaphore -DPIC -fPIC -arch x86_64 -mmacosx-version-min=11.0 -Wno-error=asm-operand-widths -I/Users/runner/work/ffmpeg-build/ffmpeg-build/vulkan-headers/include -std=c17 -Werror=partial-availability -fno-common -fomit-frame-pointer -fPIC -I/usr/local/Cellar/libx11/1.8.13/include -I/usr/local/Cellar/xorgproto/2025.1/include -I/usr/local/Cellar/libxcb/1.17.0/include -I/usr/local/Cellar/libxau/1.0.12/include -I/usr/local/Cellar/libxdmcp/1.1.5/include -I/usr/local/Cellar/libxext/1.3.7/include -I/usr/local/Cellar/xorgproto/2025.1/include -I/usr/local/Cellar/libx11/1.8.13/include -I/usr/local/Cellar/libxcb/1.17.0/include -I/usr/local/Cellar/libxau/1.0.12/include -I/usr/local/Cellar/libxdmcp/1.1.5/include -pthread -c -o /var/folders/rv/fj31z1cj3j39vd6c2s012n7h0000gn/T//ffconf.JMIT29EY/test.o /var/folders/rv/fj31z1cj3j39vd6c2s012n7h0000gn/T//ffconf.JMIT29EY/test.c
/var/folders/rv/fj31z1cj3j39vd6c2s012n7h0000gn/T//ffconf.JMIT29EY/test.c:1:10: fatal error: 'linux/videodev2.h' file not found
#include <linux/videodev2.h>
         ^~~~~~~~~~~~~~~~~~~
1 error generated.
check_cc mpeg1_v4l2_m2m linux/videodev2.h int i = V4L2_PIX_FMT_MPEG1;
test_code cc linux/videodev2.h int i = V4L2_PIX_FMT_MPEG1;
test_cc
BEGIN /var/folders/rv/fj31z1cj3j39vd6c2s012n7h0000gn/T//ffconf.JMIT29EY/test.c
    1	#include <linux/videodev2.h>
    2	int main(void) { int i = V4L2_PIX_FMT_MPEG1;; return 0; }
END /var/folders/rv/fj31z1cj3j39vd6c2s012n7h0000gn/T//ffconf.JMIT29EY/test.c
gcc -D_ISOC11_SOURCE -D_FILE_OFFSET_BITS=64 -D_LARGEFILE_SOURCE -I$(SRC_PATH)/compat/dispatch_semaphore -DPIC -fPIC -arch x86_64 -mmacosx-version-min=11.0 -Wno-error=asm-operand-widths -I/Users/runner/work/ffmpeg-build/ffmpeg-build/vulkan-headers/include -std=c17 -Werror=partial-availability -fno-common -fomit-frame-pointer -fPIC -I/usr/local/Cellar/libx11/1.8.13/include -I/usr/local/Cellar/xorgproto/2025.1/include -I/usr/local/Cellar/libxcb/1.17.0/include -I/usr/local/Cellar/libxau/1.0.12/include -I/usr/local/Cellar/libxdmcp/1.1.5/include -I/usr/local/Cellar/libxext/1.3.7/include -I/usr/local/Cellar/xorgproto/2025.1/include -I/usr/local/Cellar/libx11/1.8.13/include -I/usr/local/Cellar/libxcb/1.17.0/include -I/usr/local/Cellar/libxau/1.0.12/include -I/usr/local/Cellar/libxdmcp/1.1.5/include -pthread -c -o /var/folders/rv/fj31z1cj3j39vd6c2s012n7h0000gn/T//ffconf.JMIT29EY/test.o /var/folders/rv/fj31z1cj3j39vd6c2s012n7h0000gn/T//ffconf.JMIT29EY/test.c
/var/folders/rv/fj31z1cj3j39vd6c2s012n7h0000gn/T//ffconf.JMIT29EY/test.c:1:10: fatal error: 'linux/videodev2.h' file not found
#include <linux/videodev2.h>
         ^~~~~~~~~~~~~~~~~~~
1 error generated.
check_cc mpeg2_v4l2_m2m linux/videodev2.h int i = V4L2_PIX_FMT_MPEG2;
test_code cc linux/videodev2.h int i = V4L2_PIX_FMT_MPEG2;
test_cc
BEGIN /var/folders/rv/fj31z1cj3j39vd6c2s012n7h0000gn/T//ffconf.JMIT29EY/test.c
    1	#include <linux/videodev2.h>
    2	int main(void) { int i = V4L2_PIX_FMT_MPEG2;; return 0; }
END /var/folders/rv/fj31z1cj3j39vd6c2s012n7h0000gn/T//ffconf.JMIT29EY/test.c
gcc -D_ISOC11_SOURCE -D_FILE_OFFSET_BITS=64 -D_LARGEFILE_SOURCE -I$(SRC_PATH)/compat/dispatch_semaphore -DPIC -fPIC -arch x86_64 -mmacosx-version-min=11.0 -Wno-error=asm-operand-widths -I/Users/runner/work/ffmpeg-build/ffmpeg-build/vulkan-headers/include -std=c17 -Werror=partial-availability -fno-common -fomit-frame-pointer -fPIC -I/usr/local/Cellar/libx11/1.8.13/include -I/usr/local/Cellar/xorgproto/2025.1/include -I/usr/local/Cellar/libxcb/1.17.0/include -I/usr/local/Cellar/libxau/1.0.12/include -I/usr/local/Cellar/libxdmcp/1.1.5/include -I/usr/local/Cellar/libxext/1.3.7/include -I/usr/local/Cellar/xorgproto/2025.1/include -I/usr/local/Cellar/libx11/1.8.13/include -I/usr/local/Cellar/libxcb/1.17.0/include -I/usr/local/Cellar/libxau/1.0.12/include -I/usr/local/Cellar/libxdmcp/1.1.5/include -pthread -c -o /var/folders/rv/fj31z1cj3j39vd6c2s012n7h0000gn/T//ffconf.JMIT29EY/test.o /var/folders/rv/fj31z1cj3j39vd6c2s012n7h0000gn/T//ffconf.JMIT29EY/test.c
/var/folders/rv/fj31z1cj3j39vd6c2s012n7h0000gn/T//ffconf.JMIT29EY/test.c:1:10: fatal error: 'linux/videodev2.h' file not found
#include <linux/videodev2.h>
         ^~~~~~~~~~~~~~~~~~~
1 error generated.
check_cc mpeg4_v4l2_m2m linux/videodev2.h int i = V4L2_PIX_FMT_MPEG4;
test_code cc linux/videodev2.h int i = V4L2_PIX_FMT_MPEG4;
test_cc
BEGIN /var/folders/rv/fj31z1cj3j39vd6c2s012n7h0000gn/T//ffconf.JMIT29EY/test.c
    1	#include <linux/videodev2.h>
    2	int main(void) { int i = V4L2_PIX_FMT_MPEG4;; return 0; }
END /var/folders/rv/fj31z1cj3j39vd6c2s012n7h0000gn/T//ffconf.JMIT29EY/test.c
gcc -D_ISOC11_SOURCE -D_FILE_OFFSET_BITS=64 -D_LARGEFILE_SOURCE -I$(SRC_PATH)/compat/dispatch_semaphore -DPIC -fPIC -arch x86_64 -mmacosx-version-min=11.0 -Wno-error=asm-operand-widths -I/Users/runner/work/ffmpeg-build/ffmpeg-build/vulkan-headers/include -std=c17 -Werror=partial-availability -fno-common -fomit-frame-pointer -fPIC -I/usr/local/Cellar/libx11/1.8.13/include -I/usr/local/Cellar/xorgproto/2025.1/include -I/usr/local/Cellar/libxcb/1.17.0/include -I/usr/local/Cellar/libxau/1.0.12/include -I/usr/local/Cellar/libxdmcp/1.1.5/include -I/usr/local/Cellar/libxext/1.3.7/include -I/usr/local/Cellar/xorgproto/2025.1/include -I/usr/local/Cellar/libx11/1.8.13/include -I/usr/local/Cellar/libxcb/1.17.0/include -I/usr/local/Cellar/libxau/1.0.12/include -I/usr/local/Cellar/libxdmcp/1.1.5/include -pthread -c -o /var/folders/rv/fj31z1cj3j39vd6c2s012n7h0000gn/T//ffconf.JMIT29EY/test.o /var/folders/rv/fj31z1cj3j39vd6c2s012n7h0000gn/T//ffconf.JMIT29EY/test.c
/var/folders/rv/fj31z1cj3j39vd6c2s012n7h0000gn/T//ffconf.JMIT29EY/test.c:1:10: fatal error: 'linux/videodev2.h' file not found
#include <linux/videodev2.h>
         ^~~~~~~~~~~~~~~~~~~
1 error generated.
check_cc hevc_v4l2_m2m linux/videodev2.h int i = V4L2_PIX_FMT_HEVC;
test_code cc linux/videodev2.h int i = V4L2_PIX_FMT_HEVC;
test_cc
BEGIN /var/folders/rv/fj31z1cj3j39vd6c2s012n7h0000gn/T//ffconf.JMIT29EY/test.c
    1	#include <linux/videodev2.h>
    2	int main(void) { int i = V4L2_PIX_FMT_HEVC;; return 0; }
END /var/folders/rv/fj31z1cj3j39vd6c2s012n7h0000gn/T//ffconf.JMIT29EY/test.c
gcc -D_ISOC11_SOURCE -D_FILE_OFFSET_BITS=64 -D_LARGEFILE_SOURCE -I$(SRC_PATH)/compat/dispatch_semaphore -DPIC -fPIC -arch x86_64 -mmacosx-version-min=11.0 -Wno-error=asm-operand-widths -I/Users/runner/work/ffmpeg-build/ffmpeg-build/vulkan-headers/include -std=c17 -Werror=partial-availability -fno-common -fomit-frame-pointer -fPIC -I/usr/local/Cellar/libx11/1.8.13/include -I/usr/local/Cellar/xorgproto/2025.1/include -I/usr/local/Cellar/libxcb/1.17.0/include -I/usr/local/Cellar/libxau/1.0.12/include -I/usr/local/Cellar/libxdmcp/1.1.5/include -I/usr/local/Cellar/libxext/1.3.7/include -I/usr/local/Cellar/xorgproto/2025.1/include -I/usr/local/Cellar/libx11/1.8.13/include -I/usr/local/Cellar/libxcb/1.17.0/include -I/usr/local/Cellar/libxau/1.0.12/include -I/usr/local/Cellar/libxdmcp/1.1.5/include -pthread -c -o /var/folders/rv/fj31z1cj3j39vd6c2s012n7h0000gn/T//ffconf.JMIT29EY/test.o /var/folders/rv/fj31z1cj3j39vd6c2s012n7h0000gn/T//ffconf.JMIT29EY/test.c
/var/folders/rv/fj31z1cj3j39vd6c2s012n7h0000gn/T//ffconf.JMIT29EY/test.c:1:10: fatal error: 'linux/videodev2.h' file not found
#include <linux/videodev2.h>
         ^~~~~~~~~~~~~~~~~~~
1 error generated.
check_cc h263_v4l2_m2m linux/videodev2.h int i = V4L2_PIX_FMT_H263;
test_code cc linux/videodev2.h int i = V4L2_PIX_FMT_H263;
test_cc
BEGIN /var/folders/rv/fj31z1cj3j39vd6c2s012n7h0000gn/T//ffconf.JMIT29EY/test.c
    1	#include <linux/videodev2.h>
    2	int main(void) { int i = V4L2_PIX_FMT_H263;; return 0; }
END /var/folders/rv/fj31z1cj3j39vd6c2s012n7h0000gn/T//ffconf.JMIT29EY/test.c
gcc -D_ISOC11_SOURCE -D_FILE_OFFSET_BITS=64 -D_LARGEFILE_SOURCE -I$(SRC_PATH)/compat/dispatch_semaphore -DPIC -fPIC -arch x86_64 -mmacosx-version-min=11.0 -Wno-error=asm-operand-widths -I/Users/runner/work/ffmpeg-build/ffmpeg-build/vulkan-headers/include -std=c17 -Werror=partial-availability -fno-common -fomit-frame-pointer -fPIC -I/usr/local/Cellar/libx11/1.8.13/include -I/usr/local/Cellar/xorgproto/2025.1/include -I/usr/local/Cellar/libxcb/1.17.0/include -I/usr/local/Cellar/libxau/1.0.12/include -I/usr/local/Cellar/libxdmcp/1.1.5/include -I/usr/local/Cellar/libxext/1.3.7/include -I/usr/local/Cellar/xorgproto/2025.1/include -I/usr/local/Cellar/libx11/1.8.13/include -I/usr/local/Cellar/libxcb/1.17.0/include -I/usr/local/Cellar/libxau/1.0.12/include -I/usr/local/Cellar/libxdmcp/1.1.5/include -pthread -c -o /var/folders/rv/fj31z1cj3j39vd6c2s012n7h0000gn/T//ffconf.JMIT29EY/test.o /var/folders/rv/fj31z1cj3j39vd6c2s012n7h0000gn/T//ffconf.JMIT29EY/test.c
/var/folders/rv/fj31z1cj3j39vd6c2s012n7h0000gn/T//ffconf.JMIT29EY/test.c:1:10: fatal error: 'linux/videodev2.h' file not found
#include <linux/videodev2.h>
         ^~~~~~~~~~~~~~~~~~~
1 error generated.
check_cc h264_v4l2_m2m linux/videodev2.h int i = V4L2_PIX_FMT_H264;
test_code cc linux/videodev2.h int i = V4L2_PIX_FMT_H264;
test_cc
BEGIN /var/folders/rv/fj31z1cj3j39vd6c2s012n7h0000gn/T//ffconf.JMIT29EY/test.c
    1	#include <linux/videodev2.h>
    2	int main(void) { int i = V4L2_PIX_FMT_H264;; return 0; }
END /var/folders/rv/fj31z1cj3j39vd6c2s012n7h0000gn/T//ffconf.JMIT29EY/test.c
gcc -D_ISOC11_SOURCE -D_FILE_OFFSET_BITS=64 -D_LARGEFILE_SOURCE -I$(SRC_PATH)/compat/dispatch_semaphore -DPIC -fPIC -arch x86_64 -mmacosx-version-min=11.0 -Wno-error=asm-operand-widths -I/Users/runner/work/ffmpeg-build/ffmpeg-build/vulkan-headers/include -std=c17 -Werror=partial-availability -fno-common -fomit-frame-pointer -fPIC -I/usr/local/Cellar/libx11/1.8.13/include -I/usr/local/Cellar/xorgproto/2025.1/include -I/usr/local/Cellar/libxcb/1.17.0/include -I/usr/local/Cellar/libxau/1.0.12/include -I/usr/local/Cellar/libxdmcp/1.1.5/include -I/usr/local/Cellar/libxext/1.3.7/include -I/usr/local/Cellar/xorgproto/2025.1/include -I/usr/local/Cellar/libx11/1.8.13/include -I/usr/local/Cellar/libxcb/1.17.0/include -I/usr/local/Cellar/libxau/1.0.12/include -I/usr/local/Cellar/libxdmcp/1.1.5/include -pthread -c -o /var/folders/rv/fj31z1cj3j39vd6c2s012n7h0000gn/T//ffconf.JMIT29EY/test.o /var/folders/rv/fj31z1cj3j39vd6c2s012n7h0000gn/T//ffconf.JMIT29EY/test.c
/var/folders/rv/fj31z1cj3j39vd6c2s012n7h0000gn/T//ffconf.JMIT29EY/test.c:1:10: fatal error: 'linux/videodev2.h' file not found
#include <linux/videodev2.h>
         ^~~~~~~~~~~~~~~~~~~
1 error generated.
check_cc vp8_v4l2_m2m linux/videodev2.h int i = V4L2_PIX_FMT_VP8;
test_code cc linux/videodev2.h int i = V4L2_PIX_FMT_VP8;
test_cc
BEGIN /var/folders/rv/fj31z1cj3j39vd6c2s012n7h0000gn/T//ffconf.JMIT29EY/test.c
    1	#include <linux/videodev2.h>
    2	int main(void) { int i = V4L2_PIX_FMT_VP8;; return 0; }
END /var/folders/rv/fj31z1cj3j39vd6c2s012n7h0000gn/T//ffconf.JMIT29EY/test.c
gcc -D_ISOC11_SOURCE -D_FILE_OFFSET_BITS=64 -D_LARGEFILE_SOURCE -I$(SRC_PATH)/compat/dispatch_semaphore -DPIC -fPIC -arch x86_64 -mmacosx-version-min=11.0 -Wno-error=asm-operand-widths -I/Users/runner/work/ffmpeg-build/ffmpeg-build/vulkan-headers/include -std=c17 -Werror=partial-availability -fno-common -fomit-frame-pointer -fPIC -I/usr/local/Cellar/libx11/1.8.13/include -I/usr/local/Cellar/xorgproto/2025.1/include -I/usr/local/Cellar/libxcb/1.17.0/include -I/usr/local/Cellar/libxau/1.0.12/include -I/usr/local/Cellar/libxdmcp/1.1.5/include -I/usr/local/Cellar/libxext/1.3.7/include -I/usr/local/Cellar/xorgproto/2025.1/include -I/usr/local/Cellar/libx11/1.8.13/include -I/usr/local/Cellar/libxcb/1.17.0/include -I/usr/local/Cellar/libxau/1.0.12/include -I/usr/local/Cellar/libxdmcp/1.1.5/include -pthread -c -o /var/folders/rv/fj31z1cj3j39vd6c2s012n7h0000gn/T//ffconf.JMIT29EY/test.o /var/folders/rv/fj31z1cj3j39vd6c2s012n7h0000gn/T//ffconf.JMIT29EY/test.c
/var/folders/rv/fj31z1cj3j39vd6c2s012n7h0000gn/T//ffconf.JMIT29EY/test.c:1:10: fatal error: 'linux/videodev2.h' file not found
#include <linux/videodev2.h>
         ^~~~~~~~~~~~~~~~~~~
1 error generated.
check_cc vp9_v4l2_m2m linux/videodev2.h int i = V4L2_PIX_FMT_VP9;
test_code cc linux/videodev2.h int i = V4L2_PIX_FMT_VP9;
test_cc
BEGIN /var/folders/rv/fj31z1cj3j39vd6c2s012n7h0000gn/T//ffconf.JMIT29EY/test.c
    1	#include <linux/videodev2.h>
    2	int main(void) { int i = V4L2_PIX_FMT_VP9;; return 0; }
END /var/folders/rv/fj31z1cj3j39vd6c2s012n7h0000gn/T//ffconf.JMIT29EY/test.c
gcc -D_ISOC11_SOURCE -D_FILE_OFFSET_BITS=64 -D_LARGEFILE_SOURCE -I$(SRC_PATH)/compat/dispatch_semaphore -DPIC -fPIC -arch x86_64 -mmacosx-version-min=11.0 -Wno-error=asm-operand-widths -I/Users/runner/work/ffmpeg-build/ffmpeg-build/vulkan-headers/include -std=c17 -Werror=partial-availability -fno-common -fomit-frame-pointer -fPIC -I/usr/local/Cellar/libx11/1.8.13/include -I/usr/local/Cellar/xorgproto/2025.1/include -I/usr/local/Cellar/libxcb/1.17.0/include -I/usr/local/Cellar/libxau/1.0.12/include -I/usr/local/Cellar/libxdmcp/1.1.5/include -I/usr/local/Cellar/libxext/1.3.7/include -I/usr/local/Cellar/xorgproto/2025.1/include -I/usr/local/Cellar/libx11/1.8.13/include -I/usr/local/Cellar/libxcb/1.17.0/include -I/usr/local/Cellar/libxau/1.0.12/include -I/usr/local/Cellar/libxdmcp/1.1.5/include -pthread -c -o /var/folders/rv/fj31z1cj3j39vd6c2s012n7h0000gn/T//ffconf.JMIT29EY/test.o /var/folders/rv/fj31z1cj3j39vd6c2s012n7h0000gn/T//ffconf.JMIT29EY/test.c
/var/folders/rv/fj31z1cj3j39vd6c2s012n7h0000gn/T//ffconf.JMIT29EY/test.c:1:10: fatal error: 'linux/videodev2.h' file not found
#include <linux/videodev2.h>
         ^~~~~~~~~~~~~~~~~~~
1 error generated.
check_headers sys/videoio.h
test_cpp
BEGIN /var/folders/rv/fj31z1cj3j39vd6c2s012n7h0000gn/T//ffconf.JMIT29EY/test.c
    1	#include <sys/videoio.h>
    2	int x;
END /var/folders/rv/fj31z1cj3j39vd6c2s012n7h0000gn/T//ffconf.JMIT29EY/test.c
gcc -D_ISOC11_SOURCE -D_FILE_OFFSET_BITS=64 -D_LARGEFILE_SOURCE -I$(SRC_PATH)/compat/dispatch_semaphore -DPIC -fPIC -arch x86_64 -mmacosx-version-min=11.0 -Wno-error=asm-operand-widths -I/Users/runner/work/ffmpeg-build/ffmpeg-build/vulkan-headers/include -std=c17 -Werror=partial-availability -fno-common -fomit-frame-pointer -fPIC -I/usr/local/Cellar/libx11/1.8.13/include -I/usr/local/Cellar/xorgproto/2025.1/include -I/usr/local/Cellar/libxcb/1.17.0/include -I/usr/local/Cellar/libxau/1.0.12/include -I/usr/local/Cellar/libxdmcp/1.1.5/include -I/usr/local/Cellar/libxext/1.3.7/include -I/usr/local/Cellar/xorgproto/2025.1/include -I/usr/local/Cellar/libx11/1.8.13/include -I/usr/local/Cellar/libxcb/1.17.0/include -I/usr/local/Cellar/libxau/1.0.12/include -I/usr/local/Cellar/libxdmcp/1.1.5/include -pthread -E -o /var/folders/rv/fj31z1cj3j39vd6c2s012n7h0000gn/T//ffconf.JMIT29EY/test.o /var/folders/rv/fj31z1cj3j39vd6c2s012n7h0000gn/T//ffconf.JMIT29EY/test.c
/var/folders/rv/fj31z1cj3j39vd6c2s012n7h0000gn/T//ffconf.JMIT29EY/test.c:1:10: fatal error: 'sys/videoio.h' file not found
#include <sys/videoio.h>
         ^~~~~~~~~~~~~~~
1 error generated.
test_code cc sys/videoio.h struct v4l2_frmsizeenum vfse; vfse.discrete.width = 0;
test_cc
BEGIN /var/folders/rv/fj31z1cj3j39vd6c2s012n7h0000gn/T//ffconf.JMIT29EY/test.c
    1	#include <sys/videoio.h>
    2	int main(void) { struct v4l2_frmsizeenum vfse; vfse.discrete.width = 0;; return 0; }
END /var/folders/rv/fj31z1cj3j39vd6c2s012n7h0000gn/T//ffconf.JMIT29EY/test.c
gcc -D_ISOC11_SOURCE -D_FILE_OFFSET_BITS=64 -D_LARGEFILE_SOURCE -I$(SRC_PATH)/compat/dispatch_semaphore -DPIC -fPIC -arch x86_64 -mmacosx-version-min=11.0 -Wno-error=asm-operand-widths -I/Users/runner/work/ffmpeg-build/ffmpeg-build/vulkan-headers/include -std=c17 -Werror=partial-availability -fno-common -fomit-frame-pointer -fPIC -I/usr/local/Cellar/libx11/1.8.13/include -I/usr/local/Cellar/xorgproto/2025.1/include -I/usr/local/Cellar/libxcb/1.17.0/include -I/usr/local/Cellar/libxau/1.0.12/include -I/usr/local/Cellar/libxdmcp/1.1.5/include -I/usr/local/Cellar/libxext/1.3.7/include -I/usr/local/Cellar/xorgproto/2025.1/include -I/usr/local/Cellar/libx11/1.8.13/include -I/usr/local/Cellar/libxcb/1.17.0/include -I/usr/local/Cellar/libxau/1.0.12/include -I/usr/local/Cellar/libxdmcp/1.1.5/include -pthread -c -o /var/folders/rv/fj31z1cj3j39vd6c2s012n7h0000gn/T//ffconf.JMIT29EY/test.o /var/folders/rv/fj31z1cj3j39vd6c2s012n7h0000gn/T//ffconf.JMIT29EY/test.c
/var/folders/rv/fj31z1cj3j39vd6c2s012n7h0000gn/T//ffconf.JMIT29EY/test.c:1:10: fatal error: 'sys/videoio.h' file not found
#include <sys/videoio.h>
         ^~~~~~~~~~~~~~~
1 error generated.
check_lib user32 windows.h winuser.h GetShellWindow -luser32
check_func_headers windows.h winuser.h GetShellWindow -luser32
test_ld cc -luser32
test_cc
BEGIN /var/folders/rv/fj31z1cj3j39vd6c2s012n7h0000gn/T//ffconf.JMIT29EY/test.c
    1	#include <windows.h>
    2	#include <winuser.h>
    3	#include <stdint.h>
    4	long check_GetShellWindow(void) { return (long) GetShellWindow; }
    5	int main(void) { int ret = 0;
    6	 ret |= ((intptr_t)check_GetShellWindow) & 0xFFFF;
    7	return ret; }
END /var/folders/rv/fj31z1cj3j39vd6c2s012n7h0000gn/T//ffconf.JMIT29EY/test.c
gcc -D_ISOC11_SOURCE -D_FILE_OFFSET_BITS=64 -D_LARGEFILE_SOURCE -I$(SRC_PATH)/compat/dispatch_semaphore -DPIC -fPIC -arch x86_64 -mmacosx-version-min=11.0 -Wno-error=asm-operand-widths -I/Users/runner/work/ffmpeg-build/ffmpeg-build/vulkan-headers/include -std=c17 -Werror=partial-availability -fno-common -fomit-frame-pointer -fPIC -I/usr/local/Cellar/libx11/1.8.13/include -I/usr/local/Cellar/xorgproto/2025.1/include -I/usr/local/Cellar/libxcb/1.17.0/include -I/usr/local/Cellar/libxau/1.0.12/include -I/usr/local/Cellar/libxdmcp/1.1.5/include -I/usr/local/Cellar/libxext/1.3.7/include -I/usr/local/Cellar/xorgproto/2025.1/include -I/usr/local/Cellar/libx11/1.8.13/include -I/usr/local/Cellar/libxcb/1.17.0/include -I/usr/local/Cellar/libxau/1.0.12/include -I/usr/local/Cellar/libxdmcp/1.1.5/include -pthread -c -o /var/folders/rv/fj31z1cj3j39vd6c2s012n7h0000gn/T//ffconf.JMIT29EY/test.o /var/folders/rv/fj31z1cj3j39vd6c2s012n7h0000gn/T//ffconf.JMIT29EY/test.c
/var/folders/rv/fj31z1cj3j39vd6c2s012n7h0000gn/T//ffconf.JMIT29EY/test.c:1:10: fatal error: 'windows.h' file not found
#include <windows.h>
         ^~~~~~~~~~~
1 error generated.
check_lib vfw32 windows.h vfw.h capCreateCaptureWindow -lvfw32
check_func_headers windows.h vfw.h capCreateCaptureWindow -lvfw32
test_ld cc -lvfw32
test_cc
BEGIN /var/folders/rv/fj31z1cj3j39vd6c2s012n7h0000gn/T//ffconf.JMIT29EY/test.c
    1	#include <windows.h>
    2	#include <vfw.h>
    3	#include <stdint.h>
    4	long check_capCreateCaptureWindow(void) { return (long) capCreateCaptureWindow; }
    5	int main(void) { int ret = 0;
    6	 ret |= ((intptr_t)check_capCreateCaptureWindow) & 0xFFFF;
    7	return ret; }
END /var/folders/rv/fj31z1cj3j39vd6c2s012n7h0000gn/T//ffconf.JMIT29EY/test.c
gcc -D_ISOC11_SOURCE -D_FILE_OFFSET_BITS=64 -D_LARGEFILE_SOURCE -I$(SRC_PATH)/compat/dispatch_semaphore -DPIC -fPIC -arch x86_64 -mmacosx-version-min=11.0 -Wno-error=asm-operand-widths -I/Users/runner/work/ffmpeg-build/ffmpeg-build/vulkan-headers/include -std=c17 -Werror=partial-availability -fno-common -fomit-frame-pointer -fPIC -I/usr/local/Cellar/libx11/1.8.13/include -I/usr/local/Cellar/xorgproto/2025.1/include -I/usr/local/Cellar/libxcb/1.17.0/include -I/usr/local/Cellar/libxau/1.0.12/include -I/usr/local/Cellar/libxdmcp/1.1.5/include -I/usr/local/Cellar/libxext/1.3.7/include -I/usr/local/Cellar/xorgproto/2025.1/include -I/usr/local/Cellar/libx11/1.8.13/include -I/usr/local/Cellar/libxcb/1.17.0/include -I/usr/local/Cellar/libxau/1.0.12/include -I/usr/local/Cellar/libxdmcp/1.1.5/include -pthread -c -o /var/folders/rv/fj31z1cj3j39vd6c2s012n7h0000gn/T//ffconf.JMIT29EY/test.o /var/folders/rv/fj31z1cj3j39vd6c2s012n7h0000gn/T//ffconf.JMIT29EY/test.c
/var/folders/rv/fj31z1cj3j39vd6c2s012n7h0000gn/T//ffconf.JMIT29EY/test.c:1:10: fatal error: 'windows.h' file not found
#include <windows.h>
         ^~~~~~~~~~~
1 error generated.
check_cpp_condition vfwcap_defines vfw.h WM_CAP_DRIVER_CONNECT > WM_USER
test_cpp_condition vfw.h WM_CAP_DRIVER_CONNECT > WM_USER
test_cpp
BEGIN /var/folders/rv/fj31z1cj3j39vd6c2s012n7h0000gn/T//ffconf.JMIT29EY/test.c
    1	#include <vfw.h>
    2	#if !(WM_CAP_DRIVER_CONNECT > WM_USER)
    3	#error "unsatisfied condition: WM_CAP_DRIVER_CONNECT > WM_USER"
    4	#endif
END /var/folders/rv/fj31z1cj3j39vd6c2s012n7h0000gn/T//ffconf.JMIT29EY/test.c
gcc -D_ISOC11_SOURCE -D_FILE_OFFSET_BITS=64 -D_LARGEFILE_SOURCE -I$(SRC_PATH)/compat/dispatch_semaphore -DPIC -fPIC -arch x86_64 -mmacosx-version-min=11.0 -Wno-error=asm-operand-widths -I/Users/runner/work/ffmpeg-build/ffmpeg-build/vulkan-headers/include -std=c17 -Werror=partial-availability -fno-common -fomit-frame-pointer -fPIC -I/usr/local/Cellar/libx11/1.8.13/include -I/usr/local/Cellar/xorgproto/2025.1/include -I/usr/local/Cellar/libxcb/1.17.0/include -I/usr/local/Cellar/libxau/1.0.12/include -I/usr/local/Cellar/libxdmcp/1.1.5/include -I/usr/local/Cellar/libxext/1.3.7/include -I/usr/local/Cellar/xorgproto/2025.1/include -I/usr/local/Cellar/libx11/1.8.13/include -I/usr/local/Cellar/libxcb/1.17.0/include -I/usr/local/Cellar/libxau/1.0.12/include -I/usr/local/Cellar/libxdmcp/1.1.5/include -pthread -E -o /var/folders/rv/fj31z1cj3j39vd6c2s012n7h0000gn/T//ffconf.JMIT29EY/test.o /var/folders/rv/fj31z1cj3j39vd6c2s012n7h0000gn/T//ffconf.JMIT29EY/test.c
/var/folders/rv/fj31z1cj3j39vd6c2s012n7h0000gn/T//ffconf.JMIT29EY/test.c:1:10: fatal error: 'vfw.h' file not found
#include <vfw.h>
         ^~~~~~~
1 error generated.
check_type dshow.h IBaseFilter
test_code cc dshow.h IBaseFilter v
test_cc
BEGIN /var/folders/rv/fj31z1cj3j39vd6c2s012n7h0000gn/T//ffconf.JMIT29EY/test.c
    1	#include <dshow.h>
    2	int main(void) { IBaseFilter v; return 0; }
END /var/folders/rv/fj31z1cj3j39vd6c2s012n7h0000gn/T//ffconf.JMIT29EY/test.c
gcc -D_ISOC11_SOURCE -D_FILE_OFFSET_BITS=64 -D_LARGEFILE_SOURCE -I$(SRC_PATH)/compat/dispatch_semaphore -DPIC -fPIC -arch x86_64 -mmacosx-version-min=11.0 -Wno-error=asm-operand-widths -I/Users/runner/work/ffmpeg-build/ffmpeg-build/vulkan-headers/include -std=c17 -Werror=partial-availability -fno-common -fomit-frame-pointer -fPIC -I/usr/local/Cellar/libx11/1.8.13/include -I/usr/local/Cellar/xorgproto/2025.1/include -I/usr/local/Cellar/libxcb/1.17.0/include -I/usr/local/Cellar/libxau/1.0.12/include -I/usr/local/Cellar/libxdmcp/1.1.5/include -I/usr/local/Cellar/libxext/1.3.7/include -I/usr/local/Cellar/xorgproto/2025.1/include -I/usr/local/Cellar/libx11/1.8.13/include -I/usr/local/Cellar/libxcb/1.17.0/include -I/usr/local/Cellar/libxau/1.0.12/include -I/usr/local/Cellar/libxdmcp/1.1.5/include -pthread -c -o /var/folders/rv/fj31z1cj3j39vd6c2s012n7h0000gn/T//ffconf.JMIT29EY/test.o /var/folders/rv/fj31z1cj3j39vd6c2s012n7h0000gn/T//ffconf.JMIT29EY/test.c
/var/folders/rv/fj31z1cj3j39vd6c2s012n7h0000gn/T//ffconf.JMIT29EY/test.c:1:10: fatal error: 'dshow.h' file not found
#include <dshow.h>
         ^~~~~~~~~
1 error generated.
check_struct sys/soundcard.h audio_buf_info bytes
test_code cc sys/soundcard.h const void *p = &((audio_buf_info *)0)->bytes
test_cc
BEGIN /var/folders/rv/fj31z1cj3j39vd6c2s012n7h0000gn/T//ffconf.JMIT29EY/test.c
    1	#include <sys/soundcard.h>
    2	int main(void) { const void *p = &((audio_buf_info *)0)->bytes; return 0; }
END /var/folders/rv/fj31z1cj3j39vd6c2s012n7h0000gn/T//ffconf.JMIT29EY/test.c
gcc -D_ISOC11_SOURCE -D_FILE_OFFSET_BITS=64 -D_LARGEFILE_SOURCE -I$(SRC_PATH)/compat/dispatch_semaphore -DPIC -fPIC -arch x86_64 -mmacosx-version-min=11.0 -Wno-error=asm-operand-widths -I/Users/runner/work/ffmpeg-build/ffmpeg-build/vulkan-headers/include -std=c17 -Werror=partial-availability -fno-common -fomit-frame-pointer -fPIC -I/usr/local/Cellar/libx11/1.8.13/include -I/usr/local/Cellar/xorgproto/2025.1/include -I/usr/local/Cellar/libxcb/1.17.0/include -I/usr/local/Cellar/libxau/1.0.12/include -I/usr/local/Cellar/libxdmcp/1.1.5/include -I/usr/local/Cellar/libxext/1.3.7/include -I/usr/local/Cellar/xorgproto/2025.1/include -I/usr/local/Cellar/libx11/1.8.13/include -I/usr/local/Cellar/libxcb/1.17.0/include -I/usr/local/Cellar/libxau/1.0.12/include -I/usr/local/Cellar/libxdmcp/1.1.5/include -pthread -c -o /var/folders/rv/fj31z1cj3j39vd6c2s012n7h0000gn/T//ffconf.JMIT29EY/test.o /var/folders/rv/fj31z1cj3j39vd6c2s012n7h0000gn/T//ffconf.JMIT29EY/test.c
/var/folders/rv/fj31z1cj3j39vd6c2s012n7h0000gn/T//ffconf.JMIT29EY/test.c:1:10: fatal error: 'sys/soundcard.h' file not found
#include <sys/soundcard.h>
         ^~~~~~~~~~~~~~~~~
1 error generated.
test_cc -D__BSD_VISIBLE -D__XSI_VISIBLE
BEGIN /var/folders/rv/fj31z1cj3j39vd6c2s012n7h0000gn/T//ffconf.JMIT29EY/test.c
    1	    #include <sys/soundcard.h>
    2	    audio_buf_info abc;
END /var/folders/rv/fj31z1cj3j39vd6c2s012n7h0000gn/T//ffconf.JMIT29EY/test.c
gcc -D_ISOC11_SOURCE -D_FILE_OFFSET_BITS=64 -D_LARGEFILE_SOURCE -I$(SRC_PATH)/compat/dispatch_semaphore -DPIC -fPIC -arch x86_64 -mmacosx-version-min=11.0 -Wno-error=asm-operand-widths -I/Users/runner/work/ffmpeg-build/ffmpeg-build/vulkan-headers/include -std=c17 -Werror=partial-availability -fno-common -fomit-frame-pointer -fPIC -I/usr/local/Cellar/libx11/1.8.13/include -I/usr/local/Cellar/xorgproto/2025.1/include -I/usr/local/Cellar/libxcb/1.17.0/include -I/usr/local/Cellar/libxau/1.0.12/include -I/usr/local/Cellar/libxdmcp/1.1.5/include -I/usr/local/Cellar/libxext/1.3.7/include -I/usr/local/Cellar/xorgproto/2025.1/include -I/usr/local/Cellar/libx11/1.8.13/include -I/usr/local/Cellar/libxcb/1.17.0/include -I/usr/local/Cellar/libxau/1.0.12/include -I/usr/local/Cellar/libxdmcp/1.1.5/include -pthread -D__BSD_VISIBLE -D__XSI_VISIBLE -c -o /var/folders/rv/fj31z1cj3j39vd6c2s012n7h0000gn/T//ffconf.JMIT29EY/test.o /var/folders/rv/fj31z1cj3j39vd6c2s012n7h0000gn/T//ffconf.JMIT29EY/test.c
/var/folders/rv/fj31z1cj3j39vd6c2s012n7h0000gn/T//ffconf.JMIT29EY/test.c:1:14: fatal error: 'sys/soundcard.h' file not found
    #include <sys/soundcard.h>
             ^~~~~~~~~~~~~~~~~
1 error generated.
check_pkg_config alsa alsa alsa/asoundlib.h snd_pcm_htimestamp
test_pkg_config alsa alsa alsa/asoundlib.h snd_pcm_htimestamp
pkg-config --exists --print-errors alsa
Package alsa was not found in the pkg-config search path.
Perhaps you should add the directory containing `alsa.pc'
to the PKG_CONFIG_PATH environment variable
Package 'alsa' not found
check_lib alsa alsa/asoundlib.h snd_pcm_htimestamp -lasound
check_func_headers alsa/asoundlib.h snd_pcm_htimestamp -lasound
test_ld cc -lasound
test_cc
BEGIN /var/folders/rv/fj31z1cj3j39vd6c2s012n7h0000gn/T//ffconf.JMIT29EY/test.c
    1	#include <alsa/asoundlib.h>
    2	#include <stdint.h>
    3	long check_snd_pcm_htimestamp(void) { return (long) snd_pcm_htimestamp; }
    4	int main(void) { int ret = 0;
    5	 ret |= ((intptr_t)check_snd_pcm_htimestamp) & 0xFFFF;
    6	return ret; }
END /var/folders/rv/fj31z1cj3j39vd6c2s012n7h0000gn/T//ffconf.JMIT29EY/test.c
gcc -D_ISOC11_SOURCE -D_FILE_OFFSET_BITS=64 -D_LARGEFILE_SOURCE -I$(SRC_PATH)/compat/dispatch_semaphore -DPIC -fPIC -arch x86_64 -mmacosx-version-min=11.0 -Wno-error=asm-operand-widths -I/Users/runner/work/ffmpeg-build/ffmpeg-build/vulkan-headers/include -std=c17 -Werror=partial-availability -fno-common -fomit-frame-pointer -fPIC -I/usr/local/Cellar/libx11/1.8.13/include -I/usr/local/Cellar/xorgproto/2025.1/include -I/usr/local/Cellar/libxcb/1.17.0/include -I/usr/local/Cellar/libxau/1.0.12/include -I/usr/local/Cellar/libxdmcp/1.1.5/include -I/usr/local/Cellar/libxext/1.3.7/include -I/usr/local/Cellar/xorgproto/2025.1/include -I/usr/local/Cellar/libx11/1.8.13/include -I/usr/local/Cellar/libxcb/1.17.0/include -I/usr/local/Cellar/libxau/1.0.12/include -I/usr/local/Cellar/libxdmcp/1.1.5/include -pthread -c -o /var/folders/rv/fj31z1cj3j39vd6c2s012n7h0000gn/T//ffconf.JMIT29EY/test.o /var/folders/rv/fj31z1cj3j39vd6c2s012n7h0000gn/T//ffconf.JMIT29EY/test.c
/var/folders/rv/fj31z1cj3j39vd6c2s012n7h0000gn/T//ffconf.JMIT29EY/test.c:1:10: fatal error: 'alsa/asoundlib.h' file not found
#include <alsa/asoundlib.h>
         ^~~~~~~~~~~~~~~~~~
1 error generated.
check_pkg_config sndio sndio sndio.h sio_open
test_pkg_config sndio sndio sndio.h sio_open
pkg-config --exists --print-errors sndio
Package sndio was not found in the pkg-config search path.
Perhaps you should add the directory containing `sndio.pc'
to the PKG_CONFIG_PATH environment variable
Package 'sndio' not found
check_pkg_config libxcb xcb >= 1.4 xcb/xcb.h xcb_connect
test_pkg_config libxcb xcb >= 1.4 xcb/xcb.h xcb_connect
pkg-config --exists --print-errors xcb >= 1.4
check_func_headers xcb/xcb.h xcb_connect -I/usr/local/Cellar/libxcb/1.17.0/include -I/usr/local/Cellar/libxau/1.0.12/include -I/usr/local/Cellar/libxdmcp/1.1.5/include -I/usr/local/Cellar/xorgproto/2025.1/include -L/usr/local/Cellar/libxcb/1.17.0/lib -lxcb
test_ld cc -I/usr/local/Cellar/libxcb/1.17.0/include -I/usr/local/Cellar/libxau/1.0.12/include -I/usr/local/Cellar/libxdmcp/1.1.5/include -I/usr/local/Cellar/xorgproto/2025.1/include -L/usr/local/Cellar/libxcb/1.17.0/lib -lxcb
test_cc -I/usr/local/Cellar/libxcb/1.17.0/include -I/usr/local/Cellar/libxau/1.0.12/include -I/usr/local/Cellar/libxdmcp/1.1.5/include -I/usr/local/Cellar/xorgproto/2025.1/include -L/usr/local/Cellar/libxcb/1.17.0/lib
BEGIN /var/folders/rv/fj31z1cj3j39vd6c2s012n7h0000gn/T//ffconf.JMIT29EY/test.c
    1	#include <xcb/xcb.h>
    2	#include <stdint.h>
    3	long check_xcb_connect(void) { return (long) xcb_connect; }
    4	int main(void) { int ret = 0;
    5	 ret |= ((intptr_t)check_xcb_connect) & 0xFFFF;
    6	return ret; }
END /var/folders/rv/fj31z1cj3j39vd6c2s012n7h0000gn/T//ffconf.JMIT29EY/test.c
gcc -D_ISOC11_SOURCE -D_FILE_OFFSET_BITS=64 -D_LARGEFILE_SOURCE -I$(SRC_PATH)/compat/dispatch_semaphore -DPIC -fPIC -arch x86_64 -mmacosx-version-min=11.0 -Wno-error=asm-operand-widths -I/Users/runner/work/ffmpeg-build/ffmpeg-build/vulkan-headers/include -std=c17 -Werror=partial-availability -fno-common -fomit-frame-pointer -fPIC -I/usr/local/Cellar/libx11/1.8.13/include -I/usr/local/Cellar/xorgproto/2025.1/include -I/usr/local/Cellar/libxcb/1.17.0/include -I/usr/local/Cellar/libxau/1.0.12/include -I/usr/local/Cellar/libxdmcp/1.1.5/include -I/usr/local/Cellar/libxext/1.3.7/include -I/usr/local/Cellar/xorgproto/2025.1/include -I/usr/local/Cellar/libx11/1.8.13/include -I/usr/local/Cellar/libxcb/1.17.0/include -I/usr/local/Cellar/libxau/1.0.12/include -I/usr/local/Cellar/libxdmcp/1.1.5/include -pthread -I/usr/local/Cellar/libxcb/1.17.0/include -I/usr/local/Cellar/libxau/1.0.12/include -I/usr/local/Cellar/libxdmcp/1.1.5/include -I/usr/local/Cellar/xorgproto/2025.1/include -L/usr/local/Cellar/libxcb/1.17.0/lib -c -o /var/folders/rv/fj31z1cj3j39vd6c2s012n7h0000gn/T//ffconf.JMIT29EY/test.o /var/folders/rv/fj31z1cj3j39vd6c2s012n7h0000gn/T//ffconf.JMIT29EY/test.c
clang: warning: argument unused during compilation: '-L/usr/local/Cellar/libxcb/1.17.0/lib' [-Wunused-command-line-argument]
gcc -arch x86_64 -mmacosx-version-min=11.0 -Wl,-dynamic,-search_paths_first -Wl,-no_warn_duplicate_libraries -I/usr/local/Cellar/libxcb/1.17.0/include -I/usr/local/Cellar/libxau/1.0.12/include -I/usr/local/Cellar/libxdmcp/1.1.5/include -I/usr/local/Cellar/xorgproto/2025.1/include -L/usr/local/Cellar/libxcb/1.17.0/lib -o /var/folders/rv/fj31z1cj3j39vd6c2s012n7h0000gn/T//ffconf.JMIT29EY/test /var/folders/rv/fj31z1cj3j39vd6c2s012n7h0000gn/T//ffconf.JMIT29EY/test.o -lxcb
check_pkg_config libxcb_shm xcb-shm xcb/shm.h xcb_shm_attach
test_pkg_config libxcb_shm xcb-shm xcb/shm.h xcb_shm_attach
pkg-config --exists --print-errors xcb-shm
check_func_headers xcb/shm.h xcb_shm_attach -I/usr/local/Cellar/libxcb/1.17.0/include -I/usr/local/Cellar/libxau/1.0.12/include -I/usr/local/Cellar/libxdmcp/1.1.5/include -I/usr/local/Cellar/xorgproto/2025.1/include -L/usr/local/Cellar/libxcb/1.17.0/lib -lxcb-shm
test_ld cc -I/usr/local/Cellar/libxcb/1.17.0/include -I/usr/local/Cellar/libxau/1.0.12/include -I/usr/local/Cellar/libxdmcp/1.1.5/include -I/usr/local/Cellar/xorgproto/2025.1/include -L/usr/local/Cellar/libxcb/1.17.0/lib -lxcb-shm
test_cc -I/usr/local/Cellar/libxcb/1.17.0/include -I/usr/local/Cellar/libxau/1.0.12/include -I/usr/local/Cellar/libxdmcp/1.1.5/include -I/usr/local/Cellar/xorgproto/2025.1/include -L/usr/local/Cellar/libxcb/1.17.0/lib
BEGIN /var/folders/rv/fj31z1cj3j39vd6c2s012n7h0000gn/T//ffconf.JMIT29EY/test.c
    1	#include <xcb/shm.h>
    2	#include <stdint.h>
    3	long check_xcb_shm_attach(void) { return (long) xcb_shm_attach; }
    4	int main(void) { int ret = 0;
    5	 ret |= ((intptr_t)check_xcb_shm_attach) & 0xFFFF;
    6	return ret; }
END /var/folders/rv/fj31z1cj3j39vd6c2s012n7h0000gn/T//ffconf.JMIT29EY/test.c
gcc -D_ISOC11_SOURCE -D_FILE_OFFSET_BITS=64 -D_LARGEFILE_SOURCE -I$(SRC_PATH)/compat/dispatch_semaphore -DPIC -fPIC -arch x86_64 -mmacosx-version-min=11.0 -Wno-error=asm-operand-widths -I/Users/runner/work/ffmpeg-build/ffmpeg-build/vulkan-headers/include -std=c17 -Werror=partial-availability -fno-common -fomit-frame-pointer -fPIC -I/usr/local/Cellar/libx11/1.8.13/include -I/usr/local/Cellar/xorgproto/2025.1/include -I/usr/local/Cellar/libxcb/1.17.0/include -I/usr/local/Cellar/libxau/1.0.12/include -I/usr/local/Cellar/libxdmcp/1.1.5/include -I/usr/local/Cellar/libxext/1.3.7/include -I/usr/local/Cellar/xorgproto/2025.1/include -I/usr/local/Cellar/libx11/1.8.13/include -I/usr/local/Cellar/libxcb/1.17.0/include -I/usr/local/Cellar/libxau/1.0.12/include -I/usr/local/Cellar/libxdmcp/1.1.5/include -pthread -I/usr/local/Cellar/libxcb/1.17.0/include -I/usr/local/Cellar/libxau/1.0.12/include -I/usr/local/Cellar/libxdmcp/1.1.5/include -I/usr/local/Cellar/xorgproto/2025.1/include -I/usr/local/Cellar/libxcb/1.17.0/include -I/usr/local/Cellar/libxau/1.0.12/include -I/usr/local/Cellar/libxdmcp/1.1.5/include -I/usr/local/Cellar/xorgproto/2025.1/include -L/usr/local/Cellar/libxcb/1.17.0/lib -c -o /var/folders/rv/fj31z1cj3j39vd6c2s012n7h0000gn/T//ffconf.JMIT29EY/test.o /var/folders/rv/fj31z1cj3j39vd6c2s012n7h0000gn/T//ffconf.JMIT29EY/test.c
clang: warning: argument unused during compilation: '-L/usr/local/Cellar/libxcb/1.17.0/lib' [-Wunused-command-line-argument]
gcc -arch x86_64 -mmacosx-version-min=11.0 -Wl,-dynamic,-search_paths_first -Wl,-no_warn_duplicate_libraries -I/usr/local/Cellar/libxcb/1.17.0/include -I/usr/local/Cellar/libxau/1.0.12/include -I/usr/local/Cellar/libxdmcp/1.1.5/include -I/usr/local/Cellar/xorgproto/2025.1/include -L/usr/local/Cellar/libxcb/1.17.0/lib -o /var/folders/rv/fj31z1cj3j39vd6c2s012n7h0000gn/T//ffconf.JMIT29EY/test /var/folders/rv/fj31z1cj3j39vd6c2s012n7h0000gn/T//ffconf.JMIT29EY/test.o -lxcb-shm
check_pkg_config libxcb_shape xcb-shape xcb/shape.h xcb_shape_get_rectangles
test_pkg_config libxcb_shape xcb-shape xcb/shape.h xcb_shape_get_rectangles
pkg-config --exists --print-errors xcb-shape
check_func_headers xcb/shape.h xcb_shape_get_rectangles -I/usr/local/Cellar/libxcb/1.17.0/include -I/usr/local/Cellar/libxau/1.0.12/include -I/usr/local/Cellar/libxdmcp/1.1.5/include -I/usr/local/Cellar/xorgproto/2025.1/include -L/usr/local/Cellar/libxcb/1.17.0/lib -lxcb-shape
test_ld cc -I/usr/local/Cellar/libxcb/1.17.0/include -I/usr/local/Cellar/libxau/1.0.12/include -I/usr/local/Cellar/libxdmcp/1.1.5/include -I/usr/local/Cellar/xorgproto/2025.1/include -L/usr/local/Cellar/libxcb/1.17.0/lib -lxcb-shape
test_cc -I/usr/local/Cellar/libxcb/1.17.0/include -I/usr/local/Cellar/libxau/1.0.12/include -I/usr/local/Cellar/libxdmcp/1.1.5/include -I/usr/local/Cellar/xorgproto/2025.1/include -L/usr/local/Cellar/libxcb/1.17.0/lib
BEGIN /var/folders/rv/fj31z1cj3j39vd6c2s012n7h0000gn/T//ffconf.JMIT29EY/test.c
    1	#include <xcb/shape.h>
    2	#include <stdint.h>
    3	long check_xcb_shape_get_rectangles(void) { return (long) xcb_shape_get_rectangles; }
    4	int main(void) { int ret = 0;
    5	 ret |= ((intptr_t)check_xcb_shape_get_rectangles) & 0xFFFF;
    6	return ret; }
END /var/folders/rv/fj31z1cj3j39vd6c2s012n7h0000gn/T//ffconf.JMIT29EY/test.c
gcc -D_ISOC11_SOURCE -D_FILE_OFFSET_BITS=64 -D_LARGEFILE_SOURCE -I$(SRC_PATH)/compat/dispatch_semaphore -DPIC -fPIC -arch x86_64 -mmacosx-version-min=11.0 -Wno-error=asm-operand-widths -I/Users/runner/work/ffmpeg-build/ffmpeg-build/vulkan-headers/include -std=c17 -Werror=partial-availability -fno-common -fomit-frame-pointer -fPIC -I/usr/local/Cellar/libx11/1.8.13/include -I/usr/local/Cellar/xorgproto/2025.1/include -I/usr/local/Cellar/libxcb/1.17.0/include -I/usr/local/Cellar/libxau/1.0.12/include -I/usr/local/Cellar/libxdmcp/1.1.5/include -I/usr/local/Cellar/libxext/1.3.7/include -I/usr/local/Cellar/xorgproto/2025.1/include -I/usr/local/Cellar/libx11/1.8.13/include -I/usr/local/Cellar/libxcb/1.17.0/include -I/usr/local/Cellar/libxau/1.0.12/include -I/usr/local/Cellar/libxdmcp/1.1.5/include -pthread -I/usr/local/Cellar/libxcb/1.17.0/include -I/usr/local/Cellar/libxau/1.0.12/include -I/usr/local/Cellar/libxdmcp/1.1.5/include -I/usr/local/Cellar/xorgproto/2025.1/include -I/usr/local/Cellar/libxcb/1.17.0/include -I/usr/local/Cellar/libxau/1.0.12/include -I/usr/local/Cellar/libxdmcp/1.1.5/include -I/usr/local/Cellar/xorgproto/2025.1/include -I/usr/local/Cellar/libxcb/1.17.0/include -I/usr/local/Cellar/libxau/1.0.12/include -I/usr/local/Cellar/libxdmcp/1.1.5/include -I/usr/local/Cellar/xorgproto/2025.1/include -L/usr/local/Cellar/libxcb/1.17.0/lib -c -o /var/folders/rv/fj31z1cj3j39vd6c2s012n7h0000gn/T//ffconf.JMIT29EY/test.o /var/folders/rv/fj31z1cj3j39vd6c2s012n7h0000gn/T//ffconf.JMIT29EY/test.c
clang: warning: argument unused during compilation: '-L/usr/local/Cellar/libxcb/1.17.0/lib' [-Wunused-command-line-argument]
gcc -arch x86_64 -mmacosx-version-min=11.0 -Wl,-dynamic,-search_paths_first -Wl,-no_warn_duplicate_libraries -I/usr/local/Cellar/libxcb/1.17.0/include -I/usr/local/Cellar/libxau/1.0.12/include -I/usr/local/Cellar/libxdmcp/1.1.5/include -I/usr/local/Cellar/xorgproto/2025.1/include -L/usr/local/Cellar/libxcb/1.17.0/lib -o /var/folders/rv/fj31z1cj3j39vd6c2s012n7h0000gn/T//ffconf.JMIT29EY/test /var/folders/rv/fj31z1cj3j39vd6c2s012n7h0000gn/T//ffconf.JMIT29EY/test.o -lxcb-shape
check_pkg_config libxcb_xfixes xcb-xfixes xcb/xfixes.h xcb_xfixes_get_cursor_image
test_pkg_config libxcb_xfixes xcb-xfixes xcb/xfixes.h xcb_xfixes_get_cursor_image
pkg-config --exists --print-errors xcb-xfixes
check_func_headers xcb/xfixes.h xcb_xfixes_get_cursor_image -I/usr/local/Cellar/libxcb/1.17.0/include -I/usr/local/Cellar/libxau/1.0.12/include -I/usr/local/Cellar/libxdmcp/1.1.5/include -I/usr/local/Cellar/xorgproto/2025.1/include -L/usr/local/Cellar/libxcb/1.17.0/lib -lxcb-xfixes
test_ld cc -I/usr/local/Cellar/libxcb/1.17.0/include -I/usr/local/Cellar/libxau/1.0.12/include -I/usr/local/Cellar/libxdmcp/1.1.5/include -I/usr/local/Cellar/xorgproto/2025.1/include -L/usr/local/Cellar/libxcb/1.17.0/lib -lxcb-xfixes
test_cc -I/usr/local/Cellar/libxcb/1.17.0/include -I/usr/local/Cellar/libxau/1.0.12/include -I/usr/local/Cellar/libxdmcp/1.1.5/include -I/usr/local/Cellar/xorgproto/2025.1/include -L/usr/local/Cellar/libxcb/1.17.0/lib
BEGIN /var/folders/rv/fj31z1cj3j39vd6c2s012n7h0000gn/T//ffconf.JMIT29EY/test.c
    1	#include <xcb/xfixes.h>
    2	#include <stdint.h>
    3	long check_xcb_xfixes_get_cursor_image(void) { return (long) xcb_xfixes_get_cursor_image; }
    4	int main(void) { int ret = 0;
    5	 ret |= ((intptr_t)check_xcb_xfixes_get_cursor_image) & 0xFFFF;
    6	return ret; }
END /var/folders/rv/fj31z1cj3j39vd6c2s012n7h0000gn/T//ffconf.JMIT29EY/test.c
gcc -D_ISOC11_SOURCE -D_FILE_OFFSET_BITS=64 -D_LARGEFILE_SOURCE -I$(SRC_PATH)/compat/dispatch_semaphore -DPIC -fPIC -arch x86_64 -mmacosx-version-min=11.0 -Wno-error=asm-operand-widths -I/Users/runner/work/ffmpeg-build/ffmpeg-build/vulkan-headers/include -std=c17 -Werror=partial-availability -fno-common -fomit-frame-pointer -fPIC -I/usr/local/Cellar/libx11/1.8.13/include -I/usr/local/Cellar/xorgproto/2025.1/include -I/usr/local/Cellar/libxcb/1.17.0/include -I/usr/local/Cellar/libxau/1.0.12/include -I/usr/local/Cellar/libxdmcp/1.1.5/include -I/usr/local/Cellar/libxext/1.3.7/include -I/usr/local/Cellar/xorgproto/2025.1/include -I/usr/local/Cellar/libx11/1.8.13/include -I/usr/local/Cellar/libxcb/1.17.0/include -I/usr/local/Cellar/libxau/1.0.12/include -I/usr/local/Cellar/libxdmcp/1.1.5/include -pthread -I/usr/local/Cellar/libxcb/1.17.0/include -I/usr/local/Cellar/libxau/1.0.12/include -I/usr/local/Cellar/libxdmcp/1.1.5/include -I/usr/local/Cellar/xorgproto/2025.1/include -I/usr/local/Cellar/libxcb/1.17.0/include -I/usr/local/Cellar/libxau/1.0.12/include -I/usr/local/Cellar/libxdmcp/1.1.5/include -I/usr/local/Cellar/xorgproto/2025.1/include -I/usr/local/Cellar/libxcb/1.17.0/include -I/usr/local/Cellar/libxau/1.0.12/include -I/usr/local/Cellar/libxdmcp/1.1.5/include -I/usr/local/Cellar/xorgproto/2025.1/include -I/usr/local/Cellar/libxcb/1.17.0/include -I/usr/local/Cellar/libxau/1.0.12/include -I/usr/local/Cellar/libxdmcp/1.1.5/include -I/usr/local/Cellar/xorgproto/2025.1/include -L/usr/local/Cellar/libxcb/1.17.0/lib -c -o /var/folders/rv/fj31z1cj3j39vd6c2s012n7h0000gn/T//ffconf.JMIT29EY/test.o /var/folders/rv/fj31z1cj3j39vd6c2s012n7h0000gn/T//ffconf.JMIT29EY/test.c
clang: warning: argument unused during compilation: '-L/usr/local/Cellar/libxcb/1.17.0/lib' [-Wunused-command-line-argument]
gcc -arch x86_64 -mmacosx-version-min=11.0 -Wl,-dynamic,-search_paths_first -Wl,-no_warn_duplicate_libraries -I/usr/local/Cellar/libxcb/1.17.0/include -I/usr/local/Cellar/libxau/1.0.12/include -I/usr/local/Cellar/libxdmcp/1.1.5/include -I/usr/local/Cellar/xorgproto/2025.1/include -L/usr/local/Cellar/libxcb/1.17.0/lib -o /var/folders/rv/fj31z1cj3j39vd6c2s012n7h0000gn/T//ffconf.JMIT29EY/test /var/folders/rv/fj31z1cj3j39vd6c2s012n7h0000gn/T//ffconf.JMIT29EY/test.o -lxcb-xfixes
check_func_headers windows.h CreateDIBSection -lgdi32
test_ld cc -lgdi32
test_cc
BEGIN /var/folders/rv/fj31z1cj3j39vd6c2s012n7h0000gn/T//ffconf.JMIT29EY/test.c
    1	#include <windows.h>
    2	#include <stdint.h>
    3	long check_CreateDIBSection(void) { return (long) CreateDIBSection; }
    4	int main(void) { int ret = 0;
    5	 ret |= ((intptr_t)check_CreateDIBSection) & 0xFFFF;
    6	return ret; }
END /var/folders/rv/fj31z1cj3j39vd6c2s012n7h0000gn/T//ffconf.JMIT29EY/test.c
gcc -D_ISOC11_SOURCE -D_FILE_OFFSET_BITS=64 -D_LARGEFILE_SOURCE -I$(SRC_PATH)/compat/dispatch_semaphore -DPIC -fPIC -arch x86_64 -mmacosx-version-min=11.0 -Wno-error=asm-operand-widths -I/Users/runner/work/ffmpeg-build/ffmpeg-build/vulkan-headers/include -std=c17 -Werror=partial-availability -fno-common -fomit-frame-pointer -fPIC -I/usr/local/Cellar/libx11/1.8.13/include -I/usr/local/Cellar/xorgproto/2025.1/include -I/usr/local/Cellar/libxcb/1.17.0/include -I/usr/local/Cellar/libxau/1.0.12/include -I/usr/local/Cellar/libxdmcp/1.1.5/include -I/usr/local/Cellar/libxext/1.3.7/include -I/usr/local/Cellar/xorgproto/2025.1/include -I/usr/local/Cellar/libx11/1.8.13/include -I/usr/local/Cellar/libxcb/1.17.0/include -I/usr/local/Cellar/libxau/1.0.12/include -I/usr/local/Cellar/libxdmcp/1.1.5/include -pthread -I/usr/local/Cellar/libxcb/1.17.0/include -I/usr/local/Cellar/libxau/1.0.12/include -I/usr/local/Cellar/libxdmcp/1.1.5/include -I/usr/local/Cellar/xorgproto/2025.1/include -I/usr/local/Cellar/libxcb/1.17.0/include -I/usr/local/Cellar/libxau/1.0.12/include -I/usr/local/Cellar/libxdmcp/1.1.5/include -I/usr/local/Cellar/xorgproto/2025.1/include -I/usr/local/Cellar/libxcb/1.17.0/include -I/usr/local/Cellar/libxau/1.0.12/include -I/usr/local/Cellar/libxdmcp/1.1.5/include -I/usr/local/Cellar/xorgproto/2025.1/include -I/usr/local/Cellar/libxcb/1.17.0/include -I/usr/local/Cellar/libxau/1.0.12/include -I/usr/local/Cellar/libxdmcp/1.1.5/include -I/usr/local/Cellar/xorgproto/2025.1/include -c -o /var/folders/rv/fj31z1cj3j39vd6c2s012n7h0000gn/T//ffconf.JMIT29EY/test.o /var/folders/rv/fj31z1cj3j39vd6c2s012n7h0000gn/T//ffconf.JMIT29EY/test.c
/var/folders/rv/fj31z1cj3j39vd6c2s012n7h0000gn/T//ffconf.JMIT29EY/test.c:1:10: fatal error: 'windows.h' file not found
#include <windows.h>
         ^~~~~~~~~~~
1 error generated.
test_cpp
BEGIN /var/folders/rv/fj31z1cj3j39vd6c2s012n7h0000gn/T//ffconf.JMIT29EY/test.c
    1	#ifdef WINAPI_FAMILY
    2	#include <winapifamily.h>
    3	#if WINAPI_FAMILY_PARTITION(WINAPI_PARTITION_DESKTOP)
    4	#error desktop, not uwp
    5	#else
    6	// WINAPI_FAMILY_APP, WINAPI_FAMILY_PHONE_APP => UWP
    7	#endif
    8	#else
    9	#error no family set
   10	#endif
END /var/folders/rv/fj31z1cj3j39vd6c2s012n7h0000gn/T//ffconf.JMIT29EY/test.c
gcc -D_ISOC11_SOURCE -D_FILE_OFFSET_BITS=64 -D_LARGEFILE_SOURCE -I$(SRC_PATH)/compat/dispatch_semaphore -DPIC -fPIC -arch x86_64 -mmacosx-version-min=11.0 -Wno-error=asm-operand-widths -I/Users/runner/work/ffmpeg-build/ffmpeg-build/vulkan-headers/include -std=c17 -Werror=partial-availability -fno-common -fomit-frame-pointer -fPIC -I/usr/local/Cellar/libx11/1.8.13/include -I/usr/local/Cellar/xorgproto/2025.1/include -I/usr/local/Cellar/libxcb/1.17.0/include -I/usr/local/Cellar/libxau/1.0.12/include -I/usr/local/Cellar/libxdmcp/1.1.5/include -I/usr/local/Cellar/libxext/1.3.7/include -I/usr/local/Cellar/xorgproto/2025.1/include -I/usr/local/Cellar/libx11/1.8.13/include -I/usr/local/Cellar/libxcb/1.17.0/include -I/usr/local/Cellar/libxau/1.0.12/include -I/usr/local/Cellar/libxdmcp/1.1.5/include -pthread -I/usr/local/Cellar/libxcb/1.17.0/include -I/usr/local/Cellar/libxau/1.0.12/include -I/usr/local/Cellar/libxdmcp/1.1.5/include -I/usr/local/Cellar/xorgproto/2025.1/include -I/usr/local/Cellar/libxcb/1.17.0/include -I/usr/local/Cellar/libxau/1.0.12/include -I/usr/local/Cellar/libxdmcp/1.1.5/include -I/usr/local/Cellar/xorgproto/2025.1/include -I/usr/local/Cellar/libxcb/1.17.0/include -I/usr/local/Cellar/libxau/1.0.12/include -I/usr/local/Cellar/libxdmcp/1.1.5/include -I/usr/local/Cellar/xorgproto/2025.1/include -I/usr/local/Cellar/libxcb/1.17.0/include -I/usr/local/Cellar/libxau/1.0.12/include -I/usr/local/Cellar/libxdmcp/1.1.5/include -I/usr/local/Cellar/xorgproto/2025.1/include -E -o /var/folders/rv/fj31z1cj3j39vd6c2s012n7h0000gn/T//ffconf.JMIT29EY/test.o /var/folders/rv/fj31z1cj3j39vd6c2s012n7h0000gn/T//ffconf.JMIT29EY/test.c
/var/folders/rv/fj31z1cj3j39vd6c2s012n7h0000gn/T//ffconf.JMIT29EY/test.c:9:2: error: no family set
#error no family set
 ^
1 error generated.
check_pkg_config vaapi libva >= 0.35.0 va/va.h vaInitialize
test_pkg_config vaapi libva >= 0.35.0 va/va.h vaInitialize
pkg-config --exists --print-errors libva >= 0.35.0
Package libva was not found in the pkg-config search path.
Perhaps you should add the directory containing `libva.pc'
to the PKG_CONFIG_PATH environment variable
Package 'libva' not found
check_cpp_condition vdpau vdpau/vdpau.h defined VDP_DECODER_PROFILE_MPEG4_PART2_ASP
test_cpp_condition vdpau/vdpau.h defined VDP_DECODER_PROFILE_MPEG4_PART2_ASP
test_cpp
BEGIN /var/folders/rv/fj31z1cj3j39vd6c2s012n7h0000gn/T//ffconf.JMIT29EY/test.c
    1	#include <vdpau/vdpau.h>
    2	#if !(defined VDP_DECODER_PROFILE_MPEG4_PART2_ASP)
    3	#error "unsatisfied condition: defined VDP_DECODER_PROFILE_MPEG4_PART2_ASP"
    4	#endif
END /var/folders/rv/fj31z1cj3j39vd6c2s012n7h0000gn/T//ffconf.JMIT29EY/test.c
gcc -D_ISOC11_SOURCE -D_FILE_OFFSET_BITS=64 -D_LARGEFILE_SOURCE -I$(SRC_PATH)/compat/dispatch_semaphore -DPIC -fPIC -arch x86_64 -mmacosx-version-min=11.0 -Wno-error=asm-operand-widths -I/Users/runner/work/ffmpeg-build/ffmpeg-build/vulkan-headers/include -std=c17 -Werror=partial-availability -fno-common -fomit-frame-pointer -fPIC -I/usr/local/Cellar/libx11/1.8.13/include -I/usr/local/Cellar/xorgproto/2025.1/include -I/usr/local/Cellar/libxcb/1.17.0/include -I/usr/local/Cellar/libxau/1.0.12/include -I/usr/local/Cellar/libxdmcp/1.1.5/include -I/usr/local/Cellar/libxext/1.3.7/include -I/usr/local/Cellar/xorgproto/2025.1/include -I/usr/local/Cellar/libx11/1.8.13/include -I/usr/local/Cellar/libxcb/1.17.0/include -I/usr/local/Cellar/libxau/1.0.12/include -I/usr/local/Cellar/libxdmcp/1.1.5/include -pthread -I/usr/local/Cellar/libxcb/1.17.0/include -I/usr/local/Cellar/libxau/1.0.12/include -I/usr/local/Cellar/libxdmcp/1.1.5/include -I/usr/local/Cellar/xorgproto/2025.1/include -I/usr/local/Cellar/libxcb/1.17.0/include -I/usr/local/Cellar/libxau/1.0.12/include -I/usr/local/Cellar/libxdmcp/1.1.5/include -I/usr/local/Cellar/xorgproto/2025.1/include -I/usr/local/Cellar/libxcb/1.17.0/include -I/usr/local/Cellar/libxau/1.0.12/include -I/usr/local/Cellar/libxdmcp/1.1.5/include -I/usr/local/Cellar/xorgproto/2025.1/include -I/usr/local/Cellar/libxcb/1.17.0/include -I/usr/local/Cellar/libxau/1.0.12/include -I/usr/local/Cellar/libxdmcp/1.1.5/include -I/usr/local/Cellar/xorgproto/2025.1/include -E -o /var/folders/rv/fj31z1cj3j39vd6c2s012n7h0000gn/T//ffconf.JMIT29EY/test.o /var/folders/rv/fj31z1cj3j39vd6c2s012n7h0000gn/T//ffconf.JMIT29EY/test.c
/var/folders/rv/fj31z1cj3j39vd6c2s012n7h0000gn/T//ffconf.JMIT29EY/test.c:1:10: fatal error: 'vdpau/vdpau.h' file not found
#include <vdpau/vdpau.h>
         ^~~~~~~~~~~~~~~
1 error generated.
check_pkg_config_cpp vulkan vulkan >= 1.3.277 vulkan/vulkan.h defined VK_VERSION_1_3
test_pkg_config_cpp vulkan vulkan >= 1.3.277 vulkan/vulkan.h defined VK_VERSION_1_3
pkg-config --exists --print-errors vulkan >= 1.3.277
Package vulkan was not found in the pkg-config search path.
Perhaps you should add the directory containing `vulkan.pc'
to the PKG_CONFIG_PATH environment variable
Package 'vulkan' not found
check_cpp_condition vulkan vulkan/vulkan.h defined(VK_VERSION_1_4) || (defined(VK_VERSION_1_3) && VK_HEADER_VERSION >= 277)
test_cpp_condition vulkan/vulkan.h defined(VK_VERSION_1_4) || (defined(VK_VERSION_1_3) && VK_HEADER_VERSION >= 277)
test_cpp
BEGIN /var/folders/rv/fj31z1cj3j39vd6c2s012n7h0000gn/T//ffconf.JMIT29EY/test.c
    1	#include <vulkan/vulkan.h>
    2	#if !(defined(VK_VERSION_1_4) || (defined(VK_VERSION_1_3) && VK_HEADER_VERSION >= 277))
    3	#error "unsatisfied condition: defined(VK_VERSION_1_4) || (defined(VK_VERSION_1_3) && VK_HEADER_VERSION >= 277)"
    4	#endif
END /var/folders/rv/fj31z1cj3j39vd6c2s012n7h0000gn/T//ffconf.JMIT29EY/test.c
gcc -D_ISOC11_SOURCE -D_FILE_OFFSET_BITS=64 -D_LARGEFILE_SOURCE -I$(SRC_PATH)/compat/dispatch_semaphore -DPIC -fPIC -arch x86_64 -mmacosx-version-min=11.0 -Wno-error=asm-operand-widths -I/Users/runner/work/ffmpeg-build/ffmpeg-build/vulkan-headers/include -std=c17 -Werror=partial-availability -fno-common -fomit-frame-pointer -fPIC -I/usr/local/Cellar/libx11/1.8.13/include -I/usr/local/Cellar/xorgproto/2025.1/include -I/usr/local/Cellar/libxcb/1.17.0/include -I/usr/local/Cellar/libxau/1.0.12/include -I/usr/local/Cellar/libxdmcp/1.1.5/include -I/usr/local/Cellar/libxext/1.3.7/include -I/usr/local/Cellar/xorgproto/2025.1/include -I/usr/local/Cellar/libx11/1.8.13/include -I/usr/local/Cellar/libxcb/1.17.0/include -I/usr/local/Cellar/libxau/1.0.12/include -I/usr/local/Cellar/libxdmcp/1.1.5/include -pthread -I/usr/local/Cellar/libxcb/1.17.0/include -I/usr/local/Cellar/libxau/1.0.12/include -I/usr/local/Cellar/libxdmcp/1.1.5/include -I/usr/local/Cellar/xorgproto/2025.1/include -I/usr/local/Cellar/libxcb/1.17.0/include -I/usr/local/Cellar/libxau/1.0.12/include -I/usr/local/Cellar/libxdmcp/1.1.5/include -I/usr/local/Cellar/xorgproto/2025.1/include -I/usr/local/Cellar/libxcb/1.17.0/include -I/usr/local/Cellar/libxau/1.0.12/include -I/usr/local/Cellar/libxdmcp/1.1.5/include -I/usr/local/Cellar/xorgproto/2025.1/include -I/usr/local/Cellar/libxcb/1.17.0/include -I/usr/local/Cellar/libxau/1.0.12/include -I/usr/local/Cellar/libxdmcp/1.1.5/include -I/usr/local/Cellar/xorgproto/2025.1/include -E -o /var/folders/rv/fj31z1cj3j39vd6c2s012n7h0000gn/T//ffconf.JMIT29EY/test.o /var/folders/rv/fj31z1cj3j39vd6c2s012n7h0000gn/T//ffconf.JMIT29EY/test.c
check_pkg_config_cpp vulkan_1_4 vulkan >= 1.4.317 vulkan/vulkan.h defined VK_VERSION_1_4
test_pkg_config_cpp vulkan_1_4 vulkan >= 1.4.317 vulkan/vulkan.h defined VK_VERSION_1_4
pkg-config --exists --print-errors vulkan >= 1.4.317
Package vulkan was not found in the pkg-config search path.
Perhaps you should add the directory containing `vulkan.pc'
to the PKG_CONFIG_PATH environment variable
Package 'vulkan' not found
check_cpp_condition vulkan_1_4 vulkan/vulkan.h defined(VK_VERSION_1_5) || (defined(VK_VERSION_1_4) && VK_HEADER_VERSION >= 317)
test_cpp_condition vulkan/vulkan.h defined(VK_VERSION_1_5) || (defined(VK_VERSION_1_4) && VK_HEADER_VERSION >= 317)
test_cpp
BEGIN /var/folders/rv/fj31z1cj3j39vd6c2s012n7h0000gn/T//ffconf.JMIT29EY/test.c
    1	#include <vulkan/vulkan.h>
    2	#if !(defined(VK_VERSION_1_5) || (defined(VK_VERSION_1_4) && VK_HEADER_VERSION >= 317))
    3	#error "unsatisfied condition: defined(VK_VERSION_1_5) || (defined(VK_VERSION_1_4) && VK_HEADER_VERSION >= 317)"
    4	#endif
END /var/folders/rv/fj31z1cj3j39vd6c2s012n7h0000gn/T//ffconf.JMIT29EY/test.c
gcc -D_ISOC11_SOURCE -D_FILE_OFFSET_BITS=64 -D_LARGEFILE_SOURCE -I$(SRC_PATH)/compat/dispatch_semaphore -DPIC -fPIC -arch x86_64 -mmacosx-version-min=11.0 -Wno-error=asm-operand-widths -I/Users/runner/work/ffmpeg-build/ffmpeg-build/vulkan-headers/include -std=c17 -Werror=partial-availability -fno-common -fomit-frame-pointer -fPIC -I/usr/local/Cellar/libx11/1.8.13/include -I/usr/local/Cellar/xorgproto/2025.1/include -I/usr/local/Cellar/libxcb/1.17.0/include -I/usr/local/Cellar/libxau/1.0.12/include -I/usr/local/Cellar/libxdmcp/1.1.5/include -I/usr/local/Cellar/libxext/1.3.7/include -I/usr/local/Cellar/xorgproto/2025.1/include -I/usr/local/Cellar/libx11/1.8.13/include -I/usr/local/Cellar/libxcb/1.17.0/include -I/usr/local/Cellar/libxau/1.0.12/include -I/usr/local/Cellar/libxdmcp/1.1.5/include -pthread -I/usr/local/Cellar/libxcb/1.17.0/include -I/usr/local/Cellar/libxau/1.0.12/include -I/usr/local/Cellar/libxdmcp/1.1.5/include -I/usr/local/Cellar/xorgproto/2025.1/include -I/usr/local/Cellar/libxcb/1.17.0/include -I/usr/local/Cellar/libxau/1.0.12/include -I/usr/local/Cellar/libxdmcp/1.1.5/include -I/usr/local/Cellar/xorgproto/2025.1/include -I/usr/local/Cellar/libxcb/1.17.0/include -I/usr/local/Cellar/libxau/1.0.12/include -I/usr/local/Cellar/libxdmcp/1.1.5/include -I/usr/local/Cellar/xorgproto/2025.1/include -I/usr/local/Cellar/libxcb/1.17.0/include -I/usr/local/Cellar/libxau/1.0.12/include -I/usr/local/Cellar/libxdmcp/1.1.5/include -I/usr/local/Cellar/xorgproto/2025.1/include -E -o /var/folders/rv/fj31z1cj3j39vd6c2s012n7h0000gn/T//ffconf.JMIT29EY/test.o /var/folders/rv/fj31z1cj3j39vd6c2s012n7h0000gn/T//ffconf.JMIT29EY/test.c
glslc -v
./configure: line 1038: glslc: command not found
glslc --version
./configure: line 1038: glslc: command not found
glslc -v
./configure: line 1038: glslc: command not found
glslc --version
./configure: line 1038: glslc: command not found
glslang -v
./configure: line 1038: glslang: command not found
glslang --version
./configure: line 1038: glslang: command not found
glslangValidator -v
./configure: line 1038: glslangValidator: command not found
glslangValidator --version
./configure: line 1038: glslangValidator: command not found
check_cpp_condition amf AMF/core/Version.h (AMF_VERSION_MAJOR << 48 | AMF_VERSION_MINOR << 32 | AMF_VERSION_RELEASE << 16 | AMF_VERSION_BUILD_NUM) >= 0x0001000400240000
test_cpp_condition AMF/core/Version.h (AMF_VERSION_MAJOR << 48 | AMF_VERSION_MINOR << 32 | AMF_VERSION_RELEASE << 16 | AMF_VERSION_BUILD_NUM) >= 0x0001000400240000
test_cpp
BEGIN /var/folders/rv/fj31z1cj3j39vd6c2s012n7h0000gn/T//ffconf.JMIT29EY/test.c
    1	#include <AMF/core/Version.h>
    2	#if !((AMF_VERSION_MAJOR << 48 | AMF_VERSION_MINOR << 32 | AMF_VERSION_RELEASE << 16 | AMF_VERSION_BUILD_NUM) >= 0x0001000400240000)
    3	#error "unsatisfied condition: (AMF_VERSION_MAJOR << 48 | AMF_VERSION_MINOR << 32 | AMF_VERSION_RELEASE << 16 | AMF_VERSION_BUILD_NUM) >= 0x0001000400240000"
    4	#endif
END /var/folders/rv/fj31z1cj3j39vd6c2s012n7h0000gn/T//ffconf.JMIT29EY/test.c
gcc -D_ISOC11_SOURCE -D_FILE_OFFSET_BITS=64 -D_LARGEFILE_SOURCE -I$(SRC_PATH)/compat/dispatch_semaphore -DPIC -fPIC -arch x86_64 -mmacosx-version-min=11.0 -Wno-error=asm-operand-widths -I/Users/runner/work/ffmpeg-build/ffmpeg-build/vulkan-headers/include -std=c17 -Werror=partial-availability -fno-common -fomit-frame-pointer -fPIC -I/usr/local/Cellar/libx11/1.8.13/include -I/usr/local/Cellar/xorgproto/2025.1/include -I/usr/local/Cellar/libxcb/1.17.0/include -I/usr/local/Cellar/libxau/1.0.12/include -I/usr/local/Cellar/libxdmcp/1.1.5/include -I/usr/local/Cellar/libxext/1.3.7/include -I/usr/local/Cellar/xorgproto/2025.1/include -I/usr/local/Cellar/libx11/1.8.13/include -I/usr/local/Cellar/libxcb/1.17.0/include -I/usr/local/Cellar/libxau/1.0.12/include -I/usr/local/Cellar/libxdmcp/1.1.5/include -pthread -I/usr/local/Cellar/libxcb/1.17.0/include -I/usr/local/Cellar/libxau/1.0.12/include -I/usr/local/Cellar/libxdmcp/1.1.5/include -I/usr/local/Cellar/xorgproto/2025.1/include -I/usr/local/Cellar/libxcb/1.17.0/include -I/usr/local/Cellar/libxau/1.0.12/include -I/usr/local/Cellar/libxdmcp/1.1.5/include -I/usr/local/Cellar/xorgproto/2025.1/include -I/usr/local/Cellar/libxcb/1.17.0/include -I/usr/local/Cellar/libxau/1.0.12/include -I/usr/local/Cellar/libxdmcp/1.1.5/include -I/usr/local/Cellar/xorgproto/2025.1/include -I/usr/local/Cellar/libxcb/1.17.0/include -I/usr/local/Cellar/libxau/1.0.12/include -I/usr/local/Cellar/libxdmcp/1.1.5/include -I/usr/local/Cellar/xorgproto/2025.1/include -E -o /var/folders/rv/fj31z1cj3j39vd6c2s012n7h0000gn/T//ffconf.JMIT29EY/test.o /var/folders/rv/fj31z1cj3j39vd6c2s012n7h0000gn/T//ffconf.JMIT29EY/test.c
/var/folders/rv/fj31z1cj3j39vd6c2s012n7h0000gn/T//ffconf.JMIT29EY/test.c:1:10: fatal error: 'AMF/core/Version.h' file not found
#include <AMF/core/Version.h>
         ^~~~~~~~~~~~~~~~~~~~
1 error generated.
test_cflags -Werror=unused-command-line-argument
test_cc -Werror=unused-command-line-argument
BEGIN /var/folders/rv/fj31z1cj3j39vd6c2s012n7h0000gn/T//ffconf.JMIT29EY/test.c
    1	int x;
END /var/folders/rv/fj31z1cj3j39vd6c2s012n7h0000gn/T//ffconf.JMIT29EY/test.c
gcc -D_ISOC11_SOURCE -D_FILE_OFFSET_BITS=64 -D_LARGEFILE_SOURCE -I$(SRC_PATH)/compat/dispatch_semaphore -DPIC -fPIC -arch x86_64 -mmacosx-version-min=11.0 -Wno-error=asm-operand-widths -I/Users/runner/work/ffmpeg-build/ffmpeg-build/vulkan-headers/include -std=c17 -Werror=partial-availability -fno-common -fomit-frame-pointer -fPIC -I/usr/local/Cellar/libx11/1.8.13/include -I/usr/local/Cellar/xorgproto/2025.1/include -I/usr/local/Cellar/libxcb/1.17.0/include -I/usr/local/Cellar/libxau/1.0.12/include -I/usr/local/Cellar/libxdmcp/1.1.5/include -I/usr/local/Cellar/libxext/1.3.7/include -I/usr/local/Cellar/xorgproto/2025.1/include -I/usr/local/Cellar/libx11/1.8.13/include -I/usr/local/Cellar/libxcb/1.17.0/include -I/usr/local/Cellar/libxau/1.0.12/include -I/usr/local/Cellar/libxdmcp/1.1.5/include -pthread -I/usr/local/Cellar/libxcb/1.17.0/include -I/usr/local/Cellar/libxau/1.0.12/include -I/usr/local/Cellar/libxdmcp/1.1.5/include -I/usr/local/Cellar/xorgproto/2025.1/include -I/usr/local/Cellar/libxcb/1.17.0/include -I/usr/local/Cellar/libxau/1.0.12/include -I/usr/local/Cellar/libxdmcp/1.1.5/include -I/usr/local/Cellar/xorgproto/2025.1/include -I/usr/local/Cellar/libxcb/1.17.0/include -I/usr/local/Cellar/libxau/1.0.12/include -I/usr/local/Cellar/libxdmcp/1.1.5/include -I/usr/local/Cellar/xorgproto/2025.1/include -I/usr/local/Cellar/libxcb/1.17.0/include -I/usr/local/Cellar/libxau/1.0.12/include -I/usr/local/Cellar/libxdmcp/1.1.5/include -I/usr/local/Cellar/xorgproto/2025.1/include -g -Werror=unused-command-line-argument -c -o /var/folders/rv/fj31z1cj3j39vd6c2s012n7h0000gn/T//ffconf.JMIT29EY/test.o /var/folders/rv/fj31z1cj3j39vd6c2s012n7h0000gn/T//ffconf.JMIT29EY/test.c
test_cflags -Werror=unknown-warning-option
test_cc -Werror=unknown-warning-option
BEGIN /var/folders/rv/fj31z1cj3j39vd6c2s012n7h0000gn/T//ffconf.JMIT29EY/test.c
    1	int x;
END /var/folders/rv/fj31z1cj3j39vd6c2s012n7h0000gn/T//ffconf.JMIT29EY/test.c
gcc -D_ISOC11_SOURCE -D_FILE_OFFSET_BITS=64 -D_LARGEFILE_SOURCE -I$(SRC_PATH)/compat/dispatch_semaphore -DPIC -fPIC -arch x86_64 -mmacosx-version-min=11.0 -Wno-error=asm-operand-widths -I/Users/runner/work/ffmpeg-build/ffmpeg-build/vulkan-headers/include -std=c17 -Werror=partial-availability -fno-common -fomit-frame-pointer -fPIC -I/usr/local/Cellar/libx11/1.8.13/include -I/usr/local/Cellar/xorgproto/2025.1/include -I/usr/local/Cellar/libxcb/1.17.0/include -I/usr/local/Cellar/libxau/1.0.12/include -I/usr/local/Cellar/libxdmcp/1.1.5/include -I/usr/local/Cellar/libxext/1.3.7/include -I/usr/local/Cellar/xorgproto/2025.1/include -I/usr/local/Cellar/libx11/1.8.13/include -I/usr/local/Cellar/libxcb/1.17.0/include -I/usr/local/Cellar/libxau/1.0.12/include -I/usr/local/Cellar/libxdmcp/1.1.5/include -pthread -I/usr/local/Cellar/libxcb/1.17.0/include -I/usr/local/Cellar/libxau/1.0.12/include -I/usr/local/Cellar/libxdmcp/1.1.5/include -I/usr/local/Cellar/xorgproto/2025.1/include -I/usr/local/Cellar/libxcb/1.17.0/include -I/usr/local/Cellar/libxau/1.0.12/include -I/usr/local/Cellar/libxdmcp/1.1.5/include -I/usr/local/Cellar/xorgproto/2025.1/include -I/usr/local/Cellar/libxcb/1.17.0/include -I/usr/local/Cellar/libxau/1.0.12/include -I/usr/local/Cellar/libxdmcp/1.1.5/include -I/usr/local/Cellar/xorgproto/2025.1/include -I/usr/local/Cellar/libxcb/1.17.0/include -I/usr/local/Cellar/libxau/1.0.12/include -I/usr/local/Cellar/libxdmcp/1.1.5/include -I/usr/local/Cellar/xorgproto/2025.1/include -g -Werror=unknown-warning-option -c -o /var/folders/rv/fj31z1cj3j39vd6c2s012n7h0000gn/T//ffconf.JMIT29EY/test.o /var/folders/rv/fj31z1cj3j39vd6c2s012n7h0000gn/T//ffconf.JMIT29EY/test.c
test_cxxflags -Werror=unused-command-line-argument
test_cxx -Werror=unused-command-line-argument
BEGIN /var/folders/rv/fj31z1cj3j39vd6c2s012n7h0000gn/T//ffconf.JMIT29EY/test.cpp
    1	int x;
END /var/folders/rv/fj31z1cj3j39vd6c2s012n7h0000gn/T//ffconf.JMIT29EY/test.cpp
g++ -D_ISOC11_SOURCE -D_FILE_OFFSET_BITS=64 -D_LARGEFILE_SOURCE -I$(SRC_PATH)/compat/dispatch_semaphore -DPIC -D__STDC_CONSTANT_MACROS -std=c++17 -Werror=partial-availability -fomit-frame-pointer -fPIC -pthread -g -Werror=unused-command-line-argument -c -o /var/folders/rv/fj31z1cj3j39vd6c2s012n7h0000gn/T//ffconf.JMIT29EY/test.o /var/folders/rv/fj31z1cj3j39vd6c2s012n7h0000gn/T//ffconf.JMIT29EY/test.cpp
test_cxxflags -Werror=unknown-warning-option
test_cxx -Werror=unknown-warning-option
BEGIN /var/folders/rv/fj31z1cj3j39vd6c2s012n7h0000gn/T//ffconf.JMIT29EY/test.cpp
    1	int x;
END /var/folders/rv/fj31z1cj3j39vd6c2s012n7h0000gn/T//ffconf.JMIT29EY/test.cpp
g++ -D_ISOC11_SOURCE -D_FILE_OFFSET_BITS=64 -D_LARGEFILE_SOURCE -I$(SRC_PATH)/compat/dispatch_semaphore -DPIC -D__STDC_CONSTANT_MACROS -std=c++17 -Werror=partial-availability -fomit-frame-pointer -fPIC -pthread -g -Werror=unknown-warning-option -c -o /var/folders/rv/fj31z1cj3j39vd6c2s012n7h0000gn/T//ffconf.JMIT29EY/test.o /var/folders/rv/fj31z1cj3j39vd6c2s012n7h0000gn/T//ffconf.JMIT29EY/test.cpp
test_objcflags -Werror=unused-command-line-argument
test_objcc -Werror=unused-command-line-argument
BEGIN /var/folders/rv/fj31z1cj3j39vd6c2s012n7h0000gn/T//ffconf.JMIT29EY/test.m
    1	int x;
END /var/folders/rv/fj31z1cj3j39vd6c2s012n7h0000gn/T//ffconf.JMIT29EY/test.m
gcc -Werror=missing-prototypes -D_ISOC11_SOURCE -D_FILE_OFFSET_BITS=64 -D_LARGEFILE_SOURCE -I$(SRC_PATH)/compat/dispatch_semaphore -DPIC -fPIC -arch x86_64 -mmacosx-version-min=11.0 -Wno-error=asm-operand-widths -I/Users/runner/work/ffmpeg-build/ffmpeg-build/vulkan-headers/include -std=c17 -Werror=partial-availability -fno-common -fomit-frame-pointer -fPIC -I/usr/local/Cellar/libx11/1.8.13/include -I/usr/local/Cellar/xorgproto/2025.1/include -I/usr/local/Cellar/libxcb/1.17.0/include -I/usr/local/Cellar/libxau/1.0.12/include -I/usr/local/Cellar/libxdmcp/1.1.5/include -I/usr/local/Cellar/libxext/1.3.7/include -I/usr/local/Cellar/xorgproto/2025.1/include -I/usr/local/Cellar/libx11/1.8.13/include -I/usr/local/Cellar/libxcb/1.17.0/include -I/usr/local/Cellar/libxau/1.0.12/include -I/usr/local/Cellar/libxdmcp/1.1.5/include -pthread -I/usr/local/Cellar/libxcb/1.17.0/include -I/usr/local/Cellar/libxau/1.0.12/include -I/usr/local/Cellar/libxdmcp/1.1.5/include -I/usr/local/Cellar/xorgproto/2025.1/include -I/usr/local/Cellar/libxcb/1.17.0/include -I/usr/local/Cellar/libxau/1.0.12/include -I/usr/local/Cellar/libxdmcp/1.1.5/include -I/usr/local/Cellar/xorgproto/2025.1/include -I/usr/local/Cellar/libxcb/1.17.0/include -I/usr/local/Cellar/libxau/1.0.12/include -I/usr/local/Cellar/libxdmcp/1.1.5/include -I/usr/local/Cellar/xorgproto/2025.1/include -I/usr/local/Cellar/libxcb/1.17.0/include -I/usr/local/Cellar/libxau/1.0.12/include -I/usr/local/Cellar/libxdmcp/1.1.5/include -I/usr/local/Cellar/xorgproto/2025.1/include -g -Werror=partial-availability -fomit-frame-pointer -fPIC -pthread -g -Werror=unused-command-line-argument -c -o /var/folders/rv/fj31z1cj3j39vd6c2s012n7h0000gn/T//ffconf.JMIT29EY/test.o /var/folders/rv/fj31z1cj3j39vd6c2s012n7h0000gn/T//ffconf.JMIT29EY/test.m
test_objcflags -Werror=unknown-warning-option
test_objcc -Werror=unknown-warning-option
BEGIN /var/folders/rv/fj31z1cj3j39vd6c2s012n7h0000gn/T//ffconf.JMIT29EY/test.m
    1	int x;
END /var/folders/rv/fj31z1cj3j39vd6c2s012n7h0000gn/T//ffconf.JMIT29EY/test.m
gcc -Werror=missing-prototypes -D_ISOC11_SOURCE -D_FILE_OFFSET_BITS=64 -D_LARGEFILE_SOURCE -I$(SRC_PATH)/compat/dispatch_semaphore -DPIC -fPIC -arch x86_64 -mmacosx-version-min=11.0 -Wno-error=asm-operand-widths -I/Users/runner/work/ffmpeg-build/ffmpeg-build/vulkan-headers/include -std=c17 -Werror=partial-availability -fno-common -fomit-frame-pointer -fPIC -I/usr/local/Cellar/libx11/1.8.13/include -I/usr/local/Cellar/xorgproto/2025.1/include -I/usr/local/Cellar/libxcb/1.17.0/include -I/usr/local/Cellar/libxau/1.0.12/include -I/usr/local/Cellar/libxdmcp/1.1.5/include -I/usr/local/Cellar/libxext/1.3.7/include -I/usr/local/Cellar/xorgproto/2025.1/include -I/usr/local/Cellar/libx11/1.8.13/include -I/usr/local/Cellar/libxcb/1.17.0/include -I/usr/local/Cellar/libxau/1.0.12/include -I/usr/local/Cellar/libxdmcp/1.1.5/include -pthread -I/usr/local/Cellar/libxcb/1.17.0/include -I/usr/local/Cellar/libxau/1.0.12/include -I/usr/local/Cellar/libxdmcp/1.1.5/include -I/usr/local/Cellar/xorgproto/2025.1/include -I/usr/local/Cellar/libxcb/1.17.0/include -I/usr/local/Cellar/libxau/1.0.12/include -I/usr/local/Cellar/libxdmcp/1.1.5/include -I/usr/local/Cellar/xorgproto/2025.1/include -I/usr/local/Cellar/libxcb/1.17.0/include -I/usr/local/Cellar/libxau/1.0.12/include -I/usr/local/Cellar/libxdmcp/1.1.5/include -I/usr/local/Cellar/xorgproto/2025.1/include -I/usr/local/Cellar/libxcb/1.17.0/include -I/usr/local/Cellar/libxau/1.0.12/include -I/usr/local/Cellar/libxdmcp/1.1.5/include -I/usr/local/Cellar/xorgproto/2025.1/include -g -Werror=partial-availability -fomit-frame-pointer -fPIC -pthread -g -Werror=unknown-warning-option -c -o /var/folders/rv/fj31z1cj3j39vd6c2s012n7h0000gn/T//ffconf.JMIT29EY/test.o /var/folders/rv/fj31z1cj3j39vd6c2s012n7h0000gn/T//ffconf.JMIT29EY/test.m
test_cflags -Werror=unused-command-line-argument -Werror=unknown-warning-option -Wall
test_cc -Werror=unused-command-line-argument -Werror=unknown-warning-option -Wall
BEGIN /var/folders/rv/fj31z1cj3j39vd6c2s012n7h0000gn/T//ffconf.JMIT29EY/test.c
    1	int x;
END /var/folders/rv/fj31z1cj3j39vd6c2s012n7h0000gn/T//ffconf.JMIT29EY/test.c
gcc -D_ISOC11_SOURCE -D_FILE_OFFSET_BITS=64 -D_LARGEFILE_SOURCE -I$(SRC_PATH)/compat/dispatch_semaphore -DPIC -fPIC -arch x86_64 -mmacosx-version-min=11.0 -Wno-error=asm-operand-widths -I/Users/runner/work/ffmpeg-build/ffmpeg-build/vulkan-headers/include -std=c17 -Werror=partial-availability -fno-common -fomit-frame-pointer -fPIC -I/usr/local/Cellar/libx11/1.8.13/include -I/usr/local/Cellar/xorgproto/2025.1/include -I/usr/local/Cellar/libxcb/1.17.0/include -I/usr/local/Cellar/libxau/1.0.12/include -I/usr/local/Cellar/libxdmcp/1.1.5/include -I/usr/local/Cellar/libxext/1.3.7/include -I/usr/local/Cellar/xorgproto/2025.1/include -I/usr/local/Cellar/libx11/1.8.13/include -I/usr/local/Cellar/libxcb/1.17.0/include -I/usr/local/Cellar/libxau/1.0.12/include -I/usr/local/Cellar/libxdmcp/1.1.5/include -pthread -I/usr/local/Cellar/libxcb/1.17.0/include -I/usr/local/Cellar/libxau/1.0.12/include -I/usr/local/Cellar/libxdmcp/1.1.5/include -I/usr/local/Cellar/xorgproto/2025.1/include -I/usr/local/Cellar/libxcb/1.17.0/include -I/usr/local/Cellar/libxau/1.0.12/include -I/usr/local/Cellar/libxdmcp/1.1.5/include -I/usr/local/Cellar/xorgproto/2025.1/include -I/usr/local/Cellar/libxcb/1.17.0/include -I/usr/local/Cellar/libxau/1.0.12/include -I/usr/local/Cellar/libxdmcp/1.1.5/include -I/usr/local/Cellar/xorgproto/2025.1/include -I/usr/local/Cellar/libxcb/1.17.0/include -I/usr/local/Cellar/libxau/1.0.12/include -I/usr/local/Cellar/libxdmcp/1.1.5/include -I/usr/local/Cellar/xorgproto/2025.1/include -g -Werror=unused-command-line-argument -Werror=unknown-warning-option -Wall -c -o /var/folders/rv/fj31z1cj3j39vd6c2s012n7h0000gn/T//ffconf.JMIT29EY/test.o /var/folders/rv/fj31z1cj3j39vd6c2s012n7h0000gn/T//ffconf.JMIT29EY/test.c
test_cxxflags -Werror -Werror=unused-command-line-argument -Werror=unknown-warning-option -Wall
test_cxx -Werror -Werror=unused-command-line-argument -Werror=unknown-warning-option -Wall
BEGIN /var/folders/rv/fj31z1cj3j39vd6c2s012n7h0000gn/T//ffconf.JMIT29EY/test.cpp
    1	int x;
END /var/folders/rv/fj31z1cj3j39vd6c2s012n7h0000gn/T//ffconf.JMIT29EY/test.cpp
g++ -D_ISOC11_SOURCE -D_FILE_OFFSET_BITS=64 -D_LARGEFILE_SOURCE -I$(SRC_PATH)/compat/dispatch_semaphore -DPIC -D__STDC_CONSTANT_MACROS -std=c++17 -Werror=partial-availability -fomit-frame-pointer -fPIC -pthread -g -Werror -Werror=unused-command-line-argument -Werror=unknown-warning-option -Wall -c -o /var/folders/rv/fj31z1cj3j39vd6c2s012n7h0000gn/T//ffconf.JMIT29EY/test.o /var/folders/rv/fj31z1cj3j39vd6c2s012n7h0000gn/T//ffconf.JMIT29EY/test.cpp
test_objcflags -Werror=unused-command-line-argument -Werror=unknown-warning-option -Wall
test_objcc -Werror=unused-command-line-argument -Werror=unknown-warning-option -Wall
BEGIN /var/folders/rv/fj31z1cj3j39vd6c2s012n7h0000gn/T//ffconf.JMIT29EY/test.m
    1	int x;
END /var/folders/rv/fj31z1cj3j39vd6c2s012n7h0000gn/T//ffconf.JMIT29EY/test.m
gcc -Werror=missing-prototypes -D_ISOC11_SOURCE -D_FILE_OFFSET_BITS=64 -D_LARGEFILE_SOURCE -I$(SRC_PATH)/compat/dispatch_semaphore -DPIC -fPIC -arch x86_64 -mmacosx-version-min=11.0 -Wno-error=asm-operand-widths -I/Users/runner/work/ffmpeg-build/ffmpeg-build/vulkan-headers/include -std=c17 -Werror=partial-availability -fno-common -fomit-frame-pointer -fPIC -I/usr/local/Cellar/libx11/1.8.13/include -I/usr/local/Cellar/xorgproto/2025.1/include -I/usr/local/Cellar/libxcb/1.17.0/include -I/usr/local/Cellar/libxau/1.0.12/include -I/usr/local/Cellar/libxdmcp/1.1.5/include -I/usr/local/Cellar/libxext/1.3.7/include -I/usr/local/Cellar/xorgproto/2025.1/include -I/usr/local/Cellar/libx11/1.8.13/include -I/usr/local/Cellar/libxcb/1.17.0/include -I/usr/local/Cellar/libxau/1.0.12/include -I/usr/local/Cellar/libxdmcp/1.1.5/include -pthread -I/usr/local/Cellar/libxcb/1.17.0/include -I/usr/local/Cellar/libxau/1.0.12/include -I/usr/local/Cellar/libxdmcp/1.1.5/include -I/usr/local/Cellar/xorgproto/2025.1/include -I/usr/local/Cellar/libxcb/1.17.0/include -I/usr/local/Cellar/libxau/1.0.12/include -I/usr/local/Cellar/libxdmcp/1.1.5/include -I/usr/local/Cellar/xorgproto/2025.1/include -I/usr/local/Cellar/libxcb/1.17.0/include -I/usr/local/Cellar/libxau/1.0.12/include -I/usr/local/Cellar/libxdmcp/1.1.5/include -I/usr/local/Cellar/xorgproto/2025.1/include -I/usr/local/Cellar/libxcb/1.17.0/include -I/usr/local/Cellar/libxau/1.0.12/include -I/usr/local/Cellar/libxdmcp/1.1.5/include -I/usr/local/Cellar/xorgproto/2025.1/include -g -Wall -Werror=partial-availability -fomit-frame-pointer -fPIC -pthread -g -Werror=unused-command-line-argument -Werror=unknown-warning-option -Wall -c -o /var/folders/rv/fj31z1cj3j39vd6c2s012n7h0000gn/T//ffconf.JMIT29EY/test.o /var/folders/rv/fj31z1cj3j39vd6c2s012n7h0000gn/T//ffconf.JMIT29EY/test.m
test_cflags -Werror=unused-command-line-argument -Werror=unknown-warning-option -Wdisabled-optimization
test_cc -Werror=unused-command-line-argument -Werror=unknown-warning-option -Wdisabled-optimization
BEGIN /var/folders/rv/fj31z1cj3j39vd6c2s012n7h0000gn/T//ffconf.JMIT29EY/test.c
    1	int x;
END /var/folders/rv/fj31z1cj3j39vd6c2s012n7h0000gn/T//ffconf.JMIT29EY/test.c
gcc -D_ISOC11_SOURCE -D_FILE_OFFSET_BITS=64 -D_LARGEFILE_SOURCE -I$(SRC_PATH)/compat/dispatch_semaphore -DPIC -fPIC -arch x86_64 -mmacosx-version-min=11.0 -Wno-error=asm-operand-widths -I/Users/runner/work/ffmpeg-build/ffmpeg-build/vulkan-headers/include -std=c17 -Werror=partial-availability -fno-common -fomit-frame-pointer -fPIC -I/usr/local/Cellar/libx11/1.8.13/include -I/usr/local/Cellar/xorgproto/2025.1/include -I/usr/local/Cellar/libxcb/1.17.0/include -I/usr/local/Cellar/libxau/1.0.12/include -I/usr/local/Cellar/libxdmcp/1.1.5/include -I/usr/local/Cellar/libxext/1.3.7/include -I/usr/local/Cellar/xorgproto/2025.1/include -I/usr/local/Cellar/libx11/1.8.13/include -I/usr/local/Cellar/libxcb/1.17.0/include -I/usr/local/Cellar/libxau/1.0.12/include -I/usr/local/Cellar/libxdmcp/1.1.5/include -pthread -I/usr/local/Cellar/libxcb/1.17.0/include -I/usr/local/Cellar/libxau/1.0.12/include -I/usr/local/Cellar/libxdmcp/1.1.5/include -I/usr/local/Cellar/xorgproto/2025.1/include -I/usr/local/Cellar/libxcb/1.17.0/include -I/usr/local/Cellar/libxau/1.0.12/include -I/usr/local/Cellar/libxdmcp/1.1.5/include -I/usr/local/Cellar/xorgproto/2025.1/include -I/usr/local/Cellar/libxcb/1.17.0/include -I/usr/local/Cellar/libxau/1.0.12/include -I/usr/local/Cellar/libxdmcp/1.1.5/include -I/usr/local/Cellar/xorgproto/2025.1/include -I/usr/local/Cellar/libxcb/1.17.0/include -I/usr/local/Cellar/libxau/1.0.12/include -I/usr/local/Cellar/libxdmcp/1.1.5/include -I/usr/local/Cellar/xorgproto/2025.1/include -g -Wall -Werror=unused-command-line-argument -Werror=unknown-warning-option -Wdisabled-optimization -c -o /var/folders/rv/fj31z1cj3j39vd6c2s012n7h0000gn/T//ffconf.JMIT29EY/test.o /var/folders/rv/fj31z1cj3j39vd6c2s012n7h0000gn/T//ffconf.JMIT29EY/test.c
test_cxxflags -Werror -Werror=unused-command-line-argument -Werror=unknown-warning-option -Wdisabled-optimization
test_cxx -Werror -Werror=unused-command-line-argument -Werror=unknown-warning-option -Wdisabled-optimization
BEGIN /var/folders/rv/fj31z1cj3j39vd6c2s012n7h0000gn/T//ffconf.JMIT29EY/test.cpp
    1	int x;
END /var/folders/rv/fj31z1cj3j39vd6c2s012n7h0000gn/T//ffconf.JMIT29EY/test.cpp
g++ -D_ISOC11_SOURCE -D_FILE_OFFSET_BITS=64 -D_LARGEFILE_SOURCE -I$(SRC_PATH)/compat/dispatch_semaphore -DPIC -D__STDC_CONSTANT_MACROS -std=c++17 -Werror=partial-availability -fomit-frame-pointer -fPIC -pthread -g -Wall -Werror -Werror=unused-command-line-argument -Werror=unknown-warning-option -Wdisabled-optimization -c -o /var/folders/rv/fj31z1cj3j39vd6c2s012n7h0000gn/T//ffconf.JMIT29EY/test.o /var/folders/rv/fj31z1cj3j39vd6c2s012n7h0000gn/T//ffconf.JMIT29EY/test.cpp
test_objcflags -Werror=unused-command-line-argument -Werror=unknown-warning-option -Wdisabled-optimization
test_objcc -Werror=unused-command-line-argument -Werror=unknown-warning-option -Wdisabled-optimization
BEGIN /var/folders/rv/fj31z1cj3j39vd6c2s012n7h0000gn/T//ffconf.JMIT29EY/test.m
    1	int x;
END /var/folders/rv/fj31z1cj3j39vd6c2s012n7h0000gn/T//ffconf.JMIT29EY/test.m
gcc -Werror=missing-prototypes -D_ISOC11_SOURCE -D_FILE_OFFSET_BITS=64 -D_LARGEFILE_SOURCE -I$(SRC_PATH)/compat/dispatch_semaphore -DPIC -fPIC -arch x86_64 -mmacosx-version-min=11.0 -Wno-error=asm-operand-widths -I/Users/runner/work/ffmpeg-build/ffmpeg-build/vulkan-headers/include -std=c17 -Werror=partial-availability -fno-common -fomit-frame-pointer -fPIC -I/usr/local/Cellar/libx11/1.8.13/include -I/usr/local/Cellar/xorgproto/2025.1/include -I/usr/local/Cellar/libxcb/1.17.0/include -I/usr/local/Cellar/libxau/1.0.12/include -I/usr/local/Cellar/libxdmcp/1.1.5/include -I/usr/local/Cellar/libxext/1.3.7/include -I/usr/local/Cellar/xorgproto/2025.1/include -I/usr/local/Cellar/libx11/1.8.13/include -I/usr/local/Cellar/libxcb/1.17.0/include -I/usr/local/Cellar/libxau/1.0.12/include -I/usr/local/Cellar/libxdmcp/1.1.5/include -pthread -I/usr/local/Cellar/libxcb/1.17.0/include -I/usr/local/Cellar/libxau/1.0.12/include -I/usr/local/Cellar/libxdmcp/1.1.5/include -I/usr/local/Cellar/xorgproto/2025.1/include -I/usr/local/Cellar/libxcb/1.17.0/include -I/usr/local/Cellar/libxau/1.0.12/include -I/usr/local/Cellar/libxdmcp/1.1.5/include -I/usr/local/Cellar/xorgproto/2025.1/include -I/usr/local/Cellar/libxcb/1.17.0/include -I/usr/local/Cellar/libxau/1.0.12/include -I/usr/local/Cellar/libxdmcp/1.1.5/include -I/usr/local/Cellar/xorgproto/2025.1/include -I/usr/local/Cellar/libxcb/1.17.0/include -I/usr/local/Cellar/libxau/1.0.12/include -I/usr/local/Cellar/libxdmcp/1.1.5/include -I/usr/local/Cellar/xorgproto/2025.1/include -g -Wall -Wdisabled-optimization -Werror=partial-availability -fomit-frame-pointer -fPIC -pthread -g -Wall -Werror=unused-command-line-argument -Werror=unknown-warning-option -Wdisabled-optimization -c -o /var/folders/rv/fj31z1cj3j39vd6c2s012n7h0000gn/T//ffconf.JMIT29EY/test.o /var/folders/rv/fj31z1cj3j39vd6c2s012n7h0000gn/T//ffconf.JMIT29EY/test.m
test_cflags -Werror=unused-command-line-argument -Werror=unknown-warning-option -Wpointer-arith
test_cc -Werror=unused-command-line-argument -Werror=unknown-warning-option -Wpointer-arith
BEGIN /var/folders/rv/fj31z1cj3j39vd6c2s012n7h0000gn/T//ffconf.JMIT29EY/test.c
    1	int x;
END /var/folders/rv/fj31z1cj3j39vd6c2s012n7h0000gn/T//ffconf.JMIT29EY/test.c
gcc -D_ISOC11_SOURCE -D_FILE_OFFSET_BITS=64 -D_LARGEFILE_SOURCE -I$(SRC_PATH)/compat/dispatch_semaphore -DPIC -fPIC -arch x86_64 -mmacosx-version-min=11.0 -Wno-error=asm-operand-widths -I/Users/runner/work/ffmpeg-build/ffmpeg-build/vulkan-headers/include -std=c17 -Werror=partial-availability -fno-common -fomit-frame-pointer -fPIC -I/usr/local/Cellar/libx11/1.8.13/include -I/usr/local/Cellar/xorgproto/2025.1/include -I/usr/local/Cellar/libxcb/1.17.0/include -I/usr/local/Cellar/libxau/1.0.12/include -I/usr/local/Cellar/libxdmcp/1.1.5/include -I/usr/local/Cellar/libxext/1.3.7/include -I/usr/local/Cellar/xorgproto/2025.1/include -I/usr/local/Cellar/libx11/1.8.13/include -I/usr/local/Cellar/libxcb/1.17.0/include -I/usr/local/Cellar/libxau/1.0.12/include -I/usr/local/Cellar/libxdmcp/1.1.5/include -pthread -I/usr/local/Cellar/libxcb/1.17.0/include -I/usr/local/Cellar/libxau/1.0.12/include -I/usr/local/Cellar/libxdmcp/1.1.5/include -I/usr/local/Cellar/xorgproto/2025.1/include -I/usr/local/Cellar/libxcb/1.17.0/include -I/usr/local/Cellar/libxau/1.0.12/include -I/usr/local/Cellar/libxdmcp/1.1.5/include -I/usr/local/Cellar/xorgproto/2025.1/include -I/usr/local/Cellar/libxcb/1.17.0/include -I/usr/local/Cellar/libxau/1.0.12/include -I/usr/local/Cellar/libxdmcp/1.1.5/include -I/usr/local/Cellar/xorgproto/2025.1/include -I/usr/local/Cellar/libxcb/1.17.0/include -I/usr/local/Cellar/libxau/1.0.12/include -I/usr/local/Cellar/libxdmcp/1.1.5/include -I/usr/local/Cellar/xorgproto/2025.1/include -g -Wall -Wdisabled-optimization -Werror=unused-command-line-argument -Werror=unknown-warning-option -Wpointer-arith -c -o /var/folders/rv/fj31z1cj3j39vd6c2s012n7h0000gn/T//ffconf.JMIT29EY/test.o /var/folders/rv/fj31z1cj3j39vd6c2s012n7h0000gn/T//ffconf.JMIT29EY/test.c
test_cxxflags -Werror -Werror=unused-command-line-argument -Werror=unknown-warning-option -Wpointer-arith
test_cxx -Werror -Werror=unused-command-line-argument -Werror=unknown-warning-option -Wpointer-arith
BEGIN /var/folders/rv/fj31z1cj3j39vd6c2s012n7h0000gn/T//ffconf.JMIT29EY/test.cpp
    1	int x;
END /var/folders/rv/fj31z1cj3j39vd6c2s012n7h0000gn/T//ffconf.JMIT29EY/test.cpp
g++ -D_ISOC11_SOURCE -D_FILE_OFFSET_BITS=64 -D_LARGEFILE_SOURCE -I$(SRC_PATH)/compat/dispatch_semaphore -DPIC -D__STDC_CONSTANT_MACROS -std=c++17 -Werror=partial-availability -fomit-frame-pointer -fPIC -pthread -g -Wall -Wdisabled-optimization -Werror -Werror=unused-command-line-argument -Werror=unknown-warning-option -Wpointer-arith -c -o /var/folders/rv/fj31z1cj3j39vd6c2s012n7h0000gn/T//ffconf.JMIT29EY/test.o /var/folders/rv/fj31z1cj3j39vd6c2s012n7h0000gn/T//ffconf.JMIT29EY/test.cpp
test_objcflags -Werror=unused-command-line-argument -Werror=unknown-warning-option -Wpointer-arith
test_objcc -Werror=unused-command-line-argument -Werror=unknown-warning-option -Wpointer-arith
BEGIN /var/folders/rv/fj31z1cj3j39vd6c2s012n7h0000gn/T//ffconf.JMIT29EY/test.m
    1	int x;
END /var/folders/rv/fj31z1cj3j39vd6c2s012n7h0000gn/T//ffconf.JMIT29EY/test.m
gcc -Werror=missing-prototypes -D_ISOC11_SOURCE -D_FILE_OFFSET_BITS=64 -D_LARGEFILE_SOURCE -I$(SRC_PATH)/compat/dispatch_semaphore -DPIC -fPIC -arch x86_64 -mmacosx-version-min=11.0 -Wno-error=asm-operand-widths -I/Users/runner/work/ffmpeg-build/ffmpeg-build/vulkan-headers/include -std=c17 -Werror=partial-availability -fno-common -fomit-frame-pointer -fPIC -I/usr/local/Cellar/libx11/1.8.13/include -I/usr/local/Cellar/xorgproto/2025.1/include -I/usr/local/Cellar/libxcb/1.17.0/include -I/usr/local/Cellar/libxau/1.0.12/include -I/usr/local/Cellar/libxdmcp/1.1.5/include -I/usr/local/Cellar/libxext/1.3.7/include -I/usr/local/Cellar/xorgproto/2025.1/include -I/usr/local/Cellar/libx11/1.8.13/include -I/usr/local/Cellar/libxcb/1.17.0/include -I/usr/local/Cellar/libxau/1.0.12/include -I/usr/local/Cellar/libxdmcp/1.1.5/include -pthread -I/usr/local/Cellar/libxcb/1.17.0/include -I/usr/local/Cellar/libxau/1.0.12/include -I/usr/local/Cellar/libxdmcp/1.1.5/include -I/usr/local/Cellar/xorgproto/2025.1/include -I/usr/local/Cellar/libxcb/1.17.0/include -I/usr/local/Cellar/libxau/1.0.12/include -I/usr/local/Cellar/libxdmcp/1.1.5/include -I/usr/local/Cellar/xorgproto/2025.1/include -I/usr/local/Cellar/libxcb/1.17.0/include -I/usr/local/Cellar/libxau/1.0.12/include -I/usr/local/Cellar/libxdmcp/1.1.5/include -I/usr/local/Cellar/xorgproto/2025.1/include -I/usr/local/Cellar/libxcb/1.17.0/include -I/usr/local/Cellar/libxau/1.0.12/include -I/usr/local/Cellar/libxdmcp/1.1.5/include -I/usr/local/Cellar/xorgproto/2025.1/include -g -Wall -Wdisabled-optimization -Wpointer-arith -Werror=partial-availability -fomit-frame-pointer -fPIC -pthread -g -Wall -Wdisabled-optimization -Werror=unused-command-line-argument -Werror=unknown-warning-option -Wpointer-arith -c -o /var/folders/rv/fj31z1cj3j39vd6c2s012n7h0000gn/T//ffconf.JMIT29EY/test.o /var/folders/rv/fj31z1cj3j39vd6c2s012n7h0000gn/T//ffconf.JMIT29EY/test.m
test_cflags -Werror=unused-command-line-argument -Werror=unknown-warning-option -Wredundant-decls
test_cc -Werror=unused-command-line-argument -Werror=unknown-warning-option -Wredundant-decls
BEGIN /var/folders/rv/fj31z1cj3j39vd6c2s012n7h0000gn/T//ffconf.JMIT29EY/test.c
    1	int x;
END /var/folders/rv/fj31z1cj3j39vd6c2s012n7h0000gn/T//ffconf.JMIT29EY/test.c
gcc -D_ISOC11_SOURCE -D_FILE_OFFSET_BITS=64 -D_LARGEFILE_SOURCE -I$(SRC_PATH)/compat/dispatch_semaphore -DPIC -fPIC -arch x86_64 -mmacosx-version-min=11.0 -Wno-error=asm-operand-widths -I/Users/runner/work/ffmpeg-build/ffmpeg-build/vulkan-headers/include -std=c17 -Werror=partial-availability -fno-common -fomit-frame-pointer -fPIC -I/usr/local/Cellar/libx11/1.8.13/include -I/usr/local/Cellar/xorgproto/2025.1/include -I/usr/local/Cellar/libxcb/1.17.0/include -I/usr/local/Cellar/libxau/1.0.12/include -I/usr/local/Cellar/libxdmcp/1.1.5/include -I/usr/local/Cellar/libxext/1.3.7/include -I/usr/local/Cellar/xorgproto/2025.1/include -I/usr/local/Cellar/libx11/1.8.13/include -I/usr/local/Cellar/libxcb/1.17.0/include -I/usr/local/Cellar/libxau/1.0.12/include -I/usr/local/Cellar/libxdmcp/1.1.5/include -pthread -I/usr/local/Cellar/libxcb/1.17.0/include -I/usr/local/Cellar/libxau/1.0.12/include -I/usr/local/Cellar/libxdmcp/1.1.5/include -I/usr/local/Cellar/xorgproto/2025.1/include -I/usr/local/Cellar/libxcb/1.17.0/include -I/usr/local/Cellar/libxau/1.0.12/include -I/usr/local/Cellar/libxdmcp/1.1.5/include -I/usr/local/Cellar/xorgproto/2025.1/include -I/usr/local/Cellar/libxcb/1.17.0/include -I/usr/local/Cellar/libxau/1.0.12/include -I/usr/local/Cellar/libxdmcp/1.1.5/include -I/usr/local/Cellar/xorgproto/2025.1/include -I/usr/local/Cellar/libxcb/1.17.0/include -I/usr/local/Cellar/libxau/1.0.12/include -I/usr/local/Cellar/libxdmcp/1.1.5/include -I/usr/local/Cellar/xorgproto/2025.1/include -g -Wall -Wdisabled-optimization -Wpointer-arith -Werror=unused-command-line-argument -Werror=unknown-warning-option -Wredundant-decls -c -o /var/folders/rv/fj31z1cj3j39vd6c2s012n7h0000gn/T//ffconf.JMIT29EY/test.o /var/folders/rv/fj31z1cj3j39vd6c2s012n7h0000gn/T//ffconf.JMIT29EY/test.c
test_cxxflags -Werror -Werror=unused-command-line-argument -Werror=unknown-warning-option -Wredundant-decls
test_cxx -Werror -Werror=unused-command-line-argument -Werror=unknown-warning-option -Wredundant-decls
BEGIN /var/folders/rv/fj31z1cj3j39vd6c2s012n7h0000gn/T//ffconf.JMIT29EY/test.cpp
    1	int x;
END /var/folders/rv/fj31z1cj3j39vd6c2s012n7h0000gn/T//ffconf.JMIT29EY/test.cpp
g++ -D_ISOC11_SOURCE -D_FILE_OFFSET_BITS=64 -D_LARGEFILE_SOURCE -I$(SRC_PATH)/compat/dispatch_semaphore -DPIC -D__STDC_CONSTANT_MACROS -std=c++17 -Werror=partial-availability -fomit-frame-pointer -fPIC -pthread -g -Wall -Wdisabled-optimization -Wpointer-arith -Werror -Werror=unused-command-line-argument -Werror=unknown-warning-option -Wredundant-decls -c -o /var/folders/rv/fj31z1cj3j39vd6c2s012n7h0000gn/T//ffconf.JMIT29EY/test.o /var/folders/rv/fj31z1cj3j39vd6c2s012n7h0000gn/T//ffconf.JMIT29EY/test.cpp
test_objcflags -Werror=unused-command-line-argument -Werror=unknown-warning-option -Wredundant-decls
test_objcc -Werror=unused-command-line-argument -Werror=unknown-warning-option -Wredundant-decls
BEGIN /var/folders/rv/fj31z1cj3j39vd6c2s012n7h0000gn/T//ffconf.JMIT29EY/test.m
    1	int x;
END /var/folders/rv/fj31z1cj3j39vd6c2s012n7h0000gn/T//ffconf.JMIT29EY/test.m
gcc -Werror=missing-prototypes -D_ISOC11_SOURCE -D_FILE_OFFSET_BITS=64 -D_LARGEFILE_SOURCE -I$(SRC_PATH)/compat/dispatch_semaphore -DPIC -fPIC -arch x86_64 -mmacosx-version-min=11.0 -Wno-error=asm-operand-widths -I/Users/runner/work/ffmpeg-build/ffmpeg-build/vulkan-headers/include -std=c17 -Werror=partial-availability -fno-common -fomit-frame-pointer -fPIC -I/usr/local/Cellar/libx11/1.8.13/include -I/usr/local/Cellar/xorgproto/2025.1/include -I/usr/local/Cellar/libxcb/1.17.0/include -I/usr/local/Cellar/libxau/1.0.12/include -I/usr/local/Cellar/libxdmcp/1.1.5/include -I/usr/local/Cellar/libxext/1.3.7/include -I/usr/local/Cellar/xorgproto/2025.1/include -I/usr/local/Cellar/libx11/1.8.13/include -I/usr/local/Cellar/libxcb/1.17.0/include -I/usr/local/Cellar/libxau/1.0.12/include -I/usr/local/Cellar/libxdmcp/1.1.5/include -pthread -I/usr/local/Cellar/libxcb/1.17.0/include -I/usr/local/Cellar/libxau/1.0.12/include -I/usr/local/Cellar/libxdmcp/1.1.5/include -I/usr/local/Cellar/xorgproto/2025.1/include -I/usr/local/Cellar/libxcb/1.17.0/include -I/usr/local/Cellar/libxau/1.0.12/include -I/usr/local/Cellar/libxdmcp/1.1.5/include -I/usr/local/Cellar/xorgproto/2025.1/include -I/usr/local/Cellar/libxcb/1.17.0/include -I/usr/local/Cellar/libxau/1.0.12/include -I/usr/local/Cellar/libxdmcp/1.1.5/include -I/usr/local/Cellar/xorgproto/2025.1/include -I/usr/local/Cellar/libxcb/1.17.0/include -I/usr/local/Cellar/libxau/1.0.12/include -I/usr/local/Cellar/libxdmcp/1.1.5/include -I/usr/local/Cellar/xorgproto/2025.1/include -g -Wall -Wdisabled-optimization -Wpointer-arith -Wredundant-decls -Werror=partial-availability -fomit-frame-pointer -fPIC -pthread -g -Wall -Wdisabled-optimization -Wpointer-arith -Werror=unused-command-line-argument -Werror=unknown-warning-option -Wredundant-decls -c -o /var/folders/rv/fj31z1cj3j39vd6c2s012n7h0000gn/T//ffconf.JMIT29EY/test.o /var/folders/rv/fj31z1cj3j39vd6c2s012n7h0000gn/T//ffconf.JMIT29EY/test.m
test_cflags -Werror=unused-command-line-argument -Werror=unknown-warning-option -Wwrite-strings
test_cc -Werror=unused-command-line-argument -Werror=unknown-warning-option -Wwrite-strings
BEGIN /var/folders/rv/fj31z1cj3j39vd6c2s012n7h0000gn/T//ffconf.JMIT29EY/test.c
    1	int x;
END /var/folders/rv/fj31z1cj3j39vd6c2s012n7h0000gn/T//ffconf.JMIT29EY/test.c
gcc -D_ISOC11_SOURCE -D_FILE_OFFSET_BITS=64 -D_LARGEFILE_SOURCE -I$(SRC_PATH)/compat/dispatch_semaphore -DPIC -fPIC -arch x86_64 -mmacosx-version-min=11.0 -Wno-error=asm-operand-widths -I/Users/runner/work/ffmpeg-build/ffmpeg-build/vulkan-headers/include -std=c17 -Werror=partial-availability -fno-common -fomit-frame-pointer -fPIC -I/usr/local/Cellar/libx11/1.8.13/include -I/usr/local/Cellar/xorgproto/2025.1/include -I/usr/local/Cellar/libxcb/1.17.0/include -I/usr/local/Cellar/libxau/1.0.12/include -I/usr/local/Cellar/libxdmcp/1.1.5/include -I/usr/local/Cellar/libxext/1.3.7/include -I/usr/local/Cellar/xorgproto/2025.1/include -I/usr/local/Cellar/libx11/1.8.13/include -I/usr/local/Cellar/libxcb/1.17.0/include -I/usr/local/Cellar/libxau/1.0.12/include -I/usr/local/Cellar/libxdmcp/1.1.5/include -pthread -I/usr/local/Cellar/libxcb/1.17.0/include -I/usr/local/Cellar/libxau/1.0.12/include -I/usr/local/Cellar/libxdmcp/1.1.5/include -I/usr/local/Cellar/xorgproto/2025.1/include -I/usr/local/Cellar/libxcb/1.17.0/include -I/usr/local/Cellar/libxau/1.0.12/include -I/usr/local/Cellar/libxdmcp/1.1.5/include -I/usr/local/Cellar/xorgproto/2025.1/include -I/usr/local/Cellar/libxcb/1.17.0/include -I/usr/local/Cellar/libxau/1.0.12/include -I/usr/local/Cellar/libxdmcp/1.1.5/include -I/usr/local/Cellar/xorgproto/2025.1/include -I/usr/local/Cellar/libxcb/1.17.0/include -I/usr/local/Cellar/libxau/1.0.12/include -I/usr/local/Cellar/libxdmcp/1.1.5/include -I/usr/local/Cellar/xorgproto/2025.1/include -g -Wall -Wdisabled-optimization -Wpointer-arith -Wredundant-decls -Werror=unused-command-line-argument -Werror=unknown-warning-option -Wwrite-strings -c -o /var/folders/rv/fj31z1cj3j39vd6c2s012n7h0000gn/T//ffconf.JMIT29EY/test.o /var/folders/rv/fj31z1cj3j39vd6c2s012n7h0000gn/T//ffconf.JMIT29EY/test.c
test_cxxflags -Werror -Werror=unused-command-line-argument -Werror=unknown-warning-option -Wwrite-strings
test_cxx -Werror -Werror=unused-command-line-argument -Werror=unknown-warning-option -Wwrite-strings
BEGIN /var/folders/rv/fj31z1cj3j39vd6c2s012n7h0000gn/T//ffconf.JMIT29EY/test.cpp
    1	int x;
END /var/folders/rv/fj31z1cj3j39vd6c2s012n7h0000gn/T//ffconf.JMIT29EY/test.cpp
g++ -D_ISOC11_SOURCE -D_FILE_OFFSET_BITS=64 -D_LARGEFILE_SOURCE -I$(SRC_PATH)/compat/dispatch_semaphore -DPIC -D__STDC_CONSTANT_MACROS -std=c++17 -Werror=partial-availability -fomit-frame-pointer -fPIC -pthread -g -Wall -Wdisabled-optimization -Wpointer-arith -Wredundant-decls -Werror -Werror=unused-command-line-argument -Werror=unknown-warning-option -Wwrite-strings -c -o /var/folders/rv/fj31z1cj3j39vd6c2s012n7h0000gn/T//ffconf.JMIT29EY/test.o /var/folders/rv/fj31z1cj3j39vd6c2s012n7h0000gn/T//ffconf.JMIT29EY/test.cpp
test_objcflags -Werror=unused-command-line-argument -Werror=unknown-warning-option -Wwrite-strings
test_objcc -Werror=unused-command-line-argument -Werror=unknown-warning-option -Wwrite-strings
BEGIN /var/folders/rv/fj31z1cj3j39vd6c2s012n7h0000gn/T//ffconf.JMIT29EY/test.m
    1	int x;
END /var/folders/rv/fj31z1cj3j39vd6c2s012n7h0000gn/T//ffconf.JMIT29EY/test.m
gcc -Werror=missing-prototypes -D_ISOC11_SOURCE -D_FILE_OFFSET_BITS=64 -D_LARGEFILE_SOURCE -I$(SRC_PATH)/compat/dispatch_semaphore -DPIC -fPIC -arch x86_64 -mmacosx-version-min=11.0 -Wno-error=asm-operand-widths -I/Users/runner/work/ffmpeg-build/ffmpeg-build/vulkan-headers/include -std=c17 -Werror=partial-availability -fno-common -fomit-frame-pointer -fPIC -I/usr/local/Cellar/libx11/1.8.13/include -I/usr/local/Cellar/xorgproto/2025.1/include -I/usr/local/Cellar/libxcb/1.17.0/include -I/usr/local/Cellar/libxau/1.0.12/include -I/usr/local/Cellar/libxdmcp/1.1.5/include -I/usr/local/Cellar/libxext/1.3.7/include -I/usr/local/Cellar/xorgproto/2025.1/include -I/usr/local/Cellar/libx11/1.8.13/include -I/usr/local/Cellar/libxcb/1.17.0/include -I/usr/local/Cellar/libxau/1.0.12/include -I/usr/local/Cellar/libxdmcp/1.1.5/include -pthread -I/usr/local/Cellar/libxcb/1.17.0/include -I/usr/local/Cellar/libxau/1.0.12/include -I/usr/local/Cellar/libxdmcp/1.1.5/include -I/usr/local/Cellar/xorgproto/2025.1/include -I/usr/local/Cellar/libxcb/1.17.0/include -I/usr/local/Cellar/libxau/1.0.12/include -I/usr/local/Cellar/libxdmcp/1.1.5/include -I/usr/local/Cellar/xorgproto/2025.1/include -I/usr/local/Cellar/libxcb/1.17.0/include -I/usr/local/Cellar/libxau/1.0.12/include -I/usr/local/Cellar/libxdmcp/1.1.5/include -I/usr/local/Cellar/xorgproto/2025.1/include -I/usr/local/Cellar/libxcb/1.17.0/include -I/usr/local/Cellar/libxau/1.0.12/include -I/usr/local/Cellar/libxdmcp/1.1.5/include -I/usr/local/Cellar/xorgproto/2025.1/include -g -Wall -Wdisabled-optimization -Wpointer-arith -Wredundant-decls -Wwrite-strings -Werror=partial-availability -fomit-frame-pointer -fPIC -pthread -g -Wall -Wdisabled-optimization -Wpointer-arith -Wredundant-decls -Werror=unused-command-line-argument -Werror=unknown-warning-option -Wwrite-strings -c -o /var/folders/rv/fj31z1cj3j39vd6c2s012n7h0000gn/T//ffconf.JMIT29EY/test.o /var/folders/rv/fj31z1cj3j39vd6c2s012n7h0000gn/T//ffconf.JMIT29EY/test.m
test_cflags -Werror=unused-command-line-argument -Werror=unknown-warning-option -Wtype-limits
test_cc -Werror=unused-command-line-argument -Werror=unknown-warning-option -Wtype-limits
BEGIN /var/folders/rv/fj31z1cj3j39vd6c2s012n7h0000gn/T//ffconf.JMIT29EY/test.c
    1	int x;
END /var/folders/rv/fj31z1cj3j39vd6c2s012n7h0000gn/T//ffconf.JMIT29EY/test.c
gcc -D_ISOC11_SOURCE -D_FILE_OFFSET_BITS=64 -D_LARGEFILE_SOURCE -I$(SRC_PATH)/compat/dispatch_semaphore -DPIC -fPIC -arch x86_64 -mmacosx-version-min=11.0 -Wno-error=asm-operand-widths -I/Users/runner/work/ffmpeg-build/ffmpeg-build/vulkan-headers/include -std=c17 -Werror=partial-availability -fno-common -fomit-frame-pointer -fPIC -I/usr/local/Cellar/libx11/1.8.13/include -I/usr/local/Cellar/xorgproto/2025.1/include -I/usr/local/Cellar/libxcb/1.17.0/include -I/usr/local/Cellar/libxau/1.0.12/include -I/usr/local/Cellar/libxdmcp/1.1.5/include -I/usr/local/Cellar/libxext/1.3.7/include -I/usr/local/Cellar/xorgproto/2025.1/include -I/usr/local/Cellar/libx11/1.8.13/include -I/usr/local/Cellar/libxcb/1.17.0/include -I/usr/local/Cellar/libxau/1.0.12/include -I/usr/local/Cellar/libxdmcp/1.1.5/include -pthread -I/usr/local/Cellar/libxcb/1.17.0/include -I/usr/local/Cellar/libxau/1.0.12/include -I/usr/local/Cellar/libxdmcp/1.1.5/include -I/usr/local/Cellar/xorgproto/2025.1/include -I/usr/local/Cellar/libxcb/1.17.0/include -I/usr/local/Cellar/libxau/1.0.12/include -I/usr/local/Cellar/libxdmcp/1.1.5/include -I/usr/local/Cellar/xorgproto/2025.1/include -I/usr/local/Cellar/libxcb/1.17.0/include -I/usr/local/Cellar/libxau/1.0.12/include -I/usr/local/Cellar/libxdmcp/1.1.5/include -I/usr/local/Cellar/xorgproto/2025.1/include -I/usr/local/Cellar/libxcb/1.17.0/include -I/usr/local/Cellar/libxau/1.0.12/include -I/usr/local/Cellar/libxdmcp/1.1.5/include -I/usr/local/Cellar/xorgproto/2025.1/include -g -Wall -Wdisabled-optimization -Wpointer-arith -Wredundant-decls -Wwrite-strings -Werror=unused-command-line-argument -Werror=unknown-warning-option -Wtype-limits -c -o /var/folders/rv/fj31z1cj3j39vd6c2s012n7h0000gn/T//ffconf.JMIT29EY/test.o /var/folders/rv/fj31z1cj3j39vd6c2s012n7h0000gn/T//ffconf.JMIT29EY/test.c
test_cxxflags -Werror -Werror=unused-command-line-argument -Werror=unknown-warning-option -Wtype-limits
test_cxx -Werror -Werror=unused-command-line-argument -Werror=unknown-warning-option -Wtype-limits
BEGIN /var/folders/rv/fj31z1cj3j39vd6c2s012n7h0000gn/T//ffconf.JMIT29EY/test.cpp
    1	int x;
END /var/folders/rv/fj31z1cj3j39vd6c2s012n7h0000gn/T//ffconf.JMIT29EY/test.cpp
g++ -D_ISOC11_SOURCE -D_FILE_OFFSET_BITS=64 -D_LARGEFILE_SOURCE -I$(SRC_PATH)/compat/dispatch_semaphore -DPIC -D__STDC_CONSTANT_MACROS -std=c++17 -Werror=partial-availability -fomit-frame-pointer -fPIC -pthread -g -Wall -Wdisabled-optimization -Wpointer-arith -Wredundant-decls -Wwrite-strings -Werror -Werror=unused-command-line-argument -Werror=unknown-warning-option -Wtype-limits -c -o /var/folders/rv/fj31z1cj3j39vd6c2s012n7h0000gn/T//ffconf.JMIT29EY/test.o /var/folders/rv/fj31z1cj3j39vd6c2s012n7h0000gn/T//ffconf.JMIT29EY/test.cpp
test_objcflags -Werror=unused-command-line-argument -Werror=unknown-warning-option -Wtype-limits
test_objcc -Werror=unused-command-line-argument -Werror=unknown-warning-option -Wtype-limits
BEGIN /var/folders/rv/fj31z1cj3j39vd6c2s012n7h0000gn/T//ffconf.JMIT29EY/test.m
    1	int x;
END /var/folders/rv/fj31z1cj3j39vd6c2s012n7h0000gn/T//ffconf.JMIT29EY/test.m
gcc -Werror=missing-prototypes -D_ISOC11_SOURCE -D_FILE_OFFSET_BITS=64 -D_LARGEFILE_SOURCE -I$(SRC_PATH)/compat/dispatch_semaphore -DPIC -fPIC -arch x86_64 -mmacosx-version-min=11.0 -Wno-error=asm-operand-widths -I/Users/runner/work/ffmpeg-build/ffmpeg-build/vulkan-headers/include -std=c17 -Werror=partial-availability -fno-common -fomit-frame-pointer -fPIC -I/usr/local/Cellar/libx11/1.8.13/include -I/usr/local/Cellar/xorgproto/2025.1/include -I/usr/local/Cellar/libxcb/1.17.0/include -I/usr/local/Cellar/libxau/1.0.12/include -I/usr/local/Cellar/libxdmcp/1.1.5/include -I/usr/local/Cellar/libxext/1.3.7/include -I/usr/local/Cellar/xorgproto/2025.1/include -I/usr/local/Cellar/libx11/1.8.13/include -I/usr/local/Cellar/libxcb/1.17.0/include -I/usr/local/Cellar/libxau/1.0.12/include -I/usr/local/Cellar/libxdmcp/1.1.5/include -pthread -I/usr/local/Cellar/libxcb/1.17.0/include -I/usr/local/Cellar/libxau/1.0.12/include -I/usr/local/Cellar/libxdmcp/1.1.5/include -I/usr/local/Cellar/xorgproto/2025.1/include -I/usr/local/Cellar/libxcb/1.17.0/include -I/usr/local/Cellar/libxau/1.0.12/include -I/usr/local/Cellar/libxdmcp/1.1.5/include -I/usr/local/Cellar/xorgproto/2025.1/include -I/usr/local/Cellar/libxcb/1.17.0/include -I/usr/local/Cellar/libxau/1.0.12/include -I/usr/local/Cellar/libxdmcp/1.1.5/include -I/usr/local/Cellar/xorgproto/2025.1/include -I/usr/local/Cellar/libxcb/1.17.0/include -I/usr/local/Cellar/libxau/1.0.12/include -I/usr/local/Cellar/libxdmcp/1.1.5/include -I/usr/local/Cellar/xorgproto/2025.1/include -g -Wall -Wdisabled-optimization -Wpointer-arith -Wredundant-decls -Wwrite-strings -Wtype-limits -Werror=partial-availability -fomit-frame-pointer -fPIC -pthread -g -Wall -Wdisabled-optimization -Wpointer-arith -Wredundant-decls -Wwrite-strings -Werror=unused-command-line-argument -Werror=unknown-warning-option -Wtype-limits -c -o /var/folders/rv/fj31z1cj3j39vd6c2s012n7h0000gn/T//ffconf.JMIT29EY/test.o /var/folders/rv/fj31z1cj3j39vd6c2s012n7h0000gn/T//ffconf.JMIT29EY/test.m
test_cflags -Werror=unused-command-line-argument -Werror=unknown-warning-option -Wundef
test_cc -Werror=unused-command-line-argument -Werror=unknown-warning-option -Wundef
BEGIN /var/folders/rv/fj31z1cj3j39vd6c2s012n7h0000gn/T//ffconf.JMIT29EY/test.c
    1	int x;
END /var/folders/rv/fj31z1cj3j39vd6c2s012n7h0000gn/T//ffconf.JMIT29EY/test.c
gcc -D_ISOC11_SOURCE -D_FILE_OFFSET_BITS=64 -D_LARGEFILE_SOURCE -I$(SRC_PATH)/compat/dispatch_semaphore -DPIC -fPIC -arch x86_64 -mmacosx-version-min=11.0 -Wno-error=asm-operand-widths -I/Users/runner/work/ffmpeg-build/ffmpeg-build/vulkan-headers/include -std=c17 -Werror=partial-availability -fno-common -fomit-frame-pointer -fPIC -I/usr/local/Cellar/libx11/1.8.13/include -I/usr/local/Cellar/xorgproto/2025.1/include -I/usr/local/Cellar/libxcb/1.17.0/include -I/usr/local/Cellar/libxau/1.0.12/include -I/usr/local/Cellar/libxdmcp/1.1.5/include -I/usr/local/Cellar/libxext/1.3.7/include -I/usr/local/Cellar/xorgproto/2025.1/include -I/usr/local/Cellar/libx11/1.8.13/include -I/usr/local/Cellar/libxcb/1.17.0/include -I/usr/local/Cellar/libxau/1.0.12/include -I/usr/local/Cellar/libxdmcp/1.1.5/include -pthread -I/usr/local/Cellar/libxcb/1.17.0/include -I/usr/local/Cellar/libxau/1.0.12/include -I/usr/local/Cellar/libxdmcp/1.1.5/include -I/usr/local/Cellar/xorgproto/2025.1/include -I/usr/local/Cellar/libxcb/1.17.0/include -I/usr/local/Cellar/libxau/1.0.12/include -I/usr/local/Cellar/libxdmcp/1.1.5/include -I/usr/local/Cellar/xorgproto/2025.1/include -I/usr/local/Cellar/libxcb/1.17.0/include -I/usr/local/Cellar/libxau/1.0.12/include -I/usr/local/Cellar/libxdmcp/1.1.5/include -I/usr/local/Cellar/xorgproto/2025.1/include -I/usr/local/Cellar/libxcb/1.17.0/include -I/usr/local/Cellar/libxau/1.0.12/include -I/usr/local/Cellar/libxdmcp/1.1.5/include -I/usr/local/Cellar/xorgproto/2025.1/include -g -Wall -Wdisabled-optimization -Wpointer-arith -Wredundant-decls -Wwrite-strings -Wtype-limits -Werror=unused-command-line-argument -Werror=unknown-warning-option -Wundef -c -o /var/folders/rv/fj31z1cj3j39vd6c2s012n7h0000gn/T//ffconf.JMIT29EY/test.o /var/folders/rv/fj31z1cj3j39vd6c2s012n7h0000gn/T//ffconf.JMIT29EY/test.c
test_cxxflags -Werror -Werror=unused-command-line-argument -Werror=unknown-warning-option -Wundef
test_cxx -Werror -Werror=unused-command-line-argument -Werror=unknown-warning-option -Wundef
BEGIN /var/folders/rv/fj31z1cj3j39vd6c2s012n7h0000gn/T//ffconf.JMIT29EY/test.cpp
    1	int x;
END /var/folders/rv/fj31z1cj3j39vd6c2s012n7h0000gn/T//ffconf.JMIT29EY/test.cpp
g++ -D_ISOC11_SOURCE -D_FILE_OFFSET_BITS=64 -D_LARGEFILE_SOURCE -I$(SRC_PATH)/compat/dispatch_semaphore -DPIC -D__STDC_CONSTANT_MACROS -std=c++17 -Werror=partial-availability -fomit-frame-pointer -fPIC -pthread -g -Wall -Wdisabled-optimization -Wpointer-arith -Wredundant-decls -Wwrite-strings -Wtype-limits -Werror -Werror=unused-command-line-argument -Werror=unknown-warning-option -Wundef -c -o /var/folders/rv/fj31z1cj3j39vd6c2s012n7h0000gn/T//ffconf.JMIT29EY/test.o /var/folders/rv/fj31z1cj3j39vd6c2s012n7h0000gn/T//ffconf.JMIT29EY/test.cpp
test_objcflags -Werror=unused-command-line-argument -Werror=unknown-warning-option -Wundef
test_objcc -Werror=unused-command-line-argument -Werror=unknown-warning-option -Wundef
BEGIN /var/folders/rv/fj31z1cj3j39vd6c2s012n7h0000gn/T//ffconf.JMIT29EY/test.m
    1	int x;
END /var/folders/rv/fj31z1cj3j39vd6c2s012n7h0000gn/T//ffconf.JMIT29EY/test.m
gcc -Werror=missing-prototypes -D_ISOC11_SOURCE -D_FILE_OFFSET_BITS=64 -D_LARGEFILE_SOURCE -I$(SRC_PATH)/compat/dispatch_semaphore -DPIC -fPIC -arch x86_64 -mmacosx-version-min=11.0 -Wno-error=asm-operand-widths -I/Users/runner/work/ffmpeg-build/ffmpeg-build/vulkan-headers/include -std=c17 -Werror=partial-availability -fno-common -fomit-frame-pointer -fPIC -I/usr/local/Cellar/libx11/1.8.13/include -I/usr/local/Cellar/xorgproto/2025.1/include -I/usr/local/Cellar/libxcb/1.17.0/include -I/usr/local/Cellar/libxau/1.0.12/include -I/usr/local/Cellar/libxdmcp/1.1.5/include -I/usr/local/Cellar/libxext/1.3.7/include -I/usr/local/Cellar/xorgproto/2025.1/include -I/usr/local/Cellar/libx11/1.8.13/include -I/usr/local/Cellar/libxcb/1.17.0/include -I/usr/local/Cellar/libxau/1.0.12/include -I/usr/local/Cellar/libxdmcp/1.1.5/include -pthread -I/usr/local/Cellar/libxcb/1.17.0/include -I/usr/local/Cellar/libxau/1.0.12/include -I/usr/local/Cellar/libxdmcp/1.1.5/include -I/usr/local/Cellar/xorgproto/2025.1/include -I/usr/local/Cellar/libxcb/1.17.0/include -I/usr/local/Cellar/libxau/1.0.12/include -I/usr/local/Cellar/libxdmcp/1.1.5/include -I/usr/local/Cellar/xorgproto/2025.1/include -I/usr/local/Cellar/libxcb/1.17.0/include -I/usr/local/Cellar/libxau/1.0.12/include -I/usr/local/Cellar/libxdmcp/1.1.5/include -I/usr/local/Cellar/xorgproto/2025.1/include -I/usr/local/Cellar/libxcb/1.17.0/include -I/usr/local/Cellar/libxau/1.0.12/include -I/usr/local/Cellar/libxdmcp/1.1.5/include -I/usr/local/Cellar/xorgproto/2025.1/include -g -Wall -Wdisabled-optimization -Wpointer-arith -Wredundant-decls -Wwrite-strings -Wtype-limits -Wundef -Werror=partial-availability -fomit-frame-pointer -fPIC -pthread -g -Wall -Wdisabled-optimization -Wpointer-arith -Wredundant-decls -Wwrite-strings -Wtype-limits -Werror=unused-command-line-argument -Werror=unknown-warning-option -Wundef -c -o /var/folders/rv/fj31z1cj3j39vd6c2s012n7h0000gn/T//ffconf.JMIT29EY/test.o /var/folders/rv/fj31z1cj3j39vd6c2s012n7h0000gn/T//ffconf.JMIT29EY/test.m
test_cflags -Werror=unused-command-line-argument -Werror=unknown-warning-option -Wempty-body
test_cc -Werror=unused-command-line-argument -Werror=unknown-warning-option -Wempty-body
BEGIN /var/folders/rv/fj31z1cj3j39vd6c2s012n7h0000gn/T//ffconf.JMIT29EY/test.c
    1	int x;
END /var/folders/rv/fj31z1cj3j39vd6c2s012n7h0000gn/T//ffconf.JMIT29EY/test.c
gcc -D_ISOC11_SOURCE -D_FILE_OFFSET_BITS=64 -D_LARGEFILE_SOURCE -I$(SRC_PATH)/compat/dispatch_semaphore -DPIC -fPIC -arch x86_64 -mmacosx-version-min=11.0 -Wno-error=asm-operand-widths -I/Users/runner/work/ffmpeg-build/ffmpeg-build/vulkan-headers/include -std=c17 -Werror=partial-availability -fno-common -fomit-frame-pointer -fPIC -I/usr/local/Cellar/libx11/1.8.13/include -I/usr/local/Cellar/xorgproto/2025.1/include -I/usr/local/Cellar/libxcb/1.17.0/include -I/usr/local/Cellar/libxau/1.0.12/include -I/usr/local/Cellar/libxdmcp/1.1.5/include -I/usr/local/Cellar/libxext/1.3.7/include -I/usr/local/Cellar/xorgproto/2025.1/include -I/usr/local/Cellar/libx11/1.8.13/include -I/usr/local/Cellar/libxcb/1.17.0/include -I/usr/local/Cellar/libxau/1.0.12/include -I/usr/local/Cellar/libxdmcp/1.1.5/include -pthread -I/usr/local/Cellar/libxcb/1.17.0/include -I/usr/local/Cellar/libxau/1.0.12/include -I/usr/local/Cellar/libxdmcp/1.1.5/include -I/usr/local/Cellar/xorgproto/2025.1/include -I/usr/local/Cellar/libxcb/1.17.0/include -I/usr/local/Cellar/libxau/1.0.12/include -I/usr/local/Cellar/libxdmcp/1.1.5/include -I/usr/local/Cellar/xorgproto/2025.1/include -I/usr/local/Cellar/libxcb/1.17.0/include -I/usr/local/Cellar/libxau/1.0.12/include -I/usr/local/Cellar/libxdmcp/1.1.5/include -I/usr/local/Cellar/xorgproto/2025.1/include -I/usr/local/Cellar/libxcb/1.17.0/include -I/usr/local/Cellar/libxau/1.0.12/include -I/usr/local/Cellar/libxdmcp/1.1.5/include -I/usr/local/Cellar/xorgproto/2025.1/include -g -Wall -Wdisabled-optimization -Wpointer-arith -Wredundant-decls -Wwrite-strings -Wtype-limits -Wundef -Werror=unused-command-line-argument -Werror=unknown-warning-option -Wempty-body -c -o /var/folders/rv/fj31z1cj3j39vd6c2s012n7h0000gn/T//ffconf.JMIT29EY/test.o /var/folders/rv/fj31z1cj3j39vd6c2s012n7h0000gn/T//ffconf.JMIT29EY/test.c
test_cxxflags -Werror -Werror=unused-command-line-argument -Werror=unknown-warning-option -Wempty-body
test_cxx -Werror -Werror=unused-command-line-argument -Werror=unknown-warning-option -Wempty-body
BEGIN /var/folders/rv/fj31z1cj3j39vd6c2s012n7h0000gn/T//ffconf.JMIT29EY/test.cpp
    1	int x;
END /var/folders/rv/fj31z1cj3j39vd6c2s012n7h0000gn/T//ffconf.JMIT29EY/test.cpp
g++ -D_ISOC11_SOURCE -D_FILE_OFFSET_BITS=64 -D_LARGEFILE_SOURCE -I$(SRC_PATH)/compat/dispatch_semaphore -DPIC -D__STDC_CONSTANT_MACROS -std=c++17 -Werror=partial-availability -fomit-frame-pointer -fPIC -pthread -g -Wall -Wdisabled-optimization -Wpointer-arith -Wredundant-decls -Wwrite-strings -Wtype-limits -Wundef -Werror -Werror=unused-command-line-argument -Werror=unknown-warning-option -Wempty-body -c -o /var/folders/rv/fj31z1cj3j39vd6c2s012n7h0000gn/T//ffconf.JMIT29EY/test.o /var/folders/rv/fj31z1cj3j39vd6c2s012n7h0000gn/T//ffconf.JMIT29EY/test.cpp
test_objcflags -Werror=unused-command-line-argument -Werror=unknown-warning-option -Wempty-body
test_objcc -Werror=unused-command-line-argument -Werror=unknown-warning-option -Wempty-body
BEGIN /var/folders/rv/fj31z1cj3j39vd6c2s012n7h0000gn/T//ffconf.JMIT29EY/test.m
    1	int x;
END /var/folders/rv/fj31z1cj3j39vd6c2s012n7h0000gn/T//ffconf.JMIT29EY/test.m
gcc -Werror=missing-prototypes -D_ISOC11_SOURCE -D_FILE_OFFSET_BITS=64 -D_LARGEFILE_SOURCE -I$(SRC_PATH)/compat/dispatch_semaphore -DPIC -fPIC -arch x86_64 -mmacosx-version-min=11.0 -Wno-error=asm-operand-widths -I/Users/runner/work/ffmpeg-build/ffmpeg-build/vulkan-headers/include -std=c17 -Werror=partial-availability -fno-common -fomit-frame-pointer -fPIC -I/usr/local/Cellar/libx11/1.8.13/include -I/usr/local/Cellar/xorgproto/2025.1/include -I/usr/local/Cellar/libxcb/1.17.0/include -I/usr/local/Cellar/libxau/1.0.12/include -I/usr/local/Cellar/libxdmcp/1.1.5/include -I/usr/local/Cellar/libxext/1.3.7/include -I/usr/local/Cellar/xorgproto/2025.1/include -I/usr/local/Cellar/libx11/1.8.13/include -I/usr/local/Cellar/libxcb/1.17.0/include -I/usr/local/Cellar/libxau/1.0.12/include -I/usr/local/Cellar/libxdmcp/1.1.5/include -pthread -I/usr/local/Cellar/libxcb/1.17.0/include -I/usr/local/Cellar/libxau/1.0.12/include -I/usr/local/Cellar/libxdmcp/1.1.5/include -I/usr/local/Cellar/xorgproto/2025.1/include -I/usr/local/Cellar/libxcb/1.17.0/include -I/usr/local/Cellar/libxau/1.0.12/include -I/usr/local/Cellar/libxdmcp/1.1.5/include -I/usr/local/Cellar/xorgproto/2025.1/include -I/usr/local/Cellar/libxcb/1.17.0/include -I/usr/local/Cellar/libxau/1.0.12/include -I/usr/local/Cellar/libxdmcp/1.1.5/include -I/usr/local/Cellar/xorgproto/2025.1/include -I/usr/local/Cellar/libxcb/1.17.0/include -I/usr/local/Cellar/libxau/1.0.12/include -I/usr/local/Cellar/libxdmcp/1.1.5/include -I/usr/local/Cellar/xorgproto/2025.1/include -g -Wall -Wdisabled-optimization -Wpointer-arith -Wredundant-decls -Wwrite-strings -Wtype-limits -Wundef -Wempty-body -Werror=partial-availability -fomit-frame-pointer -fPIC -pthread -g -Wall -Wdisabled-optimization -Wpointer-arith -Wredundant-decls -Wwrite-strings -Wtype-limits -Wundef -Werror=unused-command-line-argument -Werror=unknown-warning-option -Wempty-body -c -o /var/folders/rv/fj31z1cj3j39vd6c2s012n7h0000gn/T//ffconf.JMIT29EY/test.o /var/folders/rv/fj31z1cj3j39vd6c2s012n7h0000gn/T//ffconf.JMIT29EY/test.m
test_cflags -Werror=unused-command-line-argument -Werror=unknown-warning-option -Wstack-usage=122880
test_cc -Werror=unused-command-line-argument -Werror=unknown-warning-option -Wstack-usage=122880
BEGIN /var/folders/rv/fj31z1cj3j39vd6c2s012n7h0000gn/T//ffconf.JMIT29EY/test.c
    1	int x;
END /var/folders/rv/fj31z1cj3j39vd6c2s012n7h0000gn/T//ffconf.JMIT29EY/test.c
gcc -D_ISOC11_SOURCE -D_FILE_OFFSET_BITS=64 -D_LARGEFILE_SOURCE -I$(SRC_PATH)/compat/dispatch_semaphore -DPIC -fPIC -arch x86_64 -mmacosx-version-min=11.0 -Wno-error=asm-operand-widths -I/Users/runner/work/ffmpeg-build/ffmpeg-build/vulkan-headers/include -std=c17 -Werror=partial-availability -fno-common -fomit-frame-pointer -fPIC -I/usr/local/Cellar/libx11/1.8.13/include -I/usr/local/Cellar/xorgproto/2025.1/include -I/usr/local/Cellar/libxcb/1.17.0/include -I/usr/local/Cellar/libxau/1.0.12/include -I/usr/local/Cellar/libxdmcp/1.1.5/include -I/usr/local/Cellar/libxext/1.3.7/include -I/usr/local/Cellar/xorgproto/2025.1/include -I/usr/local/Cellar/libx11/1.8.13/include -I/usr/local/Cellar/libxcb/1.17.0/include -I/usr/local/Cellar/libxau/1.0.12/include -I/usr/local/Cellar/libxdmcp/1.1.5/include -pthread -I/usr/local/Cellar/libxcb/1.17.0/include -I/usr/local/Cellar/libxau/1.0.12/include -I/usr/local/Cellar/libxdmcp/1.1.5/include -I/usr/local/Cellar/xorgproto/2025.1/include -I/usr/local/Cellar/libxcb/1.17.0/include -I/usr/local/Cellar/libxau/1.0.12/include -I/usr/local/Cellar/libxdmcp/1.1.5/include -I/usr/local/Cellar/xorgproto/2025.1/include -I/usr/local/Cellar/libxcb/1.17.0/include -I/usr/local/Cellar/libxau/1.0.12/include -I/usr/local/Cellar/libxdmcp/1.1.5/include -I/usr/local/Cellar/xorgproto/2025.1/include -I/usr/local/Cellar/libxcb/1.17.0/include -I/usr/local/Cellar/libxau/1.0.12/include -I/usr/local/Cellar/libxdmcp/1.1.5/include -I/usr/local/Cellar/xorgproto/2025.1/include -g -Wall -Wdisabled-optimization -Wpointer-arith -Wredundant-decls -Wwrite-strings -Wtype-limits -Wundef -Wempty-body -Werror=unused-command-line-argument -Werror=unknown-warning-option -Wstack-usage=122880 -c -o /var/folders/rv/fj31z1cj3j39vd6c2s012n7h0000gn/T//ffconf.JMIT29EY/test.o /var/folders/rv/fj31z1cj3j39vd6c2s012n7h0000gn/T//ffconf.JMIT29EY/test.c
error: unknown warning option '-Wstack-usage=122880'; did you mean '-Wstack-protector'? [-Werror,-Wunknown-warning-option]
test_cxxflags -Werror -Werror=unused-command-line-argument -Werror=unknown-warning-option -Wstack-usage=122880
test_cxx -Werror -Werror=unused-command-line-argument -Werror=unknown-warning-option -Wstack-usage=122880
BEGIN /var/folders/rv/fj31z1cj3j39vd6c2s012n7h0000gn/T//ffconf.JMIT29EY/test.cpp
    1	int x;
END /var/folders/rv/fj31z1cj3j39vd6c2s012n7h0000gn/T//ffconf.JMIT29EY/test.cpp
g++ -D_ISOC11_SOURCE -D_FILE_OFFSET_BITS=64 -D_LARGEFILE_SOURCE -I$(SRC_PATH)/compat/dispatch_semaphore -DPIC -D__STDC_CONSTANT_MACROS -std=c++17 -Werror=partial-availability -fomit-frame-pointer -fPIC -pthread -g -Wall -Wdisabled-optimization -Wpointer-arith -Wredundant-decls -Wwrite-strings -Wtype-limits -Wundef -Wempty-body -Werror -Werror=unused-command-line-argument -Werror=unknown-warning-option -Wstack-usage=122880 -c -o /var/folders/rv/fj31z1cj3j39vd6c2s012n7h0000gn/T//ffconf.JMIT29EY/test.o /var/folders/rv/fj31z1cj3j39vd6c2s012n7h0000gn/T//ffconf.JMIT29EY/test.cpp
error: unknown warning option '-Wstack-usage=122880'; did you mean '-Wstack-protector'? [-Werror,-Wunknown-warning-option]
test_objcflags -Werror=unused-command-line-argument -Werror=unknown-warning-option -Wstack-usage=122880
test_objcc -Werror=unused-command-line-argument -Werror=unknown-warning-option -Wstack-usage=122880
BEGIN /var/folders/rv/fj31z1cj3j39vd6c2s012n7h0000gn/T//ffconf.JMIT29EY/test.m
    1	int x;
END /var/folders/rv/fj31z1cj3j39vd6c2s012n7h0000gn/T//ffconf.JMIT29EY/test.m
gcc -Werror=missing-prototypes -D_ISOC11_SOURCE -D_FILE_OFFSET_BITS=64 -D_LARGEFILE_SOURCE -I$(SRC_PATH)/compat/dispatch_semaphore -DPIC -fPIC -arch x86_64 -mmacosx-version-min=11.0 -Wno-error=asm-operand-widths -I/Users/runner/work/ffmpeg-build/ffmpeg-build/vulkan-headers/include -std=c17 -Werror=partial-availability -fno-common -fomit-frame-pointer -fPIC -I/usr/local/Cellar/libx11/1.8.13/include -I/usr/local/Cellar/xorgproto/2025.1/include -I/usr/local/Cellar/libxcb/1.17.0/include -I/usr/local/Cellar/libxau/1.0.12/include -I/usr/local/Cellar/libxdmcp/1.1.5/include -I/usr/local/Cellar/libxext/1.3.7/include -I/usr/local/Cellar/xorgproto/2025.1/include -I/usr/local/Cellar/libx11/1.8.13/include -I/usr/local/Cellar/libxcb/1.17.0/include -I/usr/local/Cellar/libxau/1.0.12/include -I/usr/local/Cellar/libxdmcp/1.1.5/include -pthread -I/usr/local/Cellar/libxcb/1.17.0/include -I/usr/local/Cellar/libxau/1.0.12/include -I/usr/local/Cellar/libxdmcp/1.1.5/include -I/usr/local/Cellar/xorgproto/2025.1/include -I/usr/local/Cellar/libxcb/1.17.0/include -I/usr/local/Cellar/libxau/1.0.12/include -I/usr/local/Cellar/libxdmcp/1.1.5/include -I/usr/local/Cellar/xorgproto/2025.1/include -I/usr/local/Cellar/libxcb/1.17.0/include -I/usr/local/Cellar/libxau/1.0.12/include -I/usr/local/Cellar/libxdmcp/1.1.5/include -I/usr/local/Cellar/xorgproto/2025.1/include -I/usr/local/Cellar/libxcb/1.17.0/include -I/usr/local/Cellar/libxau/1.0.12/include -I/usr/local/Cellar/libxdmcp/1.1.5/include -I/usr/local/Cellar/xorgproto/2025.1/include -g -Wall -Wdisabled-optimization -Wpointer-arith -Wredundant-decls -Wwrite-strings -Wtype-limits -Wundef -Wempty-body -Werror=partial-availability -fomit-frame-pointer -fPIC -pthread -g -Wall -Wdisabled-optimization -Wpointer-arith -Wredundant-decls -Wwrite-strings -Wtype-limits -Wundef -Wempty-body -Werror=unused-command-line-argument -Werror=unknown-warning-option -Wstack-usage=122880 -c -o /var/folders/rv/fj31z1cj3j39vd6c2s012n7h0000gn/T//ffconf.JMIT29EY/test.o /var/folders/rv/fj31z1cj3j39vd6c2s012n7h0000gn/T//ffconf.JMIT29EY/test.m
error: unknown warning option '-Wstack-usage=122880'; did you mean '-Wstack-protector'? [-Werror,-Wunknown-warning-option]
test_cflags -Werror=unused-command-line-argument -Werror=unknown-warning-option -Wmissing-prototypes
test_cc -Werror=unused-command-line-argument -Werror=unknown-warning-option -Wmissing-prototypes
BEGIN /var/folders/rv/fj31z1cj3j39vd6c2s012n7h0000gn/T//ffconf.JMIT29EY/test.c
    1	int x;
END /var/folders/rv/fj31z1cj3j39vd6c2s012n7h0000gn/T//ffconf.JMIT29EY/test.c
gcc -D_ISOC11_SOURCE -D_FILE_OFFSET_BITS=64 -D_LARGEFILE_SOURCE -I$(SRC_PATH)/compat/dispatch_semaphore -DPIC -fPIC -arch x86_64 -mmacosx-version-min=11.0 -Wno-error=asm-operand-widths -I/Users/runner/work/ffmpeg-build/ffmpeg-build/vulkan-headers/include -std=c17 -Werror=partial-availability -fno-common -fomit-frame-pointer -fPIC -I/usr/local/Cellar/libx11/1.8.13/include -I/usr/local/Cellar/xorgproto/2025.1/include -I/usr/local/Cellar/libxcb/1.17.0/include -I/usr/local/Cellar/libxau/1.0.12/include -I/usr/local/Cellar/libxdmcp/1.1.5/include -I/usr/local/Cellar/libxext/1.3.7/include -I/usr/local/Cellar/xorgproto/2025.1/include -I/usr/local/Cellar/libx11/1.8.13/include -I/usr/local/Cellar/libxcb/1.17.0/include -I/usr/local/Cellar/libxau/1.0.12/include -I/usr/local/Cellar/libxdmcp/1.1.5/include -pthread -I/usr/local/Cellar/libxcb/1.17.0/include -I/usr/local/Cellar/libxau/1.0.12/include -I/usr/local/Cellar/libxdmcp/1.1.5/include -I/usr/local/Cellar/xorgproto/2025.1/include -I/usr/local/Cellar/libxcb/1.17.0/include -I/usr/local/Cellar/libxau/1.0.12/include -I/usr/local/Cellar/libxdmcp/1.1.5/include -I/usr/local/Cellar/xorgproto/2025.1/include -I/usr/local/Cellar/libxcb/1.17.0/include -I/usr/local/Cellar/libxau/1.0.12/include -I/usr/local/Cellar/libxdmcp/1.1.5/include -I/usr/local/Cellar/xorgproto/2025.1/include -I/usr/local/Cellar/libxcb/1.17.0/include -I/usr/local/Cellar/libxau/1.0.12/include -I/usr/local/Cellar/libxdmcp/1.1.5/include -I/usr/local/Cellar/xorgproto/2025.1/include -g -Wall -Wdisabled-optimization -Wpointer-arith -Wredundant-decls -Wwrite-strings -Wtype-limits -Wundef -Wempty-body -Werror=unused-command-line-argument -Werror=unknown-warning-option -Wmissing-prototypes -c -o /var/folders/rv/fj31z1cj3j39vd6c2s012n7h0000gn/T//ffconf.JMIT29EY/test.o /var/folders/rv/fj31z1cj3j39vd6c2s012n7h0000gn/T//ffconf.JMIT29EY/test.c
test_cflags -Werror=unused-command-line-argument -Werror=unknown-warning-option -Wstrict-prototypes
test_cc -Werror=unused-command-line-argument -Werror=unknown-warning-option -Wstrict-prototypes
BEGIN /var/folders/rv/fj31z1cj3j39vd6c2s012n7h0000gn/T//ffconf.JMIT29EY/test.c
    1	int x;
END /var/folders/rv/fj31z1cj3j39vd6c2s012n7h0000gn/T//ffconf.JMIT29EY/test.c
gcc -D_ISOC11_SOURCE -D_FILE_OFFSET_BITS=64 -D_LARGEFILE_SOURCE -I$(SRC_PATH)/compat/dispatch_semaphore -DPIC -fPIC -arch x86_64 -mmacosx-version-min=11.0 -Wno-error=asm-operand-widths -I/Users/runner/work/ffmpeg-build/ffmpeg-build/vulkan-headers/include -std=c17 -Werror=partial-availability -fno-common -fomit-frame-pointer -fPIC -I/usr/local/Cellar/libx11/1.8.13/include -I/usr/local/Cellar/xorgproto/2025.1/include -I/usr/local/Cellar/libxcb/1.17.0/include -I/usr/local/Cellar/libxau/1.0.12/include -I/usr/local/Cellar/libxdmcp/1.1.5/include -I/usr/local/Cellar/libxext/1.3.7/include -I/usr/local/Cellar/xorgproto/2025.1/include -I/usr/local/Cellar/libx11/1.8.13/include -I/usr/local/Cellar/libxcb/1.17.0/include -I/usr/local/Cellar/libxau/1.0.12/include -I/usr/local/Cellar/libxdmcp/1.1.5/include -pthread -I/usr/local/Cellar/libxcb/1.17.0/include -I/usr/local/Cellar/libxau/1.0.12/include -I/usr/local/Cellar/libxdmcp/1.1.5/include -I/usr/local/Cellar/xorgproto/2025.1/include -I/usr/local/Cellar/libxcb/1.17.0/include -I/usr/local/Cellar/libxau/1.0.12/include -I/usr/local/Cellar/libxdmcp/1.1.5/include -I/usr/local/Cellar/xorgproto/2025.1/include -I/usr/local/Cellar/libxcb/1.17.0/include -I/usr/local/Cellar/libxau/1.0.12/include -I/usr/local/Cellar/libxdmcp/1.1.5/include -I/usr/local/Cellar/xorgproto/2025.1/include -I/usr/local/Cellar/libxcb/1.17.0/include -I/usr/local/Cellar/libxau/1.0.12/include -I/usr/local/Cellar/libxdmcp/1.1.5/include -I/usr/local/Cellar/xorgproto/2025.1/include -g -Wall -Wdisabled-optimization -Wpointer-arith -Wredundant-decls -Wwrite-strings -Wtype-limits -Wundef -Wempty-body -Wmissing-prototypes -Werror=unused-command-line-argument -Werror=unknown-warning-option -Wstrict-prototypes -c -o /var/folders/rv/fj31z1cj3j39vd6c2s012n7h0000gn/T//ffconf.JMIT29EY/test.o /var/folders/rv/fj31z1cj3j39vd6c2s012n7h0000gn/T//ffconf.JMIT29EY/test.c
test_cflags -Werror=unused-command-line-argument -Werror=unknown-warning-option -Wunterminated-string-initialization
test_cc -Werror=unused-command-line-argument -Werror=unknown-warning-option -Wunterminated-string-initialization
BEGIN /var/folders/rv/fj31z1cj3j39vd6c2s012n7h0000gn/T//ffconf.JMIT29EY/test.c
    1	int x;
END /var/folders/rv/fj31z1cj3j39vd6c2s012n7h0000gn/T//ffconf.JMIT29EY/test.c
gcc -D_ISOC11_SOURCE -D_FILE_OFFSET_BITS=64 -D_LARGEFILE_SOURCE -I$(SRC_PATH)/compat/dispatch_semaphore -DPIC -fPIC -arch x86_64 -mmacosx-version-min=11.0 -Wno-error=asm-operand-widths -I/Users/runner/work/ffmpeg-build/ffmpeg-build/vulkan-headers/include -std=c17 -Werror=partial-availability -fno-common -fomit-frame-pointer -fPIC -I/usr/local/Cellar/libx11/1.8.13/include -I/usr/local/Cellar/xorgproto/2025.1/include -I/usr/local/Cellar/libxcb/1.17.0/include -I/usr/local/Cellar/libxau/1.0.12/include -I/usr/local/Cellar/libxdmcp/1.1.5/include -I/usr/local/Cellar/libxext/1.3.7/include -I/usr/local/Cellar/xorgproto/2025.1/include -I/usr/local/Cellar/libx11/1.8.13/include -I/usr/local/Cellar/libxcb/1.17.0/include -I/usr/local/Cellar/libxau/1.0.12/include -I/usr/local/Cellar/libxdmcp/1.1.5/include -pthread -I/usr/local/Cellar/libxcb/1.17.0/include -I/usr/local/Cellar/libxau/1.0.12/include -I/usr/local/Cellar/libxdmcp/1.1.5/include -I/usr/local/Cellar/xorgproto/2025.1/include -I/usr/local/Cellar/libxcb/1.17.0/include -I/usr/local/Cellar/libxau/1.0.12/include -I/usr/local/Cellar/libxdmcp/1.1.5/include -I/usr/local/Cellar/xorgproto/2025.1/include -I/usr/local/Cellar/libxcb/1.17.0/include -I/usr/local/Cellar/libxau/1.0.12/include -I/usr/local/Cellar/libxdmcp/1.1.5/include -I/usr/local/Cellar/xorgproto/2025.1/include -I/usr/local/Cellar/libxcb/1.17.0/include -I/usr/local/Cellar/libxau/1.0.12/include -I/usr/local/Cellar/libxdmcp/1.1.5/include -I/usr/local/Cellar/xorgproto/2025.1/include -g -Wall -Wdisabled-optimization -Wpointer-arith -Wredundant-decls -Wwrite-strings -Wtype-limits -Wundef -Wempty-body -Wmissing-prototypes -Wstrict-prototypes -Werror=unused-command-line-argument -Werror=unknown-warning-option -Wunterminated-string-initialization -c -o /var/folders/rv/fj31z1cj3j39vd6c2s012n7h0000gn/T//ffconf.JMIT29EY/test.o /var/folders/rv/fj31z1cj3j39vd6c2s012n7h0000gn/T//ffconf.JMIT29EY/test.c
error: unknown warning option '-Wunterminated-string-initialization'; did you mean '-Wnonportable-vector-initialization'? [-Werror,-Wunknown-warning-option]
test_cflags -Werror=unused-command-line-argument -Werror=unknown-warning-option -Wparentheses
test_cc -Werror=unused-command-line-argument -Werror=unknown-warning-option -Wparentheses
BEGIN /var/folders/rv/fj31z1cj3j39vd6c2s012n7h0000gn/T//ffconf.JMIT29EY/test.c
    1	int x;
END /var/folders/rv/fj31z1cj3j39vd6c2s012n7h0000gn/T//ffconf.JMIT29EY/test.c
gcc -D_ISOC11_SOURCE -D_FILE_OFFSET_BITS=64 -D_LARGEFILE_SOURCE -I$(SRC_PATH)/compat/dispatch_semaphore -DPIC -fPIC -arch x86_64 -mmacosx-version-min=11.0 -Wno-error=asm-operand-widths -I/Users/runner/work/ffmpeg-build/ffmpeg-build/vulkan-headers/include -std=c17 -Werror=partial-availability -fno-common -fomit-frame-pointer -fPIC -I/usr/local/Cellar/libx11/1.8.13/include -I/usr/local/Cellar/xorgproto/2025.1/include -I/usr/local/Cellar/libxcb/1.17.0/include -I/usr/local/Cellar/libxau/1.0.12/include -I/usr/local/Cellar/libxdmcp/1.1.5/include -I/usr/local/Cellar/libxext/1.3.7/include -I/usr/local/Cellar/xorgproto/2025.1/include -I/usr/local/Cellar/libx11/1.8.13/include -I/usr/local/Cellar/libxcb/1.17.0/include -I/usr/local/Cellar/libxau/1.0.12/include -I/usr/local/Cellar/libxdmcp/1.1.5/include -pthread -I/usr/local/Cellar/libxcb/1.17.0/include -I/usr/local/Cellar/libxau/1.0.12/include -I/usr/local/Cellar/libxdmcp/1.1.5/include -I/usr/local/Cellar/xorgproto/2025.1/include -I/usr/local/Cellar/libxcb/1.17.0/include -I/usr/local/Cellar/libxau/1.0.12/include -I/usr/local/Cellar/libxdmcp/1.1.5/include -I/usr/local/Cellar/xorgproto/2025.1/include -I/usr/local/Cellar/libxcb/1.17.0/include -I/usr/local/Cellar/libxau/1.0.12/include -I/usr/local/Cellar/libxdmcp/1.1.5/include -I/usr/local/Cellar/xorgproto/2025.1/include -I/usr/local/Cellar/libxcb/1.17.0/include -I/usr/local/Cellar/libxau/1.0.12/include -I/usr/local/Cellar/libxdmcp/1.1.5/include -I/usr/local/Cellar/xorgproto/2025.1/include -g -Wall -Wdisabled-optimization -Wpointer-arith -Wredundant-decls -Wwrite-strings -Wtype-limits -Wundef -Wempty-body -Wmissing-prototypes -Wstrict-prototypes -Werror=unused-command-line-argument -Werror=unknown-warning-option -Wparentheses -c -o /var/folders/rv/fj31z1cj3j39vd6c2s012n7h0000gn/T//ffconf.JMIT29EY/test.o /var/folders/rv/fj31z1cj3j39vd6c2s012n7h0000gn/T//ffconf.JMIT29EY/test.c
test_cxxflags -Werror -Werror=unused-command-line-argument -Werror=unknown-warning-option -Wparentheses
test_cxx -Werror -Werror=unused-command-line-argument -Werror=unknown-warning-option -Wparentheses
BEGIN /var/folders/rv/fj31z1cj3j39vd6c2s012n7h0000gn/T//ffconf.JMIT29EY/test.cpp
    1	int x;
END /var/folders/rv/fj31z1cj3j39vd6c2s012n7h0000gn/T//ffconf.JMIT29EY/test.cpp
g++ -D_ISOC11_SOURCE -D_FILE_OFFSET_BITS=64 -D_LARGEFILE_SOURCE -I$(SRC_PATH)/compat/dispatch_semaphore -DPIC -D__STDC_CONSTANT_MACROS -std=c++17 -Werror=partial-availability -fomit-frame-pointer -fPIC -pthread -g -Wall -Wdisabled-optimization -Wpointer-arith -Wredundant-decls -Wwrite-strings -Wtype-limits -Wundef -Wempty-body -Werror -Werror=unused-command-line-argument -Werror=unknown-warning-option -Wparentheses -c -o /var/folders/rv/fj31z1cj3j39vd6c2s012n7h0000gn/T//ffconf.JMIT29EY/test.o /var/folders/rv/fj31z1cj3j39vd6c2s012n7h0000gn/T//ffconf.JMIT29EY/test.cpp
test_objcflags -Werror=unused-command-line-argument -Werror=unknown-warning-option -Wparentheses
test_objcc -Werror=unused-command-line-argument -Werror=unknown-warning-option -Wparentheses
BEGIN /var/folders/rv/fj31z1cj3j39vd6c2s012n7h0000gn/T//ffconf.JMIT29EY/test.m
    1	int x;
END /var/folders/rv/fj31z1cj3j39vd6c2s012n7h0000gn/T//ffconf.JMIT29EY/test.m
gcc -Werror=missing-prototypes -D_ISOC11_SOURCE -D_FILE_OFFSET_BITS=64 -D_LARGEFILE_SOURCE -I$(SRC_PATH)/compat/dispatch_semaphore -DPIC -fPIC -arch x86_64 -mmacosx-version-min=11.0 -Wno-error=asm-operand-widths -I/Users/runner/work/ffmpeg-build/ffmpeg-build/vulkan-headers/include -std=c17 -Werror=partial-availability -fno-common -fomit-frame-pointer -fPIC -I/usr/local/Cellar/libx11/1.8.13/include -I/usr/local/Cellar/xorgproto/2025.1/include -I/usr/local/Cellar/libxcb/1.17.0/include -I/usr/local/Cellar/libxau/1.0.12/include -I/usr/local/Cellar/libxdmcp/1.1.5/include -I/usr/local/Cellar/libxext/1.3.7/include -I/usr/local/Cellar/xorgproto/2025.1/include -I/usr/local/Cellar/libx11/1.8.13/include -I/usr/local/Cellar/libxcb/1.17.0/include -I/usr/local/Cellar/libxau/1.0.12/include -I/usr/local/Cellar/libxdmcp/1.1.5/include -pthread -I/usr/local/Cellar/libxcb/1.17.0/include -I/usr/local/Cellar/libxau/1.0.12/include -I/usr/local/Cellar/libxdmcp/1.1.5/include -I/usr/local/Cellar/xorgproto/2025.1/include -I/usr/local/Cellar/libxcb/1.17.0/include -I/usr/local/Cellar/libxau/1.0.12/include -I/usr/local/Cellar/libxdmcp/1.1.5/include -I/usr/local/Cellar/xorgproto/2025.1/include -I/usr/local/Cellar/libxcb/1.17.0/include -I/usr/local/Cellar/libxau/1.0.12/include -I/usr/local/Cellar/libxdmcp/1.1.5/include -I/usr/local/Cellar/xorgproto/2025.1/include -I/usr/local/Cellar/libxcb/1.17.0/include -I/usr/local/Cellar/libxau/1.0.12/include -I/usr/local/Cellar/libxdmcp/1.1.5/include -I/usr/local/Cellar/xorgproto/2025.1/include -g -Wall -Wdisabled-optimization -Wpointer-arith -Wredundant-decls -Wwrite-strings -Wtype-limits -Wundef -Wempty-body -Wmissing-prototypes -Wstrict-prototypes -Wno-parentheses -Werror=partial-availability -fomit-frame-pointer -fPIC -pthread -g -Wall -Wdisabled-optimization -Wpointer-arith -Wredundant-decls -Wwrite-strings -Wtype-limits -Wundef -Wempty-body -Werror=unused-command-line-argument -Werror=unknown-warning-option -Wparentheses -c -o /var/folders/rv/fj31z1cj3j39vd6c2s012n7h0000gn/T//ffconf.JMIT29EY/test.o /var/folders/rv/fj31z1cj3j39vd6c2s012n7h0000gn/T//ffconf.JMIT29EY/test.m
test_cflags -Werror=unused-command-line-argument -Werror=unknown-warning-option -Wswitch
test_cc -Werror=unused-command-line-argument -Werror=unknown-warning-option -Wswitch
BEGIN /var/folders/rv/fj31z1cj3j39vd6c2s012n7h0000gn/T//ffconf.JMIT29EY/test.c
    1	int x;
END /var/folders/rv/fj31z1cj3j39vd6c2s012n7h0000gn/T//ffconf.JMIT29EY/test.c
gcc -D_ISOC11_SOURCE -D_FILE_OFFSET_BITS=64 -D_LARGEFILE_SOURCE -I$(SRC_PATH)/compat/dispatch_semaphore -DPIC -fPIC -arch x86_64 -mmacosx-version-min=11.0 -Wno-error=asm-operand-widths -I/Users/runner/work/ffmpeg-build/ffmpeg-build/vulkan-headers/include -std=c17 -Werror=partial-availability -fno-common -fomit-frame-pointer -fPIC -I/usr/local/Cellar/libx11/1.8.13/include -I/usr/local/Cellar/xorgproto/2025.1/include -I/usr/local/Cellar/libxcb/1.17.0/include -I/usr/local/Cellar/libxau/1.0.12/include -I/usr/local/Cellar/libxdmcp/1.1.5/include -I/usr/local/Cellar/libxext/1.3.7/include -I/usr/local/Cellar/xorgproto/2025.1/include -I/usr/local/Cellar/libx11/1.8.13/include -I/usr/local/Cellar/libxcb/1.17.0/include -I/usr/local/Cellar/libxau/1.0.12/include -I/usr/local/Cellar/libxdmcp/1.1.5/include -pthread -I/usr/local/Cellar/libxcb/1.17.0/include -I/usr/local/Cellar/libxau/1.0.12/include -I/usr/local/Cellar/libxdmcp/1.1.5/include -I/usr/local/Cellar/xorgproto/2025.1/include -I/usr/local/Cellar/libxcb/1.17.0/include -I/usr/local/Cellar/libxau/1.0.12/include -I/usr/local/Cellar/libxdmcp/1.1.5/include -I/usr/local/Cellar/xorgproto/2025.1/include -I/usr/local/Cellar/libxcb/1.17.0/include -I/usr/local/Cellar/libxau/1.0.12/include -I/usr/local/Cellar/libxdmcp/1.1.5/include -I/usr/local/Cellar/xorgproto/2025.1/include -I/usr/local/Cellar/libxcb/1.17.0/include -I/usr/local/Cellar/libxau/1.0.12/include -I/usr/local/Cellar/libxdmcp/1.1.5/include -I/usr/local/Cellar/xorgproto/2025.1/include -g -Wall -Wdisabled-optimization -Wpointer-arith -Wredundant-decls -Wwrite-strings -Wtype-limits -Wundef -Wempty-body -Wmissing-prototypes -Wstrict-prototypes -Wno-parentheses -Werror=unused-command-line-argument -Werror=unknown-warning-option -Wswitch -c -o /var/folders/rv/fj31z1cj3j39vd6c2s012n7h0000gn/T//ffconf.JMIT29EY/test.o /var/folders/rv/fj31z1cj3j39vd6c2s012n7h0000gn/T//ffconf.JMIT29EY/test.c
test_cxxflags -Werror -Werror=unused-command-line-argument -Werror=unknown-warning-option -Wswitch
test_cxx -Werror -Werror=unused-command-line-argument -Werror=unknown-warning-option -Wswitch
BEGIN /var/folders/rv/fj31z1cj3j39vd6c2s012n7h0000gn/T//ffconf.JMIT29EY/test.cpp
    1	int x;
END /var/folders/rv/fj31z1cj3j39vd6c2s012n7h0000gn/T//ffconf.JMIT29EY/test.cpp
g++ -D_ISOC11_SOURCE -D_FILE_OFFSET_BITS=64 -D_LARGEFILE_SOURCE -I$(SRC_PATH)/compat/dispatch_semaphore -DPIC -D__STDC_CONSTANT_MACROS -std=c++17 -Werror=partial-availability -fomit-frame-pointer -fPIC -pthread -g -Wall -Wdisabled-optimization -Wpointer-arith -Wredundant-decls -Wwrite-strings -Wtype-limits -Wundef -Wempty-body -Wno-parentheses -Werror -Werror=unused-command-line-argument -Werror=unknown-warning-option -Wswitch -c -o /var/folders/rv/fj31z1cj3j39vd6c2s012n7h0000gn/T//ffconf.JMIT29EY/test.o /var/folders/rv/fj31z1cj3j39vd6c2s012n7h0000gn/T//ffconf.JMIT29EY/test.cpp
test_objcflags -Werror=unused-command-line-argument -Werror=unknown-warning-option -Wswitch
test_objcc -Werror=unused-command-line-argument -Werror=unknown-warning-option -Wswitch
BEGIN /var/folders/rv/fj31z1cj3j39vd6c2s012n7h0000gn/T//ffconf.JMIT29EY/test.m
    1	int x;
END /var/folders/rv/fj31z1cj3j39vd6c2s012n7h0000gn/T//ffconf.JMIT29EY/test.m
gcc -Werror=missing-prototypes -D_ISOC11_SOURCE -D_FILE_OFFSET_BITS=64 -D_LARGEFILE_SOURCE -I$(SRC_PATH)/compat/dispatch_semaphore -DPIC -fPIC -arch x86_64 -mmacosx-version-min=11.0 -Wno-error=asm-operand-widths -I/Users/runner/work/ffmpeg-build/ffmpeg-build/vulkan-headers/include -std=c17 -Werror=partial-availability -fno-common -fomit-frame-pointer -fPIC -I/usr/local/Cellar/libx11/1.8.13/include -I/usr/local/Cellar/xorgproto/2025.1/include -I/usr/local/Cellar/libxcb/1.17.0/include -I/usr/local/Cellar/libxau/1.0.12/include -I/usr/local/Cellar/libxdmcp/1.1.5/include -I/usr/local/Cellar/libxext/1.3.7/include -I/usr/local/Cellar/xorgproto/2025.1/include -I/usr/local/Cellar/libx11/1.8.13/include -I/usr/local/Cellar/libxcb/1.17.0/include -I/usr/local/Cellar/libxau/1.0.12/include -I/usr/local/Cellar/libxdmcp/1.1.5/include -pthread -I/usr/local/Cellar/libxcb/1.17.0/include -I/usr/local/Cellar/libxau/1.0.12/include -I/usr/local/Cellar/libxdmcp/1.1.5/include -I/usr/local/Cellar/xorgproto/2025.1/include -I/usr/local/Cellar/libxcb/1.17.0/include -I/usr/local/Cellar/libxau/1.0.12/include -I/usr/local/Cellar/libxdmcp/1.1.5/include -I/usr/local/Cellar/xorgproto/2025.1/include -I/usr/local/Cellar/libxcb/1.17.0/include -I/usr/local/Cellar/libxau/1.0.12/include -I/usr/local/Cellar/libxdmcp/1.1.5/include -I/usr/local/Cellar/xorgproto/2025.1/include -I/usr/local/Cellar/libxcb/1.17.0/include -I/usr/local/Cellar/libxau/1.0.12/include -I/usr/local/Cellar/libxdmcp/1.1.5/include -I/usr/local/Cellar/xorgproto/2025.1/include -g -Wall -Wdisabled-optimization -Wpointer-arith -Wredundant-decls -Wwrite-strings -Wtype-limits -Wundef -Wempty-body -Wmissing-prototypes -Wstrict-prototypes -Wno-parentheses -Wno-switch -Werror=partial-availability -fomit-frame-pointer -fPIC -pthread -g -Wall -Wdisabled-optimization -Wpointer-arith -Wredundant-decls -Wwrite-strings -Wtype-limits -Wundef -Wempty-body -Wno-parentheses -Werror=unused-command-line-argument -Werror=unknown-warning-option -Wswitch -c -o /var/folders/rv/fj31z1cj3j39vd6c2s012n7h0000gn/T//ffconf.JMIT29EY/test.o /var/folders/rv/fj31z1cj3j39vd6c2s012n7h0000gn/T//ffconf.JMIT29EY/test.m
test_cflags -Werror=unused-command-line-argument -Werror=unknown-warning-option -Wformat-zero-length
test_cc -Werror=unused-command-line-argument -Werror=unknown-warning-option -Wformat-zero-length
BEGIN /var/folders/rv/fj31z1cj3j39vd6c2s012n7h0000gn/T//ffconf.JMIT29EY/test.c
    1	int x;
END /var/folders/rv/fj31z1cj3j39vd6c2s012n7h0000gn/T//ffconf.JMIT29EY/test.c
gcc -D_ISOC11_SOURCE -D_FILE_OFFSET_BITS=64 -D_LARGEFILE_SOURCE -I$(SRC_PATH)/compat/dispatch_semaphore -DPIC -fPIC -arch x86_64 -mmacosx-version-min=11.0 -Wno-error=asm-operand-widths -I/Users/runner/work/ffmpeg-build/ffmpeg-build/vulkan-headers/include -std=c17 -Werror=partial-availability -fno-common -fomit-frame-pointer -fPIC -I/usr/local/Cellar/libx11/1.8.13/include -I/usr/local/Cellar/xorgproto/2025.1/include -I/usr/local/Cellar/libxcb/1.17.0/include -I/usr/local/Cellar/libxau/1.0.12/include -I/usr/local/Cellar/libxdmcp/1.1.5/include -I/usr/local/Cellar/libxext/1.3.7/include -I/usr/local/Cellar/xorgproto/2025.1/include -I/usr/local/Cellar/libx11/1.8.13/include -I/usr/local/Cellar/libxcb/1.17.0/include -I/usr/local/Cellar/libxau/1.0.12/include -I/usr/local/Cellar/libxdmcp/1.1.5/include -pthread -I/usr/local/Cellar/libxcb/1.17.0/include -I/usr/local/Cellar/libxau/1.0.12/include -I/usr/local/Cellar/libxdmcp/1.1.5/include -I/usr/local/Cellar/xorgproto/2025.1/include -I/usr/local/Cellar/libxcb/1.17.0/include -I/usr/local/Cellar/libxau/1.0.12/include -I/usr/local/Cellar/libxdmcp/1.1.5/include -I/usr/local/Cellar/xorgproto/2025.1/include -I/usr/local/Cellar/libxcb/1.17.0/include -I/usr/local/Cellar/libxau/1.0.12/include -I/usr/local/Cellar/libxdmcp/1.1.5/include -I/usr/local/Cellar/xorgproto/2025.1/include -I/usr/local/Cellar/libxcb/1.17.0/include -I/usr/local/Cellar/libxau/1.0.12/include -I/usr/local/Cellar/libxdmcp/1.1.5/include -I/usr/local/Cellar/xorgproto/2025.1/include -g -Wall -Wdisabled-optimization -Wpointer-arith -Wredundant-decls -Wwrite-strings -Wtype-limits -Wundef -Wempty-body -Wmissing-prototypes -Wstrict-prototypes -Wno-parentheses -Wno-switch -Werror=unused-command-line-argument -Werror=unknown-warning-option -Wformat-zero-length -c -o /var/folders/rv/fj31z1cj3j39vd6c2s012n7h0000gn/T//ffconf.JMIT29EY/test.o /var/folders/rv/fj31z1cj3j39vd6c2s012n7h0000gn/T//ffconf.JMIT29EY/test.c
test_cxxflags -Werror -Werror=unused-command-line-argument -Werror=unknown-warning-option -Wformat-zero-length
test_cxx -Werror -Werror=unused-command-line-argument -Werror=unknown-warning-option -Wformat-zero-length
BEGIN /var/folders/rv/fj31z1cj3j39vd6c2s012n7h0000gn/T//ffconf.JMIT29EY/test.cpp
    1	int x;
END /var/folders/rv/fj31z1cj3j39vd6c2s012n7h0000gn/T//ffconf.JMIT29EY/test.cpp
g++ -D_ISOC11_SOURCE -D_FILE_OFFSET_BITS=64 -D_LARGEFILE_SOURCE -I$(SRC_PATH)/compat/dispatch_semaphore -DPIC -D__STDC_CONSTANT_MACROS -std=c++17 -Werror=partial-availability -fomit-frame-pointer -fPIC -pthread -g -Wall -Wdisabled-optimization -Wpointer-arith -Wredundant-decls -Wwrite-strings -Wtype-limits -Wundef -Wempty-body -Wno-parentheses -Wno-switch -Werror -Werror=unused-command-line-argument -Werror=unknown-warning-option -Wformat-zero-length -c -o /var/folders/rv/fj31z1cj3j39vd6c2s012n7h0000gn/T//ffconf.JMIT29EY/test.o /var/folders/rv/fj31z1cj3j39vd6c2s012n7h0000gn/T//ffconf.JMIT29EY/test.cpp
test_objcflags -Werror=unused-command-line-argument -Werror=unknown-warning-option -Wformat-zero-length
test_objcc -Werror=unused-command-line-argument -Werror=unknown-warning-option -Wformat-zero-length
BEGIN /var/folders/rv/fj31z1cj3j39vd6c2s012n7h0000gn/T//ffconf.JMIT29EY/test.m
    1	int x;
END /var/folders/rv/fj31z1cj3j39vd6c2s012n7h0000gn/T//ffconf.JMIT29EY/test.m
gcc -Werror=missing-prototypes -D_ISOC11_SOURCE -D_FILE_OFFSET_BITS=64 -D_LARGEFILE_SOURCE -I$(SRC_PATH)/compat/dispatch_semaphore -DPIC -fPIC -arch x86_64 -mmacosx-version-min=11.0 -Wno-error=asm-operand-widths -I/Users/runner/work/ffmpeg-build/ffmpeg-build/vulkan-headers/include -std=c17 -Werror=partial-availability -fno-common -fomit-frame-pointer -fPIC -I/usr/local/Cellar/libx11/1.8.13/include -I/usr/local/Cellar/xorgproto/2025.1/include -I/usr/local/Cellar/libxcb/1.17.0/include -I/usr/local/Cellar/libxau/1.0.12/include -I/usr/local/Cellar/libxdmcp/1.1.5/include -I/usr/local/Cellar/libxext/1.3.7/include -I/usr/local/Cellar/xorgproto/2025.1/include -I/usr/local/Cellar/libx11/1.8.13/include -I/usr/local/Cellar/libxcb/1.17.0/include -I/usr/local/Cellar/libxau/1.0.12/include -I/usr/local/Cellar/libxdmcp/1.1.5/include -pthread -I/usr/local/Cellar/libxcb/1.17.0/include -I/usr/local/Cellar/libxau/1.0.12/include -I/usr/local/Cellar/libxdmcp/1.1.5/include -I/usr/local/Cellar/xorgproto/2025.1/include -I/usr/local/Cellar/libxcb/1.17.0/include -I/usr/local/Cellar/libxau/1.0.12/include -I/usr/local/Cellar/libxdmcp/1.1.5/include -I/usr/local/Cellar/xorgproto/2025.1/include -I/usr/local/Cellar/libxcb/1.17.0/include -I/usr/local/Cellar/libxau/1.0.12/include -I/usr/local/Cellar/libxdmcp/1.1.5/include -I/usr/local/Cellar/xorgproto/2025.1/include -I/usr/local/Cellar/libxcb/1.17.0/include -I/usr/local/Cellar/libxau/1.0.12/include -I/usr/local/Cellar/libxdmcp/1.1.5/include -I/usr/local/Cellar/xorgproto/2025.1/include -g -Wall -Wdisabled-optimization -Wpointer-arith -Wredundant-decls -Wwrite-strings -Wtype-limits -Wundef -Wempty-body -Wmissing-prototypes -Wstrict-prototypes -Wno-parentheses -Wno-switch -Wno-format-zero-length -Werror=partial-availability -fomit-frame-pointer -fPIC -pthread -g -Wall -Wdisabled-optimization -Wpointer-arith -Wredundant-decls -Wwrite-strings -Wtype-limits -Wundef -Wempty-body -Wno-parentheses -Wno-switch -Werror=unused-command-line-argument -Werror=unknown-warning-option -Wformat-zero-length -c -o /var/folders/rv/fj31z1cj3j39vd6c2s012n7h0000gn/T//ffconf.JMIT29EY/test.o /var/folders/rv/fj31z1cj3j39vd6c2s012n7h0000gn/T//ffconf.JMIT29EY/test.m
test_cflags -Werror=unused-command-line-argument -Werror=unknown-warning-option -Wpointer-sign
test_cc -Werror=unused-command-line-argument -Werror=unknown-warning-option -Wpointer-sign
BEGIN /var/folders/rv/fj31z1cj3j39vd6c2s012n7h0000gn/T//ffconf.JMIT29EY/test.c
    1	int x;
END /var/folders/rv/fj31z1cj3j39vd6c2s012n7h0000gn/T//ffconf.JMIT29EY/test.c
gcc -D_ISOC11_SOURCE -D_FILE_OFFSET_BITS=64 -D_LARGEFILE_SOURCE -I$(SRC_PATH)/compat/dispatch_semaphore -DPIC -fPIC -arch x86_64 -mmacosx-version-min=11.0 -Wno-error=asm-operand-widths -I/Users/runner/work/ffmpeg-build/ffmpeg-build/vulkan-headers/include -std=c17 -Werror=partial-availability -fno-common -fomit-frame-pointer -fPIC -I/usr/local/Cellar/libx11/1.8.13/include -I/usr/local/Cellar/xorgproto/2025.1/include -I/usr/local/Cellar/libxcb/1.17.0/include -I/usr/local/Cellar/libxau/1.0.12/include -I/usr/local/Cellar/libxdmcp/1.1.5/include -I/usr/local/Cellar/libxext/1.3.7/include -I/usr/local/Cellar/xorgproto/2025.1/include -I/usr/local/Cellar/libx11/1.8.13/include -I/usr/local/Cellar/libxcb/1.17.0/include -I/usr/local/Cellar/libxau/1.0.12/include -I/usr/local/Cellar/libxdmcp/1.1.5/include -pthread -I/usr/local/Cellar/libxcb/1.17.0/include -I/usr/local/Cellar/libxau/1.0.12/include -I/usr/local/Cellar/libxdmcp/1.1.5/include -I/usr/local/Cellar/xorgproto/2025.1/include -I/usr/local/Cellar/libxcb/1.17.0/include -I/usr/local/Cellar/libxau/1.0.12/include -I/usr/local/Cellar/libxdmcp/1.1.5/include -I/usr/local/Cellar/xorgproto/2025.1/include -I/usr/local/Cellar/libxcb/1.17.0/include -I/usr/local/Cellar/libxau/1.0.12/include -I/usr/local/Cellar/libxdmcp/1.1.5/include -I/usr/local/Cellar/xorgproto/2025.1/include -I/usr/local/Cellar/libxcb/1.17.0/include -I/usr/local/Cellar/libxau/1.0.12/include -I/usr/local/Cellar/libxdmcp/1.1.5/include -I/usr/local/Cellar/xorgproto/2025.1/include -g -Wall -Wdisabled-optimization -Wpointer-arith -Wredundant-decls -Wwrite-strings -Wtype-limits -Wundef -Wempty-body -Wmissing-prototypes -Wstrict-prototypes -Wno-parentheses -Wno-switch -Wno-format-zero-length -Werror=unused-command-line-argument -Werror=unknown-warning-option -Wpointer-sign -c -o /var/folders/rv/fj31z1cj3j39vd6c2s012n7h0000gn/T//ffconf.JMIT29EY/test.o /var/folders/rv/fj31z1cj3j39vd6c2s012n7h0000gn/T//ffconf.JMIT29EY/test.c
test_cxxflags -Werror -Werror=unused-command-line-argument -Werror=unknown-warning-option -Wpointer-sign
test_cxx -Werror -Werror=unused-command-line-argument -Werror=unknown-warning-option -Wpointer-sign
BEGIN /var/folders/rv/fj31z1cj3j39vd6c2s012n7h0000gn/T//ffconf.JMIT29EY/test.cpp
    1	int x;
END /var/folders/rv/fj31z1cj3j39vd6c2s012n7h0000gn/T//ffconf.JMIT29EY/test.cpp
g++ -D_ISOC11_SOURCE -D_FILE_OFFSET_BITS=64 -D_LARGEFILE_SOURCE -I$(SRC_PATH)/compat/dispatch_semaphore -DPIC -D__STDC_CONSTANT_MACROS -std=c++17 -Werror=partial-availability -fomit-frame-pointer -fPIC -pthread -g -Wall -Wdisabled-optimization -Wpointer-arith -Wredundant-decls -Wwrite-strings -Wtype-limits -Wundef -Wempty-body -Wno-parentheses -Wno-switch -Wno-format-zero-length -Werror -Werror=unused-command-line-argument -Werror=unknown-warning-option -Wpointer-sign -c -o /var/folders/rv/fj31z1cj3j39vd6c2s012n7h0000gn/T//ffconf.JMIT29EY/test.o /var/folders/rv/fj31z1cj3j39vd6c2s012n7h0000gn/T//ffconf.JMIT29EY/test.cpp
test_objcflags -Werror=unused-command-line-argument -Werror=unknown-warning-option -Wpointer-sign
test_objcc -Werror=unused-command-line-argument -Werror=unknown-warning-option -Wpointer-sign
BEGIN /var/folders/rv/fj31z1cj3j39vd6c2s012n7h0000gn/T//ffconf.JMIT29EY/test.m
    1	int x;
END /var/folders/rv/fj31z1cj3j39vd6c2s012n7h0000gn/T//ffconf.JMIT29EY/test.m
gcc -Werror=missing-prototypes -D_ISOC11_SOURCE -D_FILE_OFFSET_BITS=64 -D_LARGEFILE_SOURCE -I$(SRC_PATH)/compat/dispatch_semaphore -DPIC -fPIC -arch x86_64 -mmacosx-version-min=11.0 -Wno-error=asm-operand-widths -I/Users/runner/work/ffmpeg-build/ffmpeg-build/vulkan-headers/include -std=c17 -Werror=partial-availability -fno-common -fomit-frame-pointer -fPIC -I/usr/local/Cellar/libx11/1.8.13/include -I/usr/local/Cellar/xorgproto/2025.1/include -I/usr/local/Cellar/libxcb/1.17.0/include -I/usr/local/Cellar/libxau/1.0.12/include -I/usr/local/Cellar/libxdmcp/1.1.5/include -I/usr/local/Cellar/libxext/1.3.7/include -I/usr/local/Cellar/xorgproto/2025.1/include -I/usr/local/Cellar/libx11/1.8.13/include -I/usr/local/Cellar/libxcb/1.17.0/include -I/usr/local/Cellar/libxau/1.0.12/include -I/usr/local/Cellar/libxdmcp/1.1.5/include -pthread -I/usr/local/Cellar/libxcb/1.17.0/include -I/usr/local/Cellar/libxau/1.0.12/include -I/usr/local/Cellar/libxdmcp/1.1.5/include -I/usr/local/Cellar/xorgproto/2025.1/include -I/usr/local/Cellar/libxcb/1.17.0/include -I/usr/local/Cellar/libxau/1.0.12/include -I/usr/local/Cellar/libxdmcp/1.1.5/include -I/usr/local/Cellar/xorgproto/2025.1/include -I/usr/local/Cellar/libxcb/1.17.0/include -I/usr/local/Cellar/libxau/1.0.12/include -I/usr/local/Cellar/libxdmcp/1.1.5/include -I/usr/local/Cellar/xorgproto/2025.1/include -I/usr/local/Cellar/libxcb/1.17.0/include -I/usr/local/Cellar/libxau/1.0.12/include -I/usr/local/Cellar/libxdmcp/1.1.5/include -I/usr/local/Cellar/xorgproto/2025.1/include -g -Wall -Wdisabled-optimization -Wpointer-arith -Wredundant-decls -Wwrite-strings -Wtype-limits -Wundef -Wempty-body -Wmissing-prototypes -Wstrict-prototypes -Wno-parentheses -Wno-switch -Wno-format-zero-length -Wno-pointer-sign -Werror=partial-availability -fomit-frame-pointer -fPIC -pthread -g -Wall -Wdisabled-optimization -Wpointer-arith -Wredundant-decls -Wwrite-strings -Wtype-limits -Wundef -Wempty-body -Wno-parentheses -Wno-switch -Wno-format-zero-length -Werror=unused-command-line-argument -Werror=unknown-warning-option -Wpointer-sign -c -o /var/folders/rv/fj31z1cj3j39vd6c2s012n7h0000gn/T//ffconf.JMIT29EY/test.o /var/folders/rv/fj31z1cj3j39vd6c2s012n7h0000gn/T//ffconf.JMIT29EY/test.m
test_cflags -Werror=unused-command-line-argument -Werror=unknown-warning-option -Wunused-const-variable
test_cc -Werror=unused-command-line-argument -Werror=unknown-warning-option -Wunused-const-variable
BEGIN /var/folders/rv/fj31z1cj3j39vd6c2s012n7h0000gn/T//ffconf.JMIT29EY/test.c
    1	int x;
END /var/folders/rv/fj31z1cj3j39vd6c2s012n7h0000gn/T//ffconf.JMIT29EY/test.c
gcc -D_ISOC11_SOURCE -D_FILE_OFFSET_BITS=64 -D_LARGEFILE_SOURCE -I$(SRC_PATH)/compat/dispatch_semaphore -DPIC -fPIC -arch x86_64 -mmacosx-version-min=11.0 -Wno-error=asm-operand-widths -I/Users/runner/work/ffmpeg-build/ffmpeg-build/vulkan-headers/include -std=c17 -Werror=partial-availability -fno-common -fomit-frame-pointer -fPIC -I/usr/local/Cellar/libx11/1.8.13/include -I/usr/local/Cellar/xorgproto/2025.1/include -I/usr/local/Cellar/libxcb/1.17.0/include -I/usr/local/Cellar/libxau/1.0.12/include -I/usr/local/Cellar/libxdmcp/1.1.5/include -I/usr/local/Cellar/libxext/1.3.7/include -I/usr/local/Cellar/xorgproto/2025.1/include -I/usr/local/Cellar/libx11/1.8.13/include -I/usr/local/Cellar/libxcb/1.17.0/include -I/usr/local/Cellar/libxau/1.0.12/include -I/usr/local/Cellar/libxdmcp/1.1.5/include -pthread -I/usr/local/Cellar/libxcb/1.17.0/include -I/usr/local/Cellar/libxau/1.0.12/include -I/usr/local/Cellar/libxdmcp/1.1.5/include -I/usr/local/Cellar/xorgproto/2025.1/include -I/usr/local/Cellar/libxcb/1.17.0/include -I/usr/local/Cellar/libxau/1.0.12/include -I/usr/local/Cellar/libxdmcp/1.1.5/include -I/usr/local/Cellar/xorgproto/2025.1/include -I/usr/local/Cellar/libxcb/1.17.0/include -I/usr/local/Cellar/libxau/1.0.12/include -I/usr/local/Cellar/libxdmcp/1.1.5/include -I/usr/local/Cellar/xorgproto/2025.1/include -I/usr/local/Cellar/libxcb/1.17.0/include -I/usr/local/Cellar/libxau/1.0.12/include -I/usr/local/Cellar/libxdmcp/1.1.5/include -I/usr/local/Cellar/xorgproto/2025.1/include -g -Wall -Wdisabled-optimization -Wpointer-arith -Wredundant-decls -Wwrite-strings -Wtype-limits -Wundef -Wempty-body -Wmissing-prototypes -Wstrict-prototypes -Wno-parentheses -Wno-switch -Wno-format-zero-length -Wno-pointer-sign -Werror=unused-command-line-argument -Werror=unknown-warning-option -Wunused-const-variable -c -o /var/folders/rv/fj31z1cj3j39vd6c2s012n7h0000gn/T//ffconf.JMIT29EY/test.o /var/folders/rv/fj31z1cj3j39vd6c2s012n7h0000gn/T//ffconf.JMIT29EY/test.c
test_cxxflags -Werror -Werror=unused-command-line-argument -Werror=unknown-warning-option -Wunused-const-variable
test_cxx -Werror -Werror=unused-command-line-argument -Werror=unknown-warning-option -Wunused-const-variable
BEGIN /var/folders/rv/fj31z1cj3j39vd6c2s012n7h0000gn/T//ffconf.JMIT29EY/test.cpp
    1	int x;
END /var/folders/rv/fj31z1cj3j39vd6c2s012n7h0000gn/T//ffconf.JMIT29EY/test.cpp
g++ -D_ISOC11_SOURCE -D_FILE_OFFSET_BITS=64 -D_LARGEFILE_SOURCE -I$(SRC_PATH)/compat/dispatch_semaphore -DPIC -D__STDC_CONSTANT_MACROS -std=c++17 -Werror=partial-availability -fomit-frame-pointer -fPIC -pthread -g -Wall -Wdisabled-optimization -Wpointer-arith -Wredundant-decls -Wwrite-strings -Wtype-limits -Wundef -Wempty-body -Wno-parentheses -Wno-switch -Wno-format-zero-length -Wno-pointer-sign -Werror -Werror=unused-command-line-argument -Werror=unknown-warning-option -Wunused-const-variable -c -o /var/folders/rv/fj31z1cj3j39vd6c2s012n7h0000gn/T//ffconf.JMIT29EY/test.o /var/folders/rv/fj31z1cj3j39vd6c2s012n7h0000gn/T//ffconf.JMIT29EY/test.cpp
test_objcflags -Werror=unused-command-line-argument -Werror=unknown-warning-option -Wunused-const-variable
test_objcc -Werror=unused-command-line-argument -Werror=unknown-warning-option -Wunused-const-variable
BEGIN /var/folders/rv/fj31z1cj3j39vd6c2s012n7h0000gn/T//ffconf.JMIT29EY/test.m
    1	int x;
END /var/folders/rv/fj31z1cj3j39vd6c2s012n7h0000gn/T//ffconf.JMIT29EY/test.m
gcc -Werror=missing-prototypes -D_ISOC11_SOURCE -D_FILE_OFFSET_BITS=64 -D_LARGEFILE_SOURCE -I$(SRC_PATH)/compat/dispatch_semaphore -DPIC -fPIC -arch x86_64 -mmacosx-version-min=11.0 -Wno-error=asm-operand-widths -I/Users/runner/work/ffmpeg-build/ffmpeg-build/vulkan-headers/include -std=c17 -Werror=partial-availability -fno-common -fomit-frame-pointer -fPIC -I/usr/local/Cellar/libx11/1.8.13/include -I/usr/local/Cellar/xorgproto/2025.1/include -I/usr/local/Cellar/libxcb/1.17.0/include -I/usr/local/Cellar/libxau/1.0.12/include -I/usr/local/Cellar/libxdmcp/1.1.5/include -I/usr/local/Cellar/libxext/1.3.7/include -I/usr/local/Cellar/xorgproto/2025.1/include -I/usr/local/Cellar/libx11/1.8.13/include -I/usr/local/Cellar/libxcb/1.17.0/include -I/usr/local/Cellar/libxau/1.0.12/include -I/usr/local/Cellar/libxdmcp/1.1.5/include -pthread -I/usr/local/Cellar/libxcb/1.17.0/include -I/usr/local/Cellar/libxau/1.0.12/include -I/usr/local/Cellar/libxdmcp/1.1.5/include -I/usr/local/Cellar/xorgproto/2025.1/include -I/usr/local/Cellar/libxcb/1.17.0/include -I/usr/local/Cellar/libxau/1.0.12/include -I/usr/local/Cellar/libxdmcp/1.1.5/include -I/usr/local/Cellar/xorgproto/2025.1/include -I/usr/local/Cellar/libxcb/1.17.0/include -I/usr/local/Cellar/libxau/1.0.12/include -I/usr/local/Cellar/libxdmcp/1.1.5/include -I/usr/local/Cellar/xorgproto/2025.1/include -I/usr/local/Cellar/libxcb/1.17.0/include -I/usr/local/Cellar/libxau/1.0.12/include -I/usr/local/Cellar/libxdmcp/1.1.5/include -I/usr/local/Cellar/xorgproto/2025.1/include -g -Wall -Wdisabled-optimization -Wpointer-arith -Wredundant-decls -Wwrite-strings -Wtype-limits -Wundef -Wempty-body -Wmissing-prototypes -Wstrict-prototypes -Wno-parentheses -Wno-switch -Wno-format-zero-length -Wno-pointer-sign -Wno-unused-const-variable -Werror=partial-availability -fomit-frame-pointer -fPIC -pthread -g -Wall -Wdisabled-optimization -Wpointer-arith -Wredundant-decls -Wwrite-strings -Wtype-limits -Wundef -Wempty-body -Wno-parentheses -Wno-switch -Wno-format-zero-length -Wno-pointer-sign -Werror=unused-command-line-argument -Werror=unknown-warning-option -Wunused-const-variable -c -o /var/folders/rv/fj31z1cj3j39vd6c2s012n7h0000gn/T//ffconf.JMIT29EY/test.o /var/folders/rv/fj31z1cj3j39vd6c2s012n7h0000gn/T//ffconf.JMIT29EY/test.m
test_cflags -Werror=unused-command-line-argument -Werror=unknown-warning-option -Wbool-operation
test_cc -Werror=unused-command-line-argument -Werror=unknown-warning-option -Wbool-operation
BEGIN /var/folders/rv/fj31z1cj3j39vd6c2s012n7h0000gn/T//ffconf.JMIT29EY/test.c
    1	int x;
END /var/folders/rv/fj31z1cj3j39vd6c2s012n7h0000gn/T//ffconf.JMIT29EY/test.c
gcc -D_ISOC11_SOURCE -D_FILE_OFFSET_BITS=64 -D_LARGEFILE_SOURCE -I$(SRC_PATH)/compat/dispatch_semaphore -DPIC -fPIC -arch x86_64 -mmacosx-version-min=11.0 -Wno-error=asm-operand-widths -I/Users/runner/work/ffmpeg-build/ffmpeg-build/vulkan-headers/include -std=c17 -Werror=partial-availability -fno-common -fomit-frame-pointer -fPIC -I/usr/local/Cellar/libx11/1.8.13/include -I/usr/local/Cellar/xorgproto/2025.1/include -I/usr/local/Cellar/libxcb/1.17.0/include -I/usr/local/Cellar/libxau/1.0.12/include -I/usr/local/Cellar/libxdmcp/1.1.5/include -I/usr/local/Cellar/libxext/1.3.7/include -I/usr/local/Cellar/xorgproto/2025.1/include -I/usr/local/Cellar/libx11/1.8.13/include -I/usr/local/Cellar/libxcb/1.17.0/include -I/usr/local/Cellar/libxau/1.0.12/include -I/usr/local/Cellar/libxdmcp/1.1.5/include -pthread -I/usr/local/Cellar/libxcb/1.17.0/include -I/usr/local/Cellar/libxau/1.0.12/include -I/usr/local/Cellar/libxdmcp/1.1.5/include -I/usr/local/Cellar/xorgproto/2025.1/include -I/usr/local/Cellar/libxcb/1.17.0/include -I/usr/local/Cellar/libxau/1.0.12/include -I/usr/local/Cellar/libxdmcp/1.1.5/include -I/usr/local/Cellar/xorgproto/2025.1/include -I/usr/local/Cellar/libxcb/1.17.0/include -I/usr/local/Cellar/libxau/1.0.12/include -I/usr/local/Cellar/libxdmcp/1.1.5/include -I/usr/local/Cellar/xorgproto/2025.1/include -I/usr/local/Cellar/libxcb/1.17.0/include -I/usr/local/Cellar/libxau/1.0.12/include -I/usr/local/Cellar/libxdmcp/1.1.5/include -I/usr/local/Cellar/xorgproto/2025.1/include -g -Wall -Wdisabled-optimization -Wpointer-arith -Wredundant-decls -Wwrite-strings -Wtype-limits -Wundef -Wempty-body -Wmissing-prototypes -Wstrict-prototypes -Wno-parentheses -Wno-switch -Wno-format-zero-length -Wno-pointer-sign -Wno-unused-const-variable -Werror=unused-command-line-argument -Werror=unknown-warning-option -Wbool-operation -c -o /var/folders/rv/fj31z1cj3j39vd6c2s012n7h0000gn/T//ffconf.JMIT29EY/test.o /var/folders/rv/fj31z1cj3j39vd6c2s012n7h0000gn/T//ffconf.JMIT29EY/test.c
test_cxxflags -Werror -Werror=unused-command-line-argument -Werror=unknown-warning-option -Wbool-operation
test_cxx -Werror -Werror=unused-command-line-argument -Werror=unknown-warning-option -Wbool-operation
BEGIN /var/folders/rv/fj31z1cj3j39vd6c2s012n7h0000gn/T//ffconf.JMIT29EY/test.cpp
    1	int x;
END /var/folders/rv/fj31z1cj3j39vd6c2s012n7h0000gn/T//ffconf.JMIT29EY/test.cpp
g++ -D_ISOC11_SOURCE -D_FILE_OFFSET_BITS=64 -D_LARGEFILE_SOURCE -I$(SRC_PATH)/compat/dispatch_semaphore -DPIC -D__STDC_CONSTANT_MACROS -std=c++17 -Werror=partial-availability -fomit-frame-pointer -fPIC -pthread -g -Wall -Wdisabled-optimization -Wpointer-arith -Wredundant-decls -Wwrite-strings -Wtype-limits -Wundef -Wempty-body -Wno-parentheses -Wno-switch -Wno-format-zero-length -Wno-pointer-sign -Wno-unused-const-variable -Werror -Werror=unused-command-line-argument -Werror=unknown-warning-option -Wbool-operation -c -o /var/folders/rv/fj31z1cj3j39vd6c2s012n7h0000gn/T//ffconf.JMIT29EY/test.o /var/folders/rv/fj31z1cj3j39vd6c2s012n7h0000gn/T//ffconf.JMIT29EY/test.cpp
test_objcflags -Werror=unused-command-line-argument -Werror=unknown-warning-option -Wbool-operation
test_objcc -Werror=unused-command-line-argument -Werror=unknown-warning-option -Wbool-operation
BEGIN /var/folders/rv/fj31z1cj3j39vd6c2s012n7h0000gn/T//ffconf.JMIT29EY/test.m
    1	int x;
END /var/folders/rv/fj31z1cj3j39vd6c2s012n7h0000gn/T//ffconf.JMIT29EY/test.m
gcc -Werror=missing-prototypes -D_ISOC11_SOURCE -D_FILE_OFFSET_BITS=64 -D_LARGEFILE_SOURCE -I$(SRC_PATH)/compat/dispatch_semaphore -DPIC -fPIC -arch x86_64 -mmacosx-version-min=11.0 -Wno-error=asm-operand-widths -I/Users/runner/work/ffmpeg-build/ffmpeg-build/vulkan-headers/include -std=c17 -Werror=partial-availability -fno-common -fomit-frame-pointer -fPIC -I/usr/local/Cellar/libx11/1.8.13/include -I/usr/local/Cellar/xorgproto/2025.1/include -I/usr/local/Cellar/libxcb/1.17.0/include -I/usr/local/Cellar/libxau/1.0.12/include -I/usr/local/Cellar/libxdmcp/1.1.5/include -I/usr/local/Cellar/libxext/1.3.7/include -I/usr/local/Cellar/xorgproto/2025.1/include -I/usr/local/Cellar/libx11/1.8.13/include -I/usr/local/Cellar/libxcb/1.17.0/include -I/usr/local/Cellar/libxau/1.0.12/include -I/usr/local/Cellar/libxdmcp/1.1.5/include -pthread -I/usr/local/Cellar/libxcb/1.17.0/include -I/usr/local/Cellar/libxau/1.0.12/include -I/usr/local/Cellar/libxdmcp/1.1.5/include -I/usr/local/Cellar/xorgproto/2025.1/include -I/usr/local/Cellar/libxcb/1.17.0/include -I/usr/local/Cellar/libxau/1.0.12/include -I/usr/local/Cellar/libxdmcp/1.1.5/include -I/usr/local/Cellar/xorgproto/2025.1/include -I/usr/local/Cellar/libxcb/1.17.0/include -I/usr/local/Cellar/libxau/1.0.12/include -I/usr/local/Cellar/libxdmcp/1.1.5/include -I/usr/local/Cellar/xorgproto/2025.1/include -I/usr/local/Cellar/libxcb/1.17.0/include -I/usr/local/Cellar/libxau/1.0.12/include -I/usr/local/Cellar/libxdmcp/1.1.5/include -I/usr/local/Cellar/xorgproto/2025.1/include -g -Wall -Wdisabled-optimization -Wpointer-arith -Wredundant-decls -Wwrite-strings -Wtype-limits -Wundef -Wempty-body -Wmissing-prototypes -Wstrict-prototypes -Wno-parentheses -Wno-switch -Wno-format-zero-length -Wno-pointer-sign -Wno-unused-const-variable -Wno-bool-operation -Werror=partial-availability -fomit-frame-pointer -fPIC -pthread -g -Wall -Wdisabled-optimization -Wpointer-arith -Wredundant-decls -Wwrite-strings -Wtype-limits -Wundef -Wempty-body -Wno-parentheses -Wno-switch -Wno-format-zero-length -Wno-pointer-sign -Wno-unused-const-variable -Werror=unused-command-line-argument -Werror=unknown-warning-option -Wbool-operation -c -o /var/folders/rv/fj31z1cj3j39vd6c2s012n7h0000gn/T//ffconf.JMIT29EY/test.o /var/folders/rv/fj31z1cj3j39vd6c2s012n7h0000gn/T//ffconf.JMIT29EY/test.m
test_cflags -Werror=unused-command-line-argument -Werror=unknown-warning-option -Wchar-subscripts
test_cc -Werror=unused-command-line-argument -Werror=unknown-warning-option -Wchar-subscripts
BEGIN /var/folders/rv/fj31z1cj3j39vd6c2s012n7h0000gn/T//ffconf.JMIT29EY/test.c
    1	int x;
END /var/folders/rv/fj31z1cj3j39vd6c2s012n7h0000gn/T//ffconf.JMIT29EY/test.c
gcc -D_ISOC11_SOURCE -D_FILE_OFFSET_BITS=64 -D_LARGEFILE_SOURCE -I$(SRC_PATH)/compat/dispatch_semaphore -DPIC -fPIC -arch x86_64 -mmacosx-version-min=11.0 -Wno-error=asm-operand-widths -I/Users/runner/work/ffmpeg-build/ffmpeg-build/vulkan-headers/include -std=c17 -Werror=partial-availability -fno-common -fomit-frame-pointer -fPIC -I/usr/local/Cellar/libx11/1.8.13/include -I/usr/local/Cellar/xorgproto/2025.1/include -I/usr/local/Cellar/libxcb/1.17.0/include -I/usr/local/Cellar/libxau/1.0.12/include -I/usr/local/Cellar/libxdmcp/1.1.5/include -I/usr/local/Cellar/libxext/1.3.7/include -I/usr/local/Cellar/xorgproto/2025.1/include -I/usr/local/Cellar/libx11/1.8.13/include -I/usr/local/Cellar/libxcb/1.17.0/include -I/usr/local/Cellar/libxau/1.0.12/include -I/usr/local/Cellar/libxdmcp/1.1.5/include -pthread -I/usr/local/Cellar/libxcb/1.17.0/include -I/usr/local/Cellar/libxau/1.0.12/include -I/usr/local/Cellar/libxdmcp/1.1.5/include -I/usr/local/Cellar/xorgproto/2025.1/include -I/usr/local/Cellar/libxcb/1.17.0/include -I/usr/local/Cellar/libxau/1.0.12/include -I/usr/local/Cellar/libxdmcp/1.1.5/include -I/usr/local/Cellar/xorgproto/2025.1/include -I/usr/local/Cellar/libxcb/1.17.0/include -I/usr/local/Cellar/libxau/1.0.12/include -I/usr/local/Cellar/libxdmcp/1.1.5/include -I/usr/local/Cellar/xorgproto/2025.1/include -I/usr/local/Cellar/libxcb/1.17.0/include -I/usr/local/Cellar/libxau/1.0.12/include -I/usr/local/Cellar/libxdmcp/1.1.5/include -I/usr/local/Cellar/xorgproto/2025.1/include -g -Wall -Wdisabled-optimization -Wpointer-arith -Wredundant-decls -Wwrite-strings -Wtype-limits -Wundef -Wempty-body -Wmissing-prototypes -Wstrict-prototypes -Wno-parentheses -Wno-switch -Wno-format-zero-length -Wno-pointer-sign -Wno-unused-const-variable -Wno-bool-operation -Werror=unused-command-line-argument -Werror=unknown-warning-option -Wchar-subscripts -c -o /var/folders/rv/fj31z1cj3j39vd6c2s012n7h0000gn/T//ffconf.JMIT29EY/test.o /var/folders/rv/fj31z1cj3j39vd6c2s012n7h0000gn/T//ffconf.JMIT29EY/test.c
test_cxxflags -Werror -Werror=unused-command-line-argument -Werror=unknown-warning-option -Wchar-subscripts
test_cxx -Werror -Werror=unused-command-line-argument -Werror=unknown-warning-option -Wchar-subscripts
BEGIN /var/folders/rv/fj31z1cj3j39vd6c2s012n7h0000gn/T//ffconf.JMIT29EY/test.cpp
    1	int x;
END /var/folders/rv/fj31z1cj3j39vd6c2s012n7h0000gn/T//ffconf.JMIT29EY/test.cpp
g++ -D_ISOC11_SOURCE -D_FILE_OFFSET_BITS=64 -D_LARGEFILE_SOURCE -I$(SRC_PATH)/compat/dispatch_semaphore -DPIC -D__STDC_CONSTANT_MACROS -std=c++17 -Werror=partial-availability -fomit-frame-pointer -fPIC -pthread -g -Wall -Wdisabled-optimization -Wpointer-arith -Wredundant-decls -Wwrite-strings -Wtype-limits -Wundef -Wempty-body -Wno-parentheses -Wno-switch -Wno-format-zero-length -Wno-pointer-sign -Wno-unused-const-variable -Wno-bool-operation -Werror -Werror=unused-command-line-argument -Werror=unknown-warning-option -Wchar-subscripts -c -o /var/folders/rv/fj31z1cj3j39vd6c2s012n7h0000gn/T//ffconf.JMIT29EY/test.o /var/folders/rv/fj31z1cj3j39vd6c2s012n7h0000gn/T//ffconf.JMIT29EY/test.cpp
test_objcflags -Werror=unused-command-line-argument -Werror=unknown-warning-option -Wchar-subscripts
test_objcc -Werror=unused-command-line-argument -Werror=unknown-warning-option -Wchar-subscripts
BEGIN /var/folders/rv/fj31z1cj3j39vd6c2s012n7h0000gn/T//ffconf.JMIT29EY/test.m
    1	int x;
END /var/folders/rv/fj31z1cj3j39vd6c2s012n7h0000gn/T//ffconf.JMIT29EY/test.m
gcc -Werror=missing-prototypes -D_ISOC11_SOURCE -D_FILE_OFFSET_BITS=64 -D_LARGEFILE_SOURCE -I$(SRC_PATH)/compat/dispatch_semaphore -DPIC -fPIC -arch x86_64 -mmacosx-version-min=11.0 -Wno-error=asm-operand-widths -I/Users/runner/work/ffmpeg-build/ffmpeg-build/vulkan-headers/include -std=c17 -Werror=partial-availability -fno-common -fomit-frame-pointer -fPIC -I/usr/local/Cellar/libx11/1.8.13/include -I/usr/local/Cellar/xorgproto/2025.1/include -I/usr/local/Cellar/libxcb/1.17.0/include -I/usr/local/Cellar/libxau/1.0.12/include -I/usr/local/Cellar/libxdmcp/1.1.5/include -I/usr/local/Cellar/libxext/1.3.7/include -I/usr/local/Cellar/xorgproto/2025.1/include -I/usr/local/Cellar/libx11/1.8.13/include -I/usr/local/Cellar/libxcb/1.17.0/include -I/usr/local/Cellar/libxau/1.0.12/include -I/usr/local/Cellar/libxdmcp/1.1.5/include -pthread -I/usr/local/Cellar/libxcb/1.17.0/include -I/usr/local/Cellar/libxau/1.0.12/include -I/usr/local/Cellar/libxdmcp/1.1.5/include -I/usr/local/Cellar/xorgproto/2025.1/include -I/usr/local/Cellar/libxcb/1.17.0/include -I/usr/local/Cellar/libxau/1.0.12/include -I/usr/local/Cellar/libxdmcp/1.1.5/include -I/usr/local/Cellar/xorgproto/2025.1/include -I/usr/local/Cellar/libxcb/1.17.0/include -I/usr/local/Cellar/libxau/1.0.12/include -I/usr/local/Cellar/libxdmcp/1.1.5/include -I/usr/local/Cellar/xorgproto/2025.1/include -I/usr/local/Cellar/libxcb/1.17.0/include -I/usr/local/Cellar/libxau/1.0.12/include -I/usr/local/Cellar/libxdmcp/1.1.5/include -I/usr/local/Cellar/xorgproto/2025.1/include -g -Wall -Wdisabled-optimization -Wpointer-arith -Wredundant-decls -Wwrite-strings -Wtype-limits -Wundef -Wempty-body -Wmissing-prototypes -Wstrict-prototypes -Wno-parentheses -Wno-switch -Wno-format-zero-length -Wno-pointer-sign -Wno-unused-const-variable -Wno-bool-operation -Wno-char-subscripts -Werror=partial-availability -fomit-frame-pointer -fPIC -pthread -g -Wall -Wdisabled-optimization -Wpointer-arith -Wredundant-decls -Wwrite-strings -Wtype-limits -Wundef -Wempty-body -Wno-parentheses -Wno-switch -Wno-format-zero-length -Wno-pointer-sign -Wno-unused-const-variable -Wno-bool-operation -Werror=unused-command-line-argument -Werror=unknown-warning-option -Wchar-subscripts -c -o /var/folders/rv/fj31z1cj3j39vd6c2s012n7h0000gn/T//ffconf.JMIT29EY/test.o /var/folders/rv/fj31z1cj3j39vd6c2s012n7h0000gn/T//ffconf.JMIT29EY/test.m
test_cflags -Werror=unused-command-line-argument -Werror=unknown-warning-option -Wimplicit-const-int-float-conversion
test_cc -Werror=unused-command-line-argument -Werror=unknown-warning-option -Wimplicit-const-int-float-conversion
BEGIN /var/folders/rv/fj31z1cj3j39vd6c2s012n7h0000gn/T//ffconf.JMIT29EY/test.c
    1	int x;
END /var/folders/rv/fj31z1cj3j39vd6c2s012n7h0000gn/T//ffconf.JMIT29EY/test.c
gcc -D_ISOC11_SOURCE -D_FILE_OFFSET_BITS=64 -D_LARGEFILE_SOURCE -I$(SRC_PATH)/compat/dispatch_semaphore -DPIC -fPIC -arch x86_64 -mmacosx-version-min=11.0 -Wno-error=asm-operand-widths -I/Users/runner/work/ffmpeg-build/ffmpeg-build/vulkan-headers/include -std=c17 -Werror=partial-availability -fno-common -fomit-frame-pointer -fPIC -I/usr/local/Cellar/libx11/1.8.13/include -I/usr/local/Cellar/xorgproto/2025.1/include -I/usr/local/Cellar/libxcb/1.17.0/include -I/usr/local/Cellar/libxau/1.0.12/include -I/usr/local/Cellar/libxdmcp/1.1.5/include -I/usr/local/Cellar/libxext/1.3.7/include -I/usr/local/Cellar/xorgproto/2025.1/include -I/usr/local/Cellar/libx11/1.8.13/include -I/usr/local/Cellar/libxcb/1.17.0/include -I/usr/local/Cellar/libxau/1.0.12/include -I/usr/local/Cellar/libxdmcp/1.1.5/include -pthread -I/usr/local/Cellar/libxcb/1.17.0/include -I/usr/local/Cellar/libxau/1.0.12/include -I/usr/local/Cellar/libxdmcp/1.1.5/include -I/usr/local/Cellar/xorgproto/2025.1/include -I/usr/local/Cellar/libxcb/1.17.0/include -I/usr/local/Cellar/libxau/1.0.12/include -I/usr/local/Cellar/libxdmcp/1.1.5/include -I/usr/local/Cellar/xorgproto/2025.1/include -I/usr/local/Cellar/libxcb/1.17.0/include -I/usr/local/Cellar/libxau/1.0.12/include -I/usr/local/Cellar/libxdmcp/1.1.5/include -I/usr/local/Cellar/xorgproto/2025.1/include -I/usr/local/Cellar/libxcb/1.17.0/include -I/usr/local/Cellar/libxau/1.0.12/include -I/usr/local/Cellar/libxdmcp/1.1.5/include -I/usr/local/Cellar/xorgproto/2025.1/include -g -Wall -Wdisabled-optimization -Wpointer-arith -Wredundant-decls -Wwrite-strings -Wtype-limits -Wundef -Wempty-body -Wmissing-prototypes -Wstrict-prototypes -Wno-parentheses -Wno-switch -Wno-format-zero-length -Wno-pointer-sign -Wno-unused-const-variable -Wno-bool-operation -Wno-char-subscripts -Werror=unused-command-line-argument -Werror=unknown-warning-option -Wimplicit-const-int-float-conversion -c -o /var/folders/rv/fj31z1cj3j39vd6c2s012n7h0000gn/T//ffconf.JMIT29EY/test.o /var/folders/rv/fj31z1cj3j39vd6c2s012n7h0000gn/T//ffconf.JMIT29EY/test.c
test_cxxflags -Werror -Werror=unused-command-line-argument -Werror=unknown-warning-option -Wimplicit-const-int-float-conversion
test_cxx -Werror -Werror=unused-command-line-argument -Werror=unknown-warning-option -Wimplicit-const-int-float-conversion
BEGIN /var/folders/rv/fj31z1cj3j39vd6c2s012n7h0000gn/T//ffconf.JMIT29EY/test.cpp
    1	int x;
END /var/folders/rv/fj31z1cj3j39vd6c2s012n7h0000gn/T//ffconf.JMIT29EY/test.cpp
g++ -D_ISOC11_SOURCE -D_FILE_OFFSET_BITS=64 -D_LARGEFILE_SOURCE -I$(SRC_PATH)/compat/dispatch_semaphore -DPIC -D__STDC_CONSTANT_MACROS -std=c++17 -Werror=partial-availability -fomit-frame-pointer -fPIC -pthread -g -Wall -Wdisabled-optimization -Wpointer-arith -Wredundant-decls -Wwrite-strings -Wtype-limits -Wundef -Wempty-body -Wno-parentheses -Wno-switch -Wno-format-zero-length -Wno-pointer-sign -Wno-unused-const-variable -Wno-bool-operation -Wno-char-subscripts -Werror -Werror=unused-command-line-argument -Werror=unknown-warning-option -Wimplicit-const-int-float-conversion -c -o /var/folders/rv/fj31z1cj3j39vd6c2s012n7h0000gn/T//ffconf.JMIT29EY/test.o /var/folders/rv/fj31z1cj3j39vd6c2s012n7h0000gn/T//ffconf.JMIT29EY/test.cpp
test_objcflags -Werror=unused-command-line-argument -Werror=unknown-warning-option -Wimplicit-const-int-float-conversion
test_objcc -Werror=unused-command-line-argument -Werror=unknown-warning-option -Wimplicit-const-int-float-conversion
BEGIN /var/folders/rv/fj31z1cj3j39vd6c2s012n7h0000gn/T//ffconf.JMIT29EY/test.m
    1	int x;
END /var/folders/rv/fj31z1cj3j39vd6c2s012n7h0000gn/T//ffconf.JMIT29EY/test.m
gcc -Werror=missing-prototypes -D_ISOC11_SOURCE -D_FILE_OFFSET_BITS=64 -D_LARGEFILE_SOURCE -I$(SRC_PATH)/compat/dispatch_semaphore -DPIC -fPIC -arch x86_64 -mmacosx-version-min=11.0 -Wno-error=asm-operand-widths -I/Users/runner/work/ffmpeg-build/ffmpeg-build/vulkan-headers/include -std=c17 -Werror=partial-availability -fno-common -fomit-frame-pointer -fPIC -I/usr/local/Cellar/libx11/1.8.13/include -I/usr/local/Cellar/xorgproto/2025.1/include -I/usr/local/Cellar/libxcb/1.17.0/include -I/usr/local/Cellar/libxau/1.0.12/include -I/usr/local/Cellar/libxdmcp/1.1.5/include -I/usr/local/Cellar/libxext/1.3.7/include -I/usr/local/Cellar/xorgproto/2025.1/include -I/usr/local/Cellar/libx11/1.8.13/include -I/usr/local/Cellar/libxcb/1.17.0/include -I/usr/local/Cellar/libxau/1.0.12/include -I/usr/local/Cellar/libxdmcp/1.1.5/include -pthread -I/usr/local/Cellar/libxcb/1.17.0/include -I/usr/local/Cellar/libxau/1.0.12/include -I/usr/local/Cellar/libxdmcp/1.1.5/include -I/usr/local/Cellar/xorgproto/2025.1/include -I/usr/local/Cellar/libxcb/1.17.0/include -I/usr/local/Cellar/libxau/1.0.12/include -I/usr/local/Cellar/libxdmcp/1.1.5/include -I/usr/local/Cellar/xorgproto/2025.1/include -I/usr/local/Cellar/libxcb/1.17.0/include -I/usr/local/Cellar/libxau/1.0.12/include -I/usr/local/Cellar/libxdmcp/1.1.5/include -I/usr/local/Cellar/xorgproto/2025.1/include -I/usr/local/Cellar/libxcb/1.17.0/include -I/usr/local/Cellar/libxau/1.0.12/include -I/usr/local/Cellar/libxdmcp/1.1.5/include -I/usr/local/Cellar/xorgproto/2025.1/include -g -Wall -Wdisabled-optimization -Wpointer-arith -Wredundant-decls -Wwrite-strings -Wtype-limits -Wundef -Wempty-body -Wmissing-prototypes -Wstrict-prototypes -Wno-parentheses -Wno-switch -Wno-format-zero-length -Wno-pointer-sign -Wno-unused-const-variable -Wno-bool-operation -Wno-char-subscripts -Wno-implicit-const-int-float-conversion -Werror=partial-availability -fomit-frame-pointer -fPIC -pthread -g -Wall -Wdisabled-optimization -Wpointer-arith -Wredundant-decls -Wwrite-strings -Wtype-limits -Wundef -Wempty-body -Wno-parentheses -Wno-switch -Wno-format-zero-length -Wno-pointer-sign -Wno-unused-const-variable -Wno-bool-operation -Wno-char-subscripts -Werror=unused-command-line-argument -Werror=unknown-warning-option -Wimplicit-const-int-float-conversion -c -o /var/folders/rv/fj31z1cj3j39vd6c2s012n7h0000gn/T//ffconf.JMIT29EY/test.o /var/folders/rv/fj31z1cj3j39vd6c2s012n7h0000gn/T//ffconf.JMIT29EY/test.m
test_cflags -Werror=unused-command-line-argument -Werror=unknown-warning-option -Wmicrosoft-enum-forward-reference
test_cc -Werror=unused-command-line-argument -Werror=unknown-warning-option -Wmicrosoft-enum-forward-reference
BEGIN /var/folders/rv/fj31z1cj3j39vd6c2s012n7h0000gn/T//ffconf.JMIT29EY/test.c
    1	int x;
END /var/folders/rv/fj31z1cj3j39vd6c2s012n7h0000gn/T//ffconf.JMIT29EY/test.c
gcc -D_ISOC11_SOURCE -D_FILE_OFFSET_BITS=64 -D_LARGEFILE_SOURCE -I$(SRC_PATH)/compat/dispatch_semaphore -DPIC -fPIC -arch x86_64 -mmacosx-version-min=11.0 -Wno-error=asm-operand-widths -I/Users/runner/work/ffmpeg-build/ffmpeg-build/vulkan-headers/include -std=c17 -Werror=partial-availability -fno-common -fomit-frame-pointer -fPIC -I/usr/local/Cellar/libx11/1.8.13/include -I/usr/local/Cellar/xorgproto/2025.1/include -I/usr/local/Cellar/libxcb/1.17.0/include -I/usr/local/Cellar/libxau/1.0.12/include -I/usr/local/Cellar/libxdmcp/1.1.5/include -I/usr/local/Cellar/libxext/1.3.7/include -I/usr/local/Cellar/xorgproto/2025.1/include -I/usr/local/Cellar/libx11/1.8.13/include -I/usr/local/Cellar/libxcb/1.17.0/include -I/usr/local/Cellar/libxau/1.0.12/include -I/usr/local/Cellar/libxdmcp/1.1.5/include -pthread -I/usr/local/Cellar/libxcb/1.17.0/include -I/usr/local/Cellar/libxau/1.0.12/include -I/usr/local/Cellar/libxdmcp/1.1.5/include -I/usr/local/Cellar/xorgproto/2025.1/include -I/usr/local/Cellar/libxcb/1.17.0/include -I/usr/local/Cellar/libxau/1.0.12/include -I/usr/local/Cellar/libxdmcp/1.1.5/include -I/usr/local/Cellar/xorgproto/2025.1/include -I/usr/local/Cellar/libxcb/1.17.0/include -I/usr/local/Cellar/libxau/1.0.12/include -I/usr/local/Cellar/libxdmcp/1.1.5/include -I/usr/local/Cellar/xorgproto/2025.1/include -I/usr/local/Cellar/libxcb/1.17.0/include -I/usr/local/Cellar/libxau/1.0.12/include -I/usr/local/Cellar/libxdmcp/1.1.5/include -I/usr/local/Cellar/xorgproto/2025.1/include -g -Wall -Wdisabled-optimization -Wpointer-arith -Wredundant-decls -Wwrite-strings -Wtype-limits -Wundef -Wempty-body -Wmissing-prototypes -Wstrict-prototypes -Wno-parentheses -Wno-switch -Wno-format-zero-length -Wno-pointer-sign -Wno-unused-const-variable -Wno-bool-operation -Wno-char-subscripts -Wno-implicit-const-int-float-conversion -Werror=unused-command-line-argument -Werror=unknown-warning-option -Wmicrosoft-enum-forward-reference -c -o /var/folders/rv/fj31z1cj3j39vd6c2s012n7h0000gn/T//ffconf.JMIT29EY/test.o /var/folders/rv/fj31z1cj3j39vd6c2s012n7h0000gn/T//ffconf.JMIT29EY/test.c
test_cxxflags -Werror -Werror=unused-command-line-argument -Werror=unknown-warning-option -Wmicrosoft-enum-forward-reference
test_cxx -Werror -Werror=unused-command-line-argument -Werror=unknown-warning-option -Wmicrosoft-enum-forward-reference
BEGIN /var/folders/rv/fj31z1cj3j39vd6c2s012n7h0000gn/T//ffconf.JMIT29EY/test.cpp
    1	int x;
END /var/folders/rv/fj31z1cj3j39vd6c2s012n7h0000gn/T//ffconf.JMIT29EY/test.cpp
g++ -D_ISOC11_SOURCE -D_FILE_OFFSET_BITS=64 -D_LARGEFILE_SOURCE -I$(SRC_PATH)/compat/dispatch_semaphore -DPIC -D__STDC_CONSTANT_MACROS -std=c++17 -Werror=partial-availability -fomit-frame-pointer -fPIC -pthread -g -Wall -Wdisabled-optimization -Wpointer-arith -Wredundant-decls -Wwrite-strings -Wtype-limits -Wundef -Wempty-body -Wno-parentheses -Wno-switch -Wno-format-zero-length -Wno-pointer-sign -Wno-unused-const-variable -Wno-bool-operation -Wno-char-subscripts -Wno-implicit-const-int-float-conversion -Werror -Werror=unused-command-line-argument -Werror=unknown-warning-option -Wmicrosoft-enum-forward-reference -c -o /var/folders/rv/fj31z1cj3j39vd6c2s012n7h0000gn/T//ffconf.JMIT29EY/test.o /var/folders/rv/fj31z1cj3j39vd6c2s012n7h0000gn/T//ffconf.JMIT29EY/test.cpp
test_objcflags -Werror=unused-command-line-argument -Werror=unknown-warning-option -Wmicrosoft-enum-forward-reference
test_objcc -Werror=unused-command-line-argument -Werror=unknown-warning-option -Wmicrosoft-enum-forward-reference
BEGIN /var/folders/rv/fj31z1cj3j39vd6c2s012n7h0000gn/T//ffconf.JMIT29EY/test.m
    1	int x;
END /var/folders/rv/fj31z1cj3j39vd6c2s012n7h0000gn/T//ffconf.JMIT29EY/test.m
gcc -Werror=missing-prototypes -D_ISOC11_SOURCE -D_FILE_OFFSET_BITS=64 -D_LARGEFILE_SOURCE -I$(SRC_PATH)/compat/dispatch_semaphore -DPIC -fPIC -arch x86_64 -mmacosx-version-min=11.0 -Wno-error=asm-operand-widths -I/Users/runner/work/ffmpeg-build/ffmpeg-build/vulkan-headers/include -std=c17 -Werror=partial-availability -fno-common -fomit-frame-pointer -fPIC -I/usr/local/Cellar/libx11/1.8.13/include -I/usr/local/Cellar/xorgproto/2025.1/include -I/usr/local/Cellar/libxcb/1.17.0/include -I/usr/local/Cellar/libxau/1.0.12/include -I/usr/local/Cellar/libxdmcp/1.1.5/include -I/usr/local/Cellar/libxext/1.3.7/include -I/usr/local/Cellar/xorgproto/2025.1/include -I/usr/local/Cellar/libx11/1.8.13/include -I/usr/local/Cellar/libxcb/1.17.0/include -I/usr/local/Cellar/libxau/1.0.12/include -I/usr/local/Cellar/libxdmcp/1.1.5/include -pthread -I/usr/local/Cellar/libxcb/1.17.0/include -I/usr/local/Cellar/libxau/1.0.12/include -I/usr/local/Cellar/libxdmcp/1.1.5/include -I/usr/local/Cellar/xorgproto/2025.1/include -I/usr/local/Cellar/libxcb/1.17.0/include -I/usr/local/Cellar/libxau/1.0.12/include -I/usr/local/Cellar/libxdmcp/1.1.5/include -I/usr/local/Cellar/xorgproto/2025.1/include -I/usr/local/Cellar/libxcb/1.17.0/include -I/usr/local/Cellar/libxau/1.0.12/include -I/usr/local/Cellar/libxdmcp/1.1.5/include -I/usr/local/Cellar/xorgproto/2025.1/include -I/usr/local/Cellar/libxcb/1.17.0/include -I/usr/local/Cellar/libxau/1.0.12/include -I/usr/local/Cellar/libxdmcp/1.1.5/include -I/usr/local/Cellar/xorgproto/2025.1/include -g -Wall -Wdisabled-optimization -Wpointer-arith -Wredundant-decls -Wwrite-strings -Wtype-limits -Wundef -Wempty-body -Wmissing-prototypes -Wstrict-prototypes -Wno-parentheses -Wno-switch -Wno-format-zero-length -Wno-pointer-sign -Wno-unused-const-variable -Wno-bool-operation -Wno-char-subscripts -Wno-implicit-const-int-float-conversion -Wno-microsoft-enum-forward-reference -Werror=partial-availability -fomit-frame-pointer -fPIC -pthread -g -Wall -Wdisabled-optimization -Wpointer-arith -Wredundant-decls -Wwrite-strings -Wtype-limits -Wundef -Wempty-body -Wno-parentheses -Wno-switch -Wno-format-zero-length -Wno-pointer-sign -Wno-unused-const-variable -Wno-bool-operation -Wno-char-subscripts -Wno-implicit-const-int-float-conversion -Werror=unused-command-line-argument -Werror=unknown-warning-option -Wmicrosoft-enum-forward-reference -c -o /var/folders/rv/fj31z1cj3j39vd6c2s012n7h0000gn/T//ffconf.JMIT29EY/test.o /var/folders/rv/fj31z1cj3j39vd6c2s012n7h0000gn/T//ffconf.JMIT29EY/test.m
test_cflags -Werror=unused-command-line-argument -Werror=unknown-warning-option -Wdeprecated-declarations
test_cc -Werror=unused-command-line-argument -Werror=unknown-warning-option -Wdeprecated-declarations
BEGIN /var/folders/rv/fj31z1cj3j39vd6c2s012n7h0000gn/T//ffconf.JMIT29EY/test.c
    1	int x;
END /var/folders/rv/fj31z1cj3j39vd6c2s012n7h0000gn/T//ffconf.JMIT29EY/test.c
gcc -D_ISOC11_SOURCE -D_FILE_OFFSET_BITS=64 -D_LARGEFILE_SOURCE -I$(SRC_PATH)/compat/dispatch_semaphore -DPIC -fPIC -arch x86_64 -mmacosx-version-min=11.0 -Wno-error=asm-operand-widths -I/Users/runner/work/ffmpeg-build/ffmpeg-build/vulkan-headers/include -std=c17 -Werror=partial-availability -fno-common -fomit-frame-pointer -fPIC -I/usr/local/Cellar/libx11/1.8.13/include -I/usr/local/Cellar/xorgproto/2025.1/include -I/usr/local/Cellar/libxcb/1.17.0/include -I/usr/local/Cellar/libxau/1.0.12/include -I/usr/local/Cellar/libxdmcp/1.1.5/include -I/usr/local/Cellar/libxext/1.3.7/include -I/usr/local/Cellar/xorgproto/2025.1/include -I/usr/local/Cellar/libx11/1.8.13/include -I/usr/local/Cellar/libxcb/1.17.0/include -I/usr/local/Cellar/libxau/1.0.12/include -I/usr/local/Cellar/libxdmcp/1.1.5/include -pthread -I/usr/local/Cellar/libxcb/1.17.0/include -I/usr/local/Cellar/libxau/1.0.12/include -I/usr/local/Cellar/libxdmcp/1.1.5/include -I/usr/local/Cellar/xorgproto/2025.1/include -I/usr/local/Cellar/libxcb/1.17.0/include -I/usr/local/Cellar/libxau/1.0.12/include -I/usr/local/Cellar/libxdmcp/1.1.5/include -I/usr/local/Cellar/xorgproto/2025.1/include -I/usr/local/Cellar/libxcb/1.17.0/include -I/usr/local/Cellar/libxau/1.0.12/include -I/usr/local/Cellar/libxdmcp/1.1.5/include -I/usr/local/Cellar/xorgproto/2025.1/include -I/usr/local/Cellar/libxcb/1.17.0/include -I/usr/local/Cellar/libxau/1.0.12/include -I/usr/local/Cellar/libxdmcp/1.1.5/include -I/usr/local/Cellar/xorgproto/2025.1/include -g -Wall -Wdisabled-optimization -Wpointer-arith -Wredundant-decls -Wwrite-strings -Wtype-limits -Wundef -Wempty-body -Wmissing-prototypes -Wstrict-prototypes -Wno-parentheses -Wno-switch -Wno-format-zero-length -Wno-pointer-sign -Wno-unused-const-variable -Wno-bool-operation -Wno-char-subscripts -Wno-implicit-const-int-float-conversion -Wno-microsoft-enum-forward-reference -Werror=unused-command-line-argument -Werror=unknown-warning-option -Wdeprecated-declarations -c -o /var/folders/rv/fj31z1cj3j39vd6c2s012n7h0000gn/T//ffconf.JMIT29EY/test.o /var/folders/rv/fj31z1cj3j39vd6c2s012n7h0000gn/T//ffconf.JMIT29EY/test.c
test_cflags -Werror=unused-command-line-argument -Werror=unknown-warning-option -Wunused-variable
test_cc -Werror=unused-command-line-argument -Werror=unknown-warning-option -Wunused-variable
BEGIN /var/folders/rv/fj31z1cj3j39vd6c2s012n7h0000gn/T//ffconf.JMIT29EY/test.c
    1	int x;
END /var/folders/rv/fj31z1cj3j39vd6c2s012n7h0000gn/T//ffconf.JMIT29EY/test.c
gcc -D_ISOC11_SOURCE -D_FILE_OFFSET_BITS=64 -D_LARGEFILE_SOURCE -I$(SRC_PATH)/compat/dispatch_semaphore -DPIC -fPIC -arch x86_64 -mmacosx-version-min=11.0 -Wno-error=asm-operand-widths -I/Users/runner/work/ffmpeg-build/ffmpeg-build/vulkan-headers/include -std=c17 -Werror=partial-availability -fno-common -fomit-frame-pointer -fPIC -I/usr/local/Cellar/libx11/1.8.13/include -I/usr/local/Cellar/xorgproto/2025.1/include -I/usr/local/Cellar/libxcb/1.17.0/include -I/usr/local/Cellar/libxau/1.0.12/include -I/usr/local/Cellar/libxdmcp/1.1.5/include -I/usr/local/Cellar/libxext/1.3.7/include -I/usr/local/Cellar/xorgproto/2025.1/include -I/usr/local/Cellar/libx11/1.8.13/include -I/usr/local/Cellar/libxcb/1.17.0/include -I/usr/local/Cellar/libxau/1.0.12/include -I/usr/local/Cellar/libxdmcp/1.1.5/include -pthread -I/usr/local/Cellar/libxcb/1.17.0/include -I/usr/local/Cellar/libxau/1.0.12/include -I/usr/local/Cellar/libxdmcp/1.1.5/include -I/usr/local/Cellar/xorgproto/2025.1/include -I/usr/local/Cellar/libxcb/1.17.0/include -I/usr/local/Cellar/libxau/1.0.12/include -I/usr/local/Cellar/libxdmcp/1.1.5/include -I/usr/local/Cellar/xorgproto/2025.1/include -I/usr/local/Cellar/libxcb/1.17.0/include -I/usr/local/Cellar/libxau/1.0.12/include -I/usr/local/Cellar/libxdmcp/1.1.5/include -I/usr/local/Cellar/xorgproto/2025.1/include -I/usr/local/Cellar/libxcb/1.17.0/include -I/usr/local/Cellar/libxau/1.0.12/include -I/usr/local/Cellar/libxdmcp/1.1.5/include -I/usr/local/Cellar/xorgproto/2025.1/include -g -Wall -Wdisabled-optimization -Wpointer-arith -Wredundant-decls -Wwrite-strings -Wtype-limits -Wundef -Wempty-body -Wmissing-prototypes -Wstrict-prototypes -Wno-parentheses -Wno-switch -Wno-format-zero-length -Wno-pointer-sign -Wno-unused-const-variable -Wno-bool-operation -Wno-char-subscripts -Wno-implicit-const-int-float-conversion -Wno-microsoft-enum-forward-reference -Werror=unused-command-line-argument -Werror=unknown-warning-option -Wunused-variable -c -o /var/folders/rv/fj31z1cj3j39vd6c2s012n7h0000gn/T//ffconf.JMIT29EY/test.o /var/folders/rv/fj31z1cj3j39vd6c2s012n7h0000gn/T//ffconf.JMIT29EY/test.c
test_cc
BEGIN /var/folders/rv/fj31z1cj3j39vd6c2s012n7h0000gn/T//ffconf.JMIT29EY/test.c
    1	void (^block)(void);
END /var/folders/rv/fj31z1cj3j39vd6c2s012n7h0000gn/T//ffconf.JMIT29EY/test.c
gcc -D_ISOC11_SOURCE -D_FILE_OFFSET_BITS=64 -D_LARGEFILE_SOURCE -I$(SRC_PATH)/compat/dispatch_semaphore -DPIC -fPIC -arch x86_64 -mmacosx-version-min=11.0 -Wno-error=asm-operand-widths -I/Users/runner/work/ffmpeg-build/ffmpeg-build/vulkan-headers/include -std=c17 -Werror=partial-availability -fno-common -fomit-frame-pointer -fPIC -I/usr/local/Cellar/libx11/1.8.13/include -I/usr/local/Cellar/xorgproto/2025.1/include -I/usr/local/Cellar/libxcb/1.17.0/include -I/usr/local/Cellar/libxau/1.0.12/include -I/usr/local/Cellar/libxdmcp/1.1.5/include -I/usr/local/Cellar/libxext/1.3.7/include -I/usr/local/Cellar/xorgproto/2025.1/include -I/usr/local/Cellar/libx11/1.8.13/include -I/usr/local/Cellar/libxcb/1.17.0/include -I/usr/local/Cellar/libxau/1.0.12/include -I/usr/local/Cellar/libxdmcp/1.1.5/include -pthread -I/usr/local/Cellar/libxcb/1.17.0/include -I/usr/local/Cellar/libxau/1.0.12/include -I/usr/local/Cellar/libxdmcp/1.1.5/include -I/usr/local/Cellar/xorgproto/2025.1/include -I/usr/local/Cellar/libxcb/1.17.0/include -I/usr/local/Cellar/libxau/1.0.12/include -I/usr/local/Cellar/libxdmcp/1.1.5/include -I/usr/local/Cellar/xorgproto/2025.1/include -I/usr/local/Cellar/libxcb/1.17.0/include -I/usr/local/Cellar/libxau/1.0.12/include -I/usr/local/Cellar/libxdmcp/1.1.5/include -I/usr/local/Cellar/xorgproto/2025.1/include -I/usr/local/Cellar/libxcb/1.17.0/include -I/usr/local/Cellar/libxau/1.0.12/include -I/usr/local/Cellar/libxdmcp/1.1.5/include -I/usr/local/Cellar/xorgproto/2025.1/include -g -Wall -Wdisabled-optimization -Wpointer-arith -Wredundant-decls -Wwrite-strings -Wtype-limits -Wundef -Wempty-body -Wmissing-prototypes -Wstrict-prototypes -Wno-parentheses -Wno-switch -Wno-format-zero-length -Wno-pointer-sign -Wno-unused-const-variable -Wno-bool-operation -Wno-char-subscripts -Wno-implicit-const-int-float-conversion -Wno-microsoft-enum-forward-reference -c -o /var/folders/rv/fj31z1cj3j39vd6c2s012n7h0000gn/T//ffconf.JMIT29EY/test.o /var/folders/rv/fj31z1cj3j39vd6c2s012n7h0000gn/T//ffconf.JMIT29EY/test.c
check_ldflags -Wl,-rpath-link=:libswresample:libswscale:libavfilter:libavdevice:libavformat:libavcodec:libavutil
test_ldflags -Wl,-rpath-link=:libswresample:libswscale:libavfilter:libavdevice:libavformat:libavcodec:libavutil
test_ld cc -Wl,-rpath-link=:libswresample:libswscale:libavfilter:libavdevice:libavformat:libavcodec:libavutil
test_cc -Wl,-rpath-link=:libswresample:libswscale:libavfilter:libavdevice:libavformat:libavcodec:libavutil
BEGIN /var/folders/rv/fj31z1cj3j39vd6c2s012n7h0000gn/T//ffconf.JMIT29EY/test.c
    1	int main(void){ return 0; }
END /var/folders/rv/fj31z1cj3j39vd6c2s012n7h0000gn/T//ffconf.JMIT29EY/test.c
gcc -D_ISOC11_SOURCE -D_FILE_OFFSET_BITS=64 -D_LARGEFILE_SOURCE -I$(SRC_PATH)/compat/dispatch_semaphore -DPIC -fPIC -arch x86_64 -mmacosx-version-min=11.0 -Wno-error=asm-operand-widths -I/Users/runner/work/ffmpeg-build/ffmpeg-build/vulkan-headers/include -std=c17 -Werror=partial-availability -fno-common -fomit-frame-pointer -fPIC -I/usr/local/Cellar/libx11/1.8.13/include -I/usr/local/Cellar/xorgproto/2025.1/include -I/usr/local/Cellar/libxcb/1.17.0/include -I/usr/local/Cellar/libxau/1.0.12/include -I/usr/local/Cellar/libxdmcp/1.1.5/include -I/usr/local/Cellar/libxext/1.3.7/include -I/usr/local/Cellar/xorgproto/2025.1/include -I/usr/local/Cellar/libx11/1.8.13/include -I/usr/local/Cellar/libxcb/1.17.0/include -I/usr/local/Cellar/libxau/1.0.12/include -I/usr/local/Cellar/libxdmcp/1.1.5/include -pthread -I/usr/local/Cellar/libxcb/1.17.0/include -I/usr/local/Cellar/libxau/1.0.12/include -I/usr/local/Cellar/libxdmcp/1.1.5/include -I/usr/local/Cellar/xorgproto/2025.1/include -I/usr/local/Cellar/libxcb/1.17.0/include -I/usr/local/Cellar/libxau/1.0.12/include -I/usr/local/Cellar/libxdmcp/1.1.5/include -I/usr/local/Cellar/xorgproto/2025.1/include -I/usr/local/Cellar/libxcb/1.17.0/include -I/usr/local/Cellar/libxau/1.0.12/include -I/usr/local/Cellar/libxdmcp/1.1.5/include -I/usr/local/Cellar/xorgproto/2025.1/include -I/usr/local/Cellar/libxcb/1.17.0/include -I/usr/local/Cellar/libxau/1.0.12/include -I/usr/local/Cellar/libxdmcp/1.1.5/include -I/usr/local/Cellar/xorgproto/2025.1/include -g -Wall -Wdisabled-optimization -Wpointer-arith -Wredundant-decls -Wwrite-strings -Wtype-limits -Wundef -Wempty-body -Wmissing-prototypes -Wstrict-prototypes -Wno-parentheses -Wno-switch -Wno-format-zero-length -Wno-pointer-sign -Wno-unused-const-variable -Wno-bool-operation -Wno-char-subscripts -Wno-implicit-const-int-float-conversion -Wno-microsoft-enum-forward-reference -Wl,-rpath-link=:libswresample:libswscale:libavfilter:libavdevice:libavformat:libavcodec:libavutil -c -o /var/folders/rv/fj31z1cj3j39vd6c2s012n7h0000gn/T//ffconf.JMIT29EY/test.o /var/folders/rv/fj31z1cj3j39vd6c2s012n7h0000gn/T//ffconf.JMIT29EY/test.c
clang: warning: -Wl,-rpath-link=:libswresample:libswscale:libavfilter:libavdevice:libavformat:libavcodec:libavutil: 'linker' input unused [-Wunused-command-line-argument]
gcc -arch x86_64 -mmacosx-version-min=11.0 -Wl,-dynamic,-search_paths_first -Wl,-no_warn_duplicate_libraries -Wl,-rpath-link=:libswresample:libswscale:libavfilter:libavdevice:libavformat:libavcodec:libavutil -o /var/folders/rv/fj31z1cj3j39vd6c2s012n7h0000gn/T//ffconf.JMIT29EY/test /var/folders/rv/fj31z1cj3j39vd6c2s012n7h0000gn/T//ffconf.JMIT29EY/test.o
ld: unknown options: -rpath-link=:libswresample:libswscale:libavfilter:libavdevice:libavformat:libavcodec:libavutil 
clang: error: linker command failed with exit code 1 (use -v to see invocation)
test_ldflags -Wl,-Bsymbolic
test_ld cc -Wl,-Bsymbolic
test_cc -Wl,-Bsymbolic
BEGIN /var/folders/rv/fj31z1cj3j39vd6c2s012n7h0000gn/T//ffconf.JMIT29EY/test.c
    1	int main(void){ return 0; }
END /var/folders/rv/fj31z1cj3j39vd6c2s012n7h0000gn/T//ffconf.JMIT29EY/test.c
gcc -D_ISOC11_SOURCE -D_FILE_OFFSET_BITS=64 -D_LARGEFILE_SOURCE -I$(SRC_PATH)/compat/dispatch_semaphore -DPIC -fPIC -arch x86_64 -mmacosx-version-min=11.0 -Wno-error=asm-operand-widths -I/Users/runner/work/ffmpeg-build/ffmpeg-build/vulkan-headers/include -std=c17 -Werror=partial-availability -fno-common -fomit-frame-pointer -fPIC -I/usr/local/Cellar/libx11/1.8.13/include -I/usr/local/Cellar/xorgproto/2025.1/include -I/usr/local/Cellar/libxcb/1.17.0/include -I/usr/local/Cellar/libxau/1.0.12/include -I/usr/local/Cellar/libxdmcp/1.1.5/include -I/usr/local/Cellar/libxext/1.3.7/include -I/usr/local/Cellar/xorgproto/2025.1/include -I/usr/local/Cellar/libx11/1.8.13/include -I/usr/local/Cellar/libxcb/1.17.0/include -I/usr/local/Cellar/libxau/1.0.12/include -I/usr/local/Cellar/libxdmcp/1.1.5/include -pthread -I/usr/local/Cellar/libxcb/1.17.0/include -I/usr/local/Cellar/libxau/1.0.12/include -I/usr/local/Cellar/libxdmcp/1.1.5/include -I/usr/local/Cellar/xorgproto/2025.1/include -I/usr/local/Cellar/libxcb/1.17.0/include -I/usr/local/Cellar/libxau/1.0.12/include -I/usr/local/Cellar/libxdmcp/1.1.5/include -I/usr/local/Cellar/xorgproto/2025.1/include -I/usr/local/Cellar/libxcb/1.17.0/include -I/usr/local/Cellar/libxau/1.0.12/include -I/usr/local/Cellar/libxdmcp/1.1.5/include -I/usr/local/Cellar/xorgproto/2025.1/include -I/usr/local/Cellar/libxcb/1.17.0/include -I/usr/local/Cellar/libxau/1.0.12/include -I/usr/local/Cellar/libxdmcp/1.1.5/include -I/usr/local/Cellar/xorgproto/2025.1/include -g -Wall -Wdisabled-optimization -Wpointer-arith -Wredundant-decls -Wwrite-strings -Wtype-limits -Wundef -Wempty-body -Wmissing-prototypes -Wstrict-prototypes -Wno-parentheses -Wno-switch -Wno-format-zero-length -Wno-pointer-sign -Wno-unused-const-variable -Wno-bool-operation -Wno-char-subscripts -Wno-implicit-const-int-float-conversion -Wno-microsoft-enum-forward-reference -Wl,-Bsymbolic -c -o /var/folders/rv/fj31z1cj3j39vd6c2s012n7h0000gn/T//ffconf.JMIT29EY/test.o /var/folders/rv/fj31z1cj3j39vd6c2s012n7h0000gn/T//ffconf.JMIT29EY/test.c
clang: warning: -Wl,-Bsymbolic: 'linker' input unused [-Wunused-command-line-argument]
gcc -arch x86_64 -mmacosx-version-min=11.0 -Wl,-dynamic,-search_paths_first -Wl,-no_warn_duplicate_libraries -Wl,-Bsymbolic -o /var/folders/rv/fj31z1cj3j39vd6c2s012n7h0000gn/T//ffconf.JMIT29EY/test /var/folders/rv/fj31z1cj3j39vd6c2s012n7h0000gn/T//ffconf.JMIT29EY/test.o
ld: unknown options: -Bsymbolic 
clang: error: linker command failed with exit code 1 (use -v to see invocation)
check_stripflags -x
test_stripflags -x
test_cc
BEGIN /var/folders/rv/fj31z1cj3j39vd6c2s012n7h0000gn/T//ffconf.JMIT29EY/test.c
    1	int main(void) { return 0; }
END /var/folders/rv/fj31z1cj3j39vd6c2s012n7h0000gn/T//ffconf.JMIT29EY/test.c
gcc -D_ISOC11_SOURCE -D_FILE_OFFSET_BITS=64 -D_LARGEFILE_SOURCE -I$(SRC_PATH)/compat/dispatch_semaphore -DPIC -fPIC -arch x86_64 -mmacosx-version-min=11.0 -Wno-error=asm-operand-widths -I/Users/runner/work/ffmpeg-build/ffmpeg-build/vulkan-headers/include -std=c17 -Werror=partial-availability -fno-common -fomit-frame-pointer -fPIC -I/usr/local/Cellar/libx11/1.8.13/include -I/usr/local/Cellar/xorgproto/2025.1/include -I/usr/local/Cellar/libxcb/1.17.0/include -I/usr/local/Cellar/libxau/1.0.12/include -I/usr/local/Cellar/libxdmcp/1.1.5/include -I/usr/local/Cellar/libxext/1.3.7/include -I/usr/local/Cellar/xorgproto/2025.1/include -I/usr/local/Cellar/libx11/1.8.13/include -I/usr/local/Cellar/libxcb/1.17.0/include -I/usr/local/Cellar/libxau/1.0.12/include -I/usr/local/Cellar/libxdmcp/1.1.5/include -pthread -I/usr/local/Cellar/libxcb/1.17.0/include -I/usr/local/Cellar/libxau/1.0.12/include -I/usr/local/Cellar/libxdmcp/1.1.5/include -I/usr/local/Cellar/xorgproto/2025.1/include -I/usr/local/Cellar/libxcb/1.17.0/include -I/usr/local/Cellar/libxau/1.0.12/include -I/usr/local/Cellar/libxdmcp/1.1.5/include -I/usr/local/Cellar/xorgproto/2025.1/include -I/usr/local/Cellar/libxcb/1.17.0/include -I/usr/local/Cellar/libxau/1.0.12/include -I/usr/local/Cellar/libxdmcp/1.1.5/include -I/usr/local/Cellar/xorgproto/2025.1/include -I/usr/local/Cellar/libxcb/1.17.0/include -I/usr/local/Cellar/libxau/1.0.12/include -I/usr/local/Cellar/libxdmcp/1.1.5/include -I/usr/local/Cellar/xorgproto/2025.1/include -g -Wall -Wdisabled-optimization -Wpointer-arith -Wredundant-decls -Wwrite-strings -Wtype-limits -Wundef -Wempty-body -Wmissing-prototypes -Wstrict-prototypes -Wno-parentheses -Wno-switch -Wno-format-zero-length -Wno-pointer-sign -Wno-unused-const-variable -Wno-bool-operation -Wno-char-subscripts -Wno-implicit-const-int-float-conversion -Wno-microsoft-enum-forward-reference -c -o /var/folders/rv/fj31z1cj3j39vd6c2s012n7h0000gn/T//ffconf.JMIT29EY/test.o /var/folders/rv/fj31z1cj3j39vd6c2s012n7h0000gn/T//ffconf.JMIT29EY/test.c
strip -x -x /var/folders/rv/fj31z1cj3j39vd6c2s012n7h0000gn/T//ffconf.JMIT29EY/test.o
check_ld cc proper_dce
test_ld cc
test_cc
BEGIN /var/folders/rv/fj31z1cj3j39vd6c2s012n7h0000gn/T//ffconf.JMIT29EY/test.c
    1	extern const int array[512];
    2	static inline int func(void) { return array[0]; }
    3	int main(void) { return 0; }
END /var/folders/rv/fj31z1cj3j39vd6c2s012n7h0000gn/T//ffconf.JMIT29EY/test.c
gcc -D_ISOC11_SOURCE -D_FILE_OFFSET_BITS=64 -D_LARGEFILE_SOURCE -I$(SRC_PATH)/compat/dispatch_semaphore -DPIC -fPIC -arch x86_64 -mmacosx-version-min=11.0 -Wno-error=asm-operand-widths -I/Users/runner/work/ffmpeg-build/ffmpeg-build/vulkan-headers/include -std=c17 -Werror=partial-availability -fno-common -fomit-frame-pointer -fPIC -I/usr/local/Cellar/libx11/1.8.13/include -I/usr/local/Cellar/xorgproto/2025.1/include -I/usr/local/Cellar/libxcb/1.17.0/include -I/usr/local/Cellar/libxau/1.0.12/include -I/usr/local/Cellar/libxdmcp/1.1.5/include -I/usr/local/Cellar/libxext/1.3.7/include -I/usr/local/Cellar/xorgproto/2025.1/include -I/usr/local/Cellar/libx11/1.8.13/include -I/usr/local/Cellar/libxcb/1.17.0/include -I/usr/local/Cellar/libxau/1.0.12/include -I/usr/local/Cellar/libxdmcp/1.1.5/include -pthread -I/usr/local/Cellar/libxcb/1.17.0/include -I/usr/local/Cellar/libxau/1.0.12/include -I/usr/local/Cellar/libxdmcp/1.1.5/include -I/usr/local/Cellar/xorgproto/2025.1/include -I/usr/local/Cellar/libxcb/1.17.0/include -I/usr/local/Cellar/libxau/1.0.12/include -I/usr/local/Cellar/libxdmcp/1.1.5/include -I/usr/local/Cellar/xorgproto/2025.1/include -I/usr/local/Cellar/libxcb/1.17.0/include -I/usr/local/Cellar/libxau/1.0.12/include -I/usr/local/Cellar/libxdmcp/1.1.5/include -I/usr/local/Cellar/xorgproto/2025.1/include -I/usr/local/Cellar/libxcb/1.17.0/include -I/usr/local/Cellar/libxau/1.0.12/include -I/usr/local/Cellar/libxdmcp/1.1.5/include -I/usr/local/Cellar/xorgproto/2025.1/include -g -Wall -Wdisabled-optimization -Wpointer-arith -Wredundant-decls -Wwrite-strings -Wtype-limits -Wundef -Wempty-body -Wmissing-prototypes -Wstrict-prototypes -Wno-parentheses -Wno-switch -Wno-format-zero-length -Wno-pointer-sign -Wno-unused-const-variable -Wno-bool-operation -Wno-char-subscripts -Wno-implicit-const-int-float-conversion -Wno-microsoft-enum-forward-reference -c -o /var/folders/rv/fj31z1cj3j39vd6c2s012n7h0000gn/T//ffconf.JMIT29EY/test.o /var/folders/rv/fj31z1cj3j39vd6c2s012n7h0000gn/T//ffconf.JMIT29EY/test.c
/var/folders/rv/fj31z1cj3j39vd6c2s012n7h0000gn/T//ffconf.JMIT29EY/test.c:2:19: warning: unused function 'func' [-Wunused-function]
static inline int func(void) { return array[0]; }
                  ^
1 warning generated.
gcc -arch x86_64 -mmacosx-version-min=11.0 -Wl,-dynamic,-search_paths_first -Wl,-no_warn_duplicate_libraries -o /var/folders/rv/fj31z1cj3j39vd6c2s012n7h0000gn/T//ffconf.JMIT29EY/test /var/folders/rv/fj31z1cj3j39vd6c2s012n7h0000gn/T//ffconf.JMIT29EY/test.o
test_ldflags -Wl,-exported_symbols_list,/var/folders/rv/fj31z1cj3j39vd6c2s012n7h0000gn/T//ffconf.JMIT29EY/test.ver
test_ld cc -Wl,-exported_symbols_list,/var/folders/rv/fj31z1cj3j39vd6c2s012n7h0000gn/T//ffconf.JMIT29EY/test.ver
test_cc -Wl,-exported_symbols_list,/var/folders/rv/fj31z1cj3j39vd6c2s012n7h0000gn/T//ffconf.JMIT29EY/test.ver
BEGIN /var/folders/rv/fj31z1cj3j39vd6c2s012n7h0000gn/T//ffconf.JMIT29EY/test.c
    1	int main(void){ return 0; }
END /var/folders/rv/fj31z1cj3j39vd6c2s012n7h0000gn/T//ffconf.JMIT29EY/test.c
gcc -D_ISOC11_SOURCE -D_FILE_OFFSET_BITS=64 -D_LARGEFILE_SOURCE -I$(SRC_PATH)/compat/dispatch_semaphore -DPIC -fPIC -arch x86_64 -mmacosx-version-min=11.0 -Wno-error=asm-operand-widths -I/Users/runner/work/ffmpeg-build/ffmpeg-build/vulkan-headers/include -std=c17 -Werror=partial-availability -fno-common -fomit-frame-pointer -fPIC -I/usr/local/Cellar/libx11/1.8.13/include -I/usr/local/Cellar/xorgproto/2025.1/include -I/usr/local/Cellar/libxcb/1.17.0/include -I/usr/local/Cellar/libxau/1.0.12/include -I/usr/local/Cellar/libxdmcp/1.1.5/include -I/usr/local/Cellar/libxext/1.3.7/include -I/usr/local/Cellar/xorgproto/2025.1/include -I/usr/local/Cellar/libx11/1.8.13/include -I/usr/local/Cellar/libxcb/1.17.0/include -I/usr/local/Cellar/libxau/1.0.12/include -I/usr/local/Cellar/libxdmcp/1.1.5/include -pthread -I/usr/local/Cellar/libxcb/1.17.0/include -I/usr/local/Cellar/libxau/1.0.12/include -I/usr/local/Cellar/libxdmcp/1.1.5/include -I/usr/local/Cellar/xorgproto/2025.1/include -I/usr/local/Cellar/libxcb/1.17.0/include -I/usr/local/Cellar/libxau/1.0.12/include -I/usr/local/Cellar/libxdmcp/1.1.5/include -I/usr/local/Cellar/xorgproto/2025.1/include -I/usr/local/Cellar/libxcb/1.17.0/include -I/usr/local/Cellar/libxau/1.0.12/include -I/usr/local/Cellar/libxdmcp/1.1.5/include -I/usr/local/Cellar/xorgproto/2025.1/include -I/usr/local/Cellar/libxcb/1.17.0/include -I/usr/local/Cellar/libxau/1.0.12/include -I/usr/local/Cellar/libxdmcp/1.1.5/include -I/usr/local/Cellar/xorgproto/2025.1/include -g -Wall -Wdisabled-optimization -Wpointer-arith -Wredundant-decls -Wwrite-strings -Wtype-limits -Wundef -Wempty-body -Wmissing-prototypes -Wstrict-prototypes -Wno-parentheses -Wno-switch -Wno-format-zero-length -Wno-pointer-sign -Wno-unused-const-variable -Wno-bool-operation -Wno-char-subscripts -Wno-implicit-const-int-float-conversion -Wno-microsoft-enum-forward-reference -Wl,-exported_symbols_list,/var/folders/rv/fj31z1cj3j39vd6c2s012n7h0000gn/T//ffconf.JMIT29EY/test.ver -c -o /var/folders/rv/fj31z1cj3j39vd6c2s012n7h0000gn/T//ffconf.JMIT29EY/test.o /var/folders/rv/fj31z1cj3j39vd6c2s012n7h0000gn/T//ffconf.JMIT29EY/test.c
clang: warning: -Wl,-exported_symbols_list,/var/folders/rv/fj31z1cj3j39vd6c2s012n7h0000gn/T//ffconf.JMIT29EY/test.ver: 'linker' input unused [-Wunused-command-line-argument]
gcc -arch x86_64 -mmacosx-version-min=11.0 -Wl,-dynamic,-search_paths_first -Wl,-no_warn_duplicate_libraries -Wl,-exported_symbols_list,/var/folders/rv/fj31z1cj3j39vd6c2s012n7h0000gn/T//ffconf.JMIT29EY/test.ver -o /var/folders/rv/fj31z1cj3j39vd6c2s012n7h0000gn/T//ffconf.JMIT29EY/test /var/folders/rv/fj31z1cj3j39vd6c2s012n7h0000gn/T//ffconf.JMIT29EY/test.o
test_cc
BEGIN /var/folders/rv/fj31z1cj3j39vd6c2s012n7h0000gn/T//ffconf.JMIT29EY/test.c
    1	void ff_foo(void) __asm__ ("av_foo@VERSION");
    2	void ff_foo(void) { __asm__(""); }
END /var/folders/rv/fj31z1cj3j39vd6c2s012n7h0000gn/T//ffconf.JMIT29EY/test.c
gcc -D_ISOC11_SOURCE -D_FILE_OFFSET_BITS=64 -D_LARGEFILE_SOURCE -I$(SRC_PATH)/compat/dispatch_semaphore -DPIC -fPIC -arch x86_64 -mmacosx-version-min=11.0 -Wno-error=asm-operand-widths -I/Users/runner/work/ffmpeg-build/ffmpeg-build/vulkan-headers/include -std=c17 -Werror=partial-availability -fno-common -fomit-frame-pointer -fPIC -I/usr/local/Cellar/libx11/1.8.13/include -I/usr/local/Cellar/xorgproto/2025.1/include -I/usr/local/Cellar/libxcb/1.17.0/include -I/usr/local/Cellar/libxau/1.0.12/include -I/usr/local/Cellar/libxdmcp/1.1.5/include -I/usr/local/Cellar/libxext/1.3.7/include -I/usr/local/Cellar/xorgproto/2025.1/include -I/usr/local/Cellar/libx11/1.8.13/include -I/usr/local/Cellar/libxcb/1.17.0/include -I/usr/local/Cellar/libxau/1.0.12/include -I/usr/local/Cellar/libxdmcp/1.1.5/include -pthread -I/usr/local/Cellar/libxcb/1.17.0/include -I/usr/local/Cellar/libxau/1.0.12/include -I/usr/local/Cellar/libxdmcp/1.1.5/include -I/usr/local/Cellar/xorgproto/2025.1/include -I/usr/local/Cellar/libxcb/1.17.0/include -I/usr/local/Cellar/libxau/1.0.12/include -I/usr/local/Cellar/libxdmcp/1.1.5/include -I/usr/local/Cellar/xorgproto/2025.1/include -I/usr/local/Cellar/libxcb/1.17.0/include -I/usr/local/Cellar/libxau/1.0.12/include -I/usr/local/Cellar/libxdmcp/1.1.5/include -I/usr/local/Cellar/xorgproto/2025.1/include -I/usr/local/Cellar/libxcb/1.17.0/include -I/usr/local/Cellar/libxau/1.0.12/include -I/usr/local/Cellar/libxdmcp/1.1.5/include -I/usr/local/Cellar/xorgproto/2025.1/include -g -Wall -Wdisabled-optimization -Wpointer-arith -Wredundant-decls -Wwrite-strings -Wtype-limits -Wundef -Wempty-body -Wmissing-prototypes -Wstrict-prototypes -Wno-parentheses -Wno-switch -Wno-format-zero-length -Wno-pointer-sign -Wno-unused-const-variable -Wno-bool-operation -Wno-char-subscripts -Wno-implicit-const-int-float-conversion -Wno-microsoft-enum-forward-reference -c -o /var/folders/rv/fj31z1cj3j39vd6c2s012n7h0000gn/T//ffconf.JMIT29EY/test.o /var/folders/rv/fj31z1cj3j39vd6c2s012n7h0000gn/T//ffconf.JMIT29EY/test.c
test_cc
BEGIN /var/folders/rv/fj31z1cj3j39vd6c2s012n7h0000gn/T//ffconf.JMIT29EY/test.c
    1	__asm__(".symver ff_foo,av_foo@VERSION");
    2	void ff_foo(void) {}
END /var/folders/rv/fj31z1cj3j39vd6c2s012n7h0000gn/T//ffconf.JMIT29EY/test.c
gcc -D_ISOC11_SOURCE -D_FILE_OFFSET_BITS=64 -D_LARGEFILE_SOURCE -I$(SRC_PATH)/compat/dispatch_semaphore -DPIC -fPIC -arch x86_64 -mmacosx-version-min=11.0 -Wno-error=asm-operand-widths -I/Users/runner/work/ffmpeg-build/ffmpeg-build/vulkan-headers/include -std=c17 -Werror=partial-availability -fno-common -fomit-frame-pointer -fPIC -I/usr/local/Cellar/libx11/1.8.13/include -I/usr/local/Cellar/xorgproto/2025.1/include -I/usr/local/Cellar/libxcb/1.17.0/include -I/usr/local/Cellar/libxau/1.0.12/include -I/usr/local/Cellar/libxdmcp/1.1.5/include -I/usr/local/Cellar/libxext/1.3.7/include -I/usr/local/Cellar/xorgproto/2025.1/include -I/usr/local/Cellar/libx11/1.8.13/include -I/usr/local/Cellar/libxcb/1.17.0/include -I/usr/local/Cellar/libxau/1.0.12/include -I/usr/local/Cellar/libxdmcp/1.1.5/include -pthread -I/usr/local/Cellar/libxcb/1.17.0/include -I/usr/local/Cellar/libxau/1.0.12/include -I/usr/local/Cellar/libxdmcp/1.1.5/include -I/usr/local/Cellar/xorgproto/2025.1/include -I/usr/local/Cellar/libxcb/1.17.0/include -I/usr/local/Cellar/libxau/1.0.12/include -I/usr/local/Cellar/libxdmcp/1.1.5/include -I/usr/local/Cellar/xorgproto/2025.1/include -I/usr/local/Cellar/libxcb/1.17.0/include -I/usr/local/Cellar/libxau/1.0.12/include -I/usr/local/Cellar/libxdmcp/1.1.5/include -I/usr/local/Cellar/xorgproto/2025.1/include -I/usr/local/Cellar/libxcb/1.17.0/include -I/usr/local/Cellar/libxau/1.0.12/include -I/usr/local/Cellar/libxdmcp/1.1.5/include -I/usr/local/Cellar/xorgproto/2025.1/include -g -Wall -Wdisabled-optimization -Wpointer-arith -Wredundant-decls -Wwrite-strings -Wtype-limits -Wundef -Wempty-body -Wmissing-prototypes -Wstrict-prototypes -Wno-parentheses -Wno-switch -Wno-format-zero-length -Wno-pointer-sign -Wno-unused-const-variable -Wno-bool-operation -Wno-char-subscripts -Wno-implicit-const-int-float-conversion -Wno-microsoft-enum-forward-reference -c -o /var/folders/rv/fj31z1cj3j39vd6c2s012n7h0000gn/T//ffconf.JMIT29EY/test.o /var/folders/rv/fj31z1cj3j39vd6c2s012n7h0000gn/T//ffconf.JMIT29EY/test.c
/var/folders/rv/fj31z1cj3j39vd6c2s012n7h0000gn/T//ffconf.JMIT29EY/test.c:2:6: warning: no previous prototype for function 'ff_foo' [-Wmissing-prototypes]
void ff_foo(void) {}
     ^
/var/folders/rv/fj31z1cj3j39vd6c2s012n7h0000gn/T//ffconf.JMIT29EY/test.c:2:1: note: declare 'static' if the function is not intended to be used outside of this translation unit
void ff_foo(void) {}
^
static 
<inline asm>:1:1: error: unknown directive
.symver ff_foo,av_foo@VERSION
^
1 warning and 1 error generated.
check_cflags -O3
test_cflags -O3
test_cc -O3
BEGIN /var/folders/rv/fj31z1cj3j39vd6c2s012n7h0000gn/T//ffconf.JMIT29EY/test.c
    1	int x;
END /var/folders/rv/fj31z1cj3j39vd6c2s012n7h0000gn/T//ffconf.JMIT29EY/test.c
gcc -D_ISOC11_SOURCE -D_FILE_OFFSET_BITS=64 -D_LARGEFILE_SOURCE -I$(SRC_PATH)/compat/dispatch_semaphore -DPIC -fPIC -arch x86_64 -mmacosx-version-min=11.0 -Wno-error=asm-operand-widths -I/Users/runner/work/ffmpeg-build/ffmpeg-build/vulkan-headers/include -std=c17 -Werror=partial-availability -fno-common -fomit-frame-pointer -fPIC -I/usr/local/Cellar/libx11/1.8.13/include -I/usr/local/Cellar/xorgproto/2025.1/include -I/usr/local/Cellar/libxcb/1.17.0/include -I/usr/local/Cellar/libxau/1.0.12/include -I/usr/local/Cellar/libxdmcp/1.1.5/include -I/usr/local/Cellar/libxext/1.3.7/include -I/usr/local/Cellar/xorgproto/2025.1/include -I/usr/local/Cellar/libx11/1.8.13/include -I/usr/local/Cellar/libxcb/1.17.0/include -I/usr/local/Cellar/libxau/1.0.12/include -I/usr/local/Cellar/libxdmcp/1.1.5/include -pthread -I/usr/local/Cellar/libxcb/1.17.0/include -I/usr/local/Cellar/libxau/1.0.12/include -I/usr/local/Cellar/libxdmcp/1.1.5/include -I/usr/local/Cellar/xorgproto/2025.1/include -I/usr/local/Cellar/libxcb/1.17.0/include -I/usr/local/Cellar/libxau/1.0.12/include -I/usr/local/Cellar/libxdmcp/1.1.5/include -I/usr/local/Cellar/xorgproto/2025.1/include -I/usr/local/Cellar/libxcb/1.17.0/include -I/usr/local/Cellar/libxau/1.0.12/include -I/usr/local/Cellar/libxdmcp/1.1.5/include -I/usr/local/Cellar/xorgproto/2025.1/include -I/usr/local/Cellar/libxcb/1.17.0/include -I/usr/local/Cellar/libxau/1.0.12/include -I/usr/local/Cellar/libxdmcp/1.1.5/include -I/usr/local/Cellar/xorgproto/2025.1/include -g -Wall -Wdisabled-optimization -Wpointer-arith -Wredundant-decls -Wwrite-strings -Wtype-limits -Wundef -Wempty-body -Wmissing-prototypes -Wstrict-prototypes -Wno-parentheses -Wno-switch -Wno-format-zero-length -Wno-pointer-sign -Wno-unused-const-variable -Wno-bool-operation -Wno-char-subscripts -Wno-implicit-const-int-float-conversion -Wno-microsoft-enum-forward-reference -O3 -c -o /var/folders/rv/fj31z1cj3j39vd6c2s012n7h0000gn/T//ffconf.JMIT29EY/test.o /var/folders/rv/fj31z1cj3j39vd6c2s012n7h0000gn/T//ffconf.JMIT29EY/test.c
check_cxxflags -O3
test_cxxflags -O3
test_cxx -O3
BEGIN /var/folders/rv/fj31z1cj3j39vd6c2s012n7h0000gn/T//ffconf.JMIT29EY/test.cpp
    1	int x;
END /var/folders/rv/fj31z1cj3j39vd6c2s012n7h0000gn/T//ffconf.JMIT29EY/test.cpp
g++ -D_ISOC11_SOURCE -D_FILE_OFFSET_BITS=64 -D_LARGEFILE_SOURCE -I$(SRC_PATH)/compat/dispatch_semaphore -DPIC -D__STDC_CONSTANT_MACROS -std=c++17 -Werror=partial-availability -fomit-frame-pointer -fPIC -pthread -g -Wall -Wdisabled-optimization -Wpointer-arith -Wredundant-decls -Wwrite-strings -Wtype-limits -Wundef -Wempty-body -Wno-parentheses -Wno-switch -Wno-format-zero-length -Wno-pointer-sign -Wno-unused-const-variable -Wno-bool-operation -Wno-char-subscripts -Wno-implicit-const-int-float-conversion -Wno-microsoft-enum-forward-reference -O3 -c -o /var/folders/rv/fj31z1cj3j39vd6c2s012n7h0000gn/T//ffconf.JMIT29EY/test.o /var/folders/rv/fj31z1cj3j39vd6c2s012n7h0000gn/T//ffconf.JMIT29EY/test.cpp
check_objcflags -O3
test_objcflags -O3
test_objcc -O3
BEGIN /var/folders/rv/fj31z1cj3j39vd6c2s012n7h0000gn/T//ffconf.JMIT29EY/test.m
    1	int x;
END /var/folders/rv/fj31z1cj3j39vd6c2s012n7h0000gn/T//ffconf.JMIT29EY/test.m
gcc -Werror=missing-prototypes -D_ISOC11_SOURCE -D_FILE_OFFSET_BITS=64 -D_LARGEFILE_SOURCE -I$(SRC_PATH)/compat/dispatch_semaphore -DPIC -fPIC -arch x86_64 -mmacosx-version-min=11.0 -Wno-error=asm-operand-widths -I/Users/runner/work/ffmpeg-build/ffmpeg-build/vulkan-headers/include -std=c17 -Werror=partial-availability -fno-common -fomit-frame-pointer -fPIC -I/usr/local/Cellar/libx11/1.8.13/include -I/usr/local/Cellar/xorgproto/2025.1/include -I/usr/local/Cellar/libxcb/1.17.0/include -I/usr/local/Cellar/libxau/1.0.12/include -I/usr/local/Cellar/libxdmcp/1.1.5/include -I/usr/local/Cellar/libxext/1.3.7/include -I/usr/local/Cellar/xorgproto/2025.1/include -I/usr/local/Cellar/libx11/1.8.13/include -I/usr/local/Cellar/libxcb/1.17.0/include -I/usr/local/Cellar/libxau/1.0.12/include -I/usr/local/Cellar/libxdmcp/1.1.5/include -pthread -I/usr/local/Cellar/libxcb/1.17.0/include -I/usr/local/Cellar/libxau/1.0.12/include -I/usr/local/Cellar/libxdmcp/1.1.5/include -I/usr/local/Cellar/xorgproto/2025.1/include -I/usr/local/Cellar/libxcb/1.17.0/include -I/usr/local/Cellar/libxau/1.0.12/include -I/usr/local/Cellar/libxdmcp/1.1.5/include -I/usr/local/Cellar/xorgproto/2025.1/include -I/usr/local/Cellar/libxcb/1.17.0/include -I/usr/local/Cellar/libxau/1.0.12/include -I/usr/local/Cellar/libxdmcp/1.1.5/include -I/usr/local/Cellar/xorgproto/2025.1/include -I/usr/local/Cellar/libxcb/1.17.0/include -I/usr/local/Cellar/libxau/1.0.12/include -I/usr/local/Cellar/libxdmcp/1.1.5/include -I/usr/local/Cellar/xorgproto/2025.1/include -g -Wall -Wdisabled-optimization -Wpointer-arith -Wredundant-decls -Wwrite-strings -Wtype-limits -Wundef -Wempty-body -Wmissing-prototypes -Wstrict-prototypes -Wno-parentheses -Wno-switch -Wno-format-zero-length -Wno-pointer-sign -Wno-unused-const-variable -Wno-bool-operation -Wno-char-subscripts -Wno-implicit-const-int-float-conversion -Wno-microsoft-enum-forward-reference -O3 -Werror=partial-availability -fomit-frame-pointer -fPIC -pthread -g -Wall -Wdisabled-optimization -Wpointer-arith -Wredundant-decls -Wwrite-strings -Wtype-limits -Wundef -Wempty-body -Wno-parentheses -Wno-switch -Wno-format-zero-length -Wno-pointer-sign -Wno-unused-const-variable -Wno-bool-operation -Wno-char-subscripts -Wno-implicit-const-int-float-conversion -Wno-microsoft-enum-forward-reference -O3 -c -o /var/folders/rv/fj31z1cj3j39vd6c2s012n7h0000gn/T//ffconf.JMIT29EY/test.o /var/folders/rv/fj31z1cj3j39vd6c2s012n7h0000gn/T//ffconf.JMIT29EY/test.m
check_cflags -fno-math-errno
test_cflags -fno-math-errno
test_cc -fno-math-errno
BEGIN /var/folders/rv/fj31z1cj3j39vd6c2s012n7h0000gn/T//ffconf.JMIT29EY/test.c
    1	int x;
END /var/folders/rv/fj31z1cj3j39vd6c2s012n7h0000gn/T//ffconf.JMIT29EY/test.c
gcc -D_ISOC11_SOURCE -D_FILE_OFFSET_BITS=64 -D_LARGEFILE_SOURCE -I$(SRC_PATH)/compat/dispatch_semaphore -DPIC -fPIC -arch x86_64 -mmacosx-version-min=11.0 -Wno-error=asm-operand-widths -I/Users/runner/work/ffmpeg-build/ffmpeg-build/vulkan-headers/include -std=c17 -Werror=partial-availability -fno-common -fomit-frame-pointer -fPIC -I/usr/local/Cellar/libx11/1.8.13/include -I/usr/local/Cellar/xorgproto/2025.1/include -I/usr/local/Cellar/libxcb/1.17.0/include -I/usr/local/Cellar/libxau/1.0.12/include -I/usr/local/Cellar/libxdmcp/1.1.5/include -I/usr/local/Cellar/libxext/1.3.7/include -I/usr/local/Cellar/xorgproto/2025.1/include -I/usr/local/Cellar/libx11/1.8.13/include -I/usr/local/Cellar/libxcb/1.17.0/include -I/usr/local/Cellar/libxau/1.0.12/include -I/usr/local/Cellar/libxdmcp/1.1.5/include -pthread -I/usr/local/Cellar/libxcb/1.17.0/include -I/usr/local/Cellar/libxau/1.0.12/include -I/usr/local/Cellar/libxdmcp/1.1.5/include -I/usr/local/Cellar/xorgproto/2025.1/include -I/usr/local/Cellar/libxcb/1.17.0/include -I/usr/local/Cellar/libxau/1.0.12/include -I/usr/local/Cellar/libxdmcp/1.1.5/include -I/usr/local/Cellar/xorgproto/2025.1/include -I/usr/local/Cellar/libxcb/1.17.0/include -I/usr/local/Cellar/libxau/1.0.12/include -I/usr/local/Cellar/libxdmcp/1.1.5/include -I/usr/local/Cellar/xorgproto/2025.1/include -I/usr/local/Cellar/libxcb/1.17.0/include -I/usr/local/Cellar/libxau/1.0.12/include -I/usr/local/Cellar/libxdmcp/1.1.5/include -I/usr/local/Cellar/xorgproto/2025.1/include -g -Wall -Wdisabled-optimization -Wpointer-arith -Wredundant-decls -Wwrite-strings -Wtype-limits -Wundef -Wempty-body -Wmissing-prototypes -Wstrict-prototypes -Wno-parentheses -Wno-switch -Wno-format-zero-length -Wno-pointer-sign -Wno-unused-const-variable -Wno-bool-operation -Wno-char-subscripts -Wno-implicit-const-int-float-conversion -Wno-microsoft-enum-forward-reference -O3 -fno-math-errno -c -o /var/folders/rv/fj31z1cj3j39vd6c2s012n7h0000gn/T//ffconf.JMIT29EY/test.o /var/folders/rv/fj31z1cj3j39vd6c2s012n7h0000gn/T//ffconf.JMIT29EY/test.c
check_cxxflags -fno-math-errno
test_cxxflags -fno-math-errno
test_cxx -fno-math-errno
BEGIN /var/folders/rv/fj31z1cj3j39vd6c2s012n7h0000gn/T//ffconf.JMIT29EY/test.cpp
    1	int x;
END /var/folders/rv/fj31z1cj3j39vd6c2s012n7h0000gn/T//ffconf.JMIT29EY/test.cpp
g++ -D_ISOC11_SOURCE -D_FILE_OFFSET_BITS=64 -D_LARGEFILE_SOURCE -I$(SRC_PATH)/compat/dispatch_semaphore -DPIC -D__STDC_CONSTANT_MACROS -std=c++17 -Werror=partial-availability -fomit-frame-pointer -fPIC -pthread -g -Wall -Wdisabled-optimization -Wpointer-arith -Wredundant-decls -Wwrite-strings -Wtype-limits -Wundef -Wempty-body -Wno-parentheses -Wno-switch -Wno-format-zero-length -Wno-pointer-sign -Wno-unused-const-variable -Wno-bool-operation -Wno-char-subscripts -Wno-implicit-const-int-float-conversion -Wno-microsoft-enum-forward-reference -O3 -fno-math-errno -c -o /var/folders/rv/fj31z1cj3j39vd6c2s012n7h0000gn/T//ffconf.JMIT29EY/test.o /var/folders/rv/fj31z1cj3j39vd6c2s012n7h0000gn/T//ffconf.JMIT29EY/test.cpp
check_objcflags -fno-math-errno
test_objcflags -fno-math-errno
test_objcc -fno-math-errno
BEGIN /var/folders/rv/fj31z1cj3j39vd6c2s012n7h0000gn/T//ffconf.JMIT29EY/test.m
    1	int x;
END /var/folders/rv/fj31z1cj3j39vd6c2s012n7h0000gn/T//ffconf.JMIT29EY/test.m
gcc -Werror=missing-prototypes -D_ISOC11_SOURCE -D_FILE_OFFSET_BITS=64 -D_LARGEFILE_SOURCE -I$(SRC_PATH)/compat/dispatch_semaphore -DPIC -fPIC -arch x86_64 -mmacosx-version-min=11.0 -Wno-error=asm-operand-widths -I/Users/runner/work/ffmpeg-build/ffmpeg-build/vulkan-headers/include -std=c17 -Werror=partial-availability -fno-common -fomit-frame-pointer -fPIC -I/usr/local/Cellar/libx11/1.8.13/include -I/usr/local/Cellar/xorgproto/2025.1/include -I/usr/local/Cellar/libxcb/1.17.0/include -I/usr/local/Cellar/libxau/1.0.12/include -I/usr/local/Cellar/libxdmcp/1.1.5/include -I/usr/local/Cellar/libxext/1.3.7/include -I/usr/local/Cellar/xorgproto/2025.1/include -I/usr/local/Cellar/libx11/1.8.13/include -I/usr/local/Cellar/libxcb/1.17.0/include -I/usr/local/Cellar/libxau/1.0.12/include -I/usr/local/Cellar/libxdmcp/1.1.5/include -pthread -I/usr/local/Cellar/libxcb/1.17.0/include -I/usr/local/Cellar/libxau/1.0.12/include -I/usr/local/Cellar/libxdmcp/1.1.5/include -I/usr/local/Cellar/xorgproto/2025.1/include -I/usr/local/Cellar/libxcb/1.17.0/include -I/usr/local/Cellar/libxau/1.0.12/include -I/usr/local/Cellar/libxdmcp/1.1.5/include -I/usr/local/Cellar/xorgproto/2025.1/include -I/usr/local/Cellar/libxcb/1.17.0/include -I/usr/local/Cellar/libxau/1.0.12/include -I/usr/local/Cellar/libxdmcp/1.1.5/include -I/usr/local/Cellar/xorgproto/2025.1/include -I/usr/local/Cellar/libxcb/1.17.0/include -I/usr/local/Cellar/libxau/1.0.12/include -I/usr/local/Cellar/libxdmcp/1.1.5/include -I/usr/local/Cellar/xorgproto/2025.1/include -g -Wall -Wdisabled-optimization -Wpointer-arith -Wredundant-decls -Wwrite-strings -Wtype-limits -Wundef -Wempty-body -Wmissing-prototypes -Wstrict-prototypes -Wno-parentheses -Wno-switch -Wno-format-zero-length -Wno-pointer-sign -Wno-unused-const-variable -Wno-bool-operation -Wno-char-subscripts -Wno-implicit-const-int-float-conversion -Wno-microsoft-enum-forward-reference -O3 -fno-math-errno -Werror=partial-availability -fomit-frame-pointer -fPIC -pthread -g -Wall -Wdisabled-optimization -Wpointer-arith -Wredundant-decls -Wwrite-strings -Wtype-limits -Wundef -Wempty-body -Wno-parentheses -Wno-switch -Wno-format-zero-length -Wno-pointer-sign -Wno-unused-const-variable -Wno-bool-operation -Wno-char-subscripts -Wno-implicit-const-int-float-conversion -Wno-microsoft-enum-forward-reference -O3 -fno-math-errno -c -o /var/folders/rv/fj31z1cj3j39vd6c2s012n7h0000gn/T//ffconf.JMIT29EY/test.o /var/folders/rv/fj31z1cj3j39vd6c2s012n7h0000gn/T//ffconf.JMIT29EY/test.m
check_cflags -fno-signed-zeros
test_cflags -fno-signed-zeros
test_cc -fno-signed-zeros
BEGIN /var/folders/rv/fj31z1cj3j39vd6c2s012n7h0000gn/T//ffconf.JMIT29EY/test.c
    1	int x;
END /var/folders/rv/fj31z1cj3j39vd6c2s012n7h0000gn/T//ffconf.JMIT29EY/test.c
gcc -D_ISOC11_SOURCE -D_FILE_OFFSET_BITS=64 -D_LARGEFILE_SOURCE -I$(SRC_PATH)/compat/dispatch_semaphore -DPIC -fPIC -arch x86_64 -mmacosx-version-min=11.0 -Wno-error=asm-operand-widths -I/Users/runner/work/ffmpeg-build/ffmpeg-build/vulkan-headers/include -std=c17 -Werror=partial-availability -fno-common -fomit-frame-pointer -fPIC -I/usr/local/Cellar/libx11/1.8.13/include -I/usr/local/Cellar/xorgproto/2025.1/include -I/usr/local/Cellar/libxcb/1.17.0/include -I/usr/local/Cellar/libxau/1.0.12/include -I/usr/local/Cellar/libxdmcp/1.1.5/include -I/usr/local/Cellar/libxext/1.3.7/include -I/usr/local/Cellar/xorgproto/2025.1/include -I/usr/local/Cellar/libx11/1.8.13/include -I/usr/local/Cellar/libxcb/1.17.0/include -I/usr/local/Cellar/libxau/1.0.12/include -I/usr/local/Cellar/libxdmcp/1.1.5/include -pthread -I/usr/local/Cellar/libxcb/1.17.0/include -I/usr/local/Cellar/libxau/1.0.12/include -I/usr/local/Cellar/libxdmcp/1.1.5/include -I/usr/local/Cellar/xorgproto/2025.1/include -I/usr/local/Cellar/libxcb/1.17.0/include -I/usr/local/Cellar/libxau/1.0.12/include -I/usr/local/Cellar/libxdmcp/1.1.5/include -I/usr/local/Cellar/xorgproto/2025.1/include -I/usr/local/Cellar/libxcb/1.17.0/include -I/usr/local/Cellar/libxau/1.0.12/include -I/usr/local/Cellar/libxdmcp/1.1.5/include -I/usr/local/Cellar/xorgproto/2025.1/include -I/usr/local/Cellar/libxcb/1.17.0/include -I/usr/local/Cellar/libxau/1.0.12/include -I/usr/local/Cellar/libxdmcp/1.1.5/include -I/usr/local/Cellar/xorgproto/2025.1/include -g -Wall -Wdisabled-optimization -Wpointer-arith -Wredundant-decls -Wwrite-strings -Wtype-limits -Wundef -Wempty-body -Wmissing-prototypes -Wstrict-prototypes -Wno-parentheses -Wno-switch -Wno-format-zero-length -Wno-pointer-sign -Wno-unused-const-variable -Wno-bool-operation -Wno-char-subscripts -Wno-implicit-const-int-float-conversion -Wno-microsoft-enum-forward-reference -O3 -fno-math-errno -fno-signed-zeros -c -o /var/folders/rv/fj31z1cj3j39vd6c2s012n7h0000gn/T//ffconf.JMIT29EY/test.o /var/folders/rv/fj31z1cj3j39vd6c2s012n7h0000gn/T//ffconf.JMIT29EY/test.c
check_cxxflags -fno-signed-zeros
test_cxxflags -fno-signed-zeros
test_cxx -fno-signed-zeros
BEGIN /var/folders/rv/fj31z1cj3j39vd6c2s012n7h0000gn/T//ffconf.JMIT29EY/test.cpp
    1	int x;
END /var/folders/rv/fj31z1cj3j39vd6c2s012n7h0000gn/T//ffconf.JMIT29EY/test.cpp
g++ -D_ISOC11_SOURCE -D_FILE_OFFSET_BITS=64 -D_LARGEFILE_SOURCE -I$(SRC_PATH)/compat/dispatch_semaphore -DPIC -D__STDC_CONSTANT_MACROS -std=c++17 -Werror=partial-availability -fomit-frame-pointer -fPIC -pthread -g -Wall -Wdisabled-optimization -Wpointer-arith -Wredundant-decls -Wwrite-strings -Wtype-limits -Wundef -Wempty-body -Wno-parentheses -Wno-switch -Wno-format-zero-length -Wno-pointer-sign -Wno-unused-const-variable -Wno-bool-operation -Wno-char-subscripts -Wno-implicit-const-int-float-conversion -Wno-microsoft-enum-forward-reference -O3 -fno-math-errno -fno-signed-zeros -c -o /var/folders/rv/fj31z1cj3j39vd6c2s012n7h0000gn/T//ffconf.JMIT29EY/test.o /var/folders/rv/fj31z1cj3j39vd6c2s012n7h0000gn/T//ffconf.JMIT29EY/test.cpp
check_objcflags -fno-signed-zeros
test_objcflags -fno-signed-zeros
test_objcc -fno-signed-zeros
BEGIN /var/folders/rv/fj31z1cj3j39vd6c2s012n7h0000gn/T//ffconf.JMIT29EY/test.m
    1	int x;
END /var/folders/rv/fj31z1cj3j39vd6c2s012n7h0000gn/T//ffconf.JMIT29EY/test.m
gcc -Werror=missing-prototypes -D_ISOC11_SOURCE -D_FILE_OFFSET_BITS=64 -D_LARGEFILE_SOURCE -I$(SRC_PATH)/compat/dispatch_semaphore -DPIC -fPIC -arch x86_64 -mmacosx-version-min=11.0 -Wno-error=asm-operand-widths -I/Users/runner/work/ffmpeg-build/ffmpeg-build/vulkan-headers/include -std=c17 -Werror=partial-availability -fno-common -fomit-frame-pointer -fPIC -I/usr/local/Cellar/libx11/1.8.13/include -I/usr/local/Cellar/xorgproto/2025.1/include -I/usr/local/Cellar/libxcb/1.17.0/include -I/usr/local/Cellar/libxau/1.0.12/include -I/usr/local/Cellar/libxdmcp/1.1.5/include -I/usr/local/Cellar/libxext/1.3.7/include -I/usr/local/Cellar/xorgproto/2025.1/include -I/usr/local/Cellar/libx11/1.8.13/include -I/usr/local/Cellar/libxcb/1.17.0/include -I/usr/local/Cellar/libxau/1.0.12/include -I/usr/local/Cellar/libxdmcp/1.1.5/include -pthread -I/usr/local/Cellar/libxcb/1.17.0/include -I/usr/local/Cellar/libxau/1.0.12/include -I/usr/local/Cellar/libxdmcp/1.1.5/include -I/usr/local/Cellar/xorgproto/2025.1/include -I/usr/local/Cellar/libxcb/1.17.0/include -I/usr/local/Cellar/libxau/1.0.12/include -I/usr/local/Cellar/libxdmcp/1.1.5/include -I/usr/local/Cellar/xorgproto/2025.1/include -I/usr/local/Cellar/libxcb/1.17.0/include -I/usr/local/Cellar/libxau/1.0.12/include -I/usr/local/Cellar/libxdmcp/1.1.5/include -I/usr/local/Cellar/xorgproto/2025.1/include -I/usr/local/Cellar/libxcb/1.17.0/include -I/usr/local/Cellar/libxau/1.0.12/include -I/usr/local/Cellar/libxdmcp/1.1.5/include -I/usr/local/Cellar/xorgproto/2025.1/include -g -Wall -Wdisabled-optimization -Wpointer-arith -Wredundant-decls -Wwrite-strings -Wtype-limits -Wundef -Wempty-body -Wmissing-prototypes -Wstrict-prototypes -Wno-parentheses -Wno-switch -Wno-format-zero-length -Wno-pointer-sign -Wno-unused-const-variable -Wno-bool-operation -Wno-char-subscripts -Wno-implicit-const-int-float-conversion -Wno-microsoft-enum-forward-reference -O3 -fno-math-errno -fno-signed-zeros -Werror=partial-availability -fomit-frame-pointer -fPIC -pthread -g -Wall -Wdisabled-optimization -Wpointer-arith -Wredundant-decls -Wwrite-strings -Wtype-limits -Wundef -Wempty-body -Wno-parentheses -Wno-switch -Wno-format-zero-length -Wno-pointer-sign -Wno-unused-const-variable -Wno-bool-operation -Wno-char-subscripts -Wno-implicit-const-int-float-conversion -Wno-microsoft-enum-forward-reference -O3 -fno-math-errno -fno-signed-zeros -c -o /var/folders/rv/fj31z1cj3j39vd6c2s012n7h0000gn/T//ffconf.JMIT29EY/test.o /var/folders/rv/fj31z1cj3j39vd6c2s012n7h0000gn/T//ffconf.JMIT29EY/test.m
test_cc -mno-red-zone
BEGIN /var/folders/rv/fj31z1cj3j39vd6c2s012n7h0000gn/T//ffconf.JMIT29EY/test.c
    1	int x;
END /var/folders/rv/fj31z1cj3j39vd6c2s012n7h0000gn/T//ffconf.JMIT29EY/test.c
gcc -D_ISOC11_SOURCE -D_FILE_OFFSET_BITS=64 -D_LARGEFILE_SOURCE -I$(SRC_PATH)/compat/dispatch_semaphore -DPIC -fPIC -arch x86_64 -mmacosx-version-min=11.0 -Wno-error=asm-operand-widths -I/Users/runner/work/ffmpeg-build/ffmpeg-build/vulkan-headers/include -std=c17 -Werror=partial-availability -fno-common -fomit-frame-pointer -fPIC -I/usr/local/Cellar/libx11/1.8.13/include -I/usr/local/Cellar/xorgproto/2025.1/include -I/usr/local/Cellar/libxcb/1.17.0/include -I/usr/local/Cellar/libxau/1.0.12/include -I/usr/local/Cellar/libxdmcp/1.1.5/include -I/usr/local/Cellar/libxext/1.3.7/include -I/usr/local/Cellar/xorgproto/2025.1/include -I/usr/local/Cellar/libx11/1.8.13/include -I/usr/local/Cellar/libxcb/1.17.0/include -I/usr/local/Cellar/libxau/1.0.12/include -I/usr/local/Cellar/libxdmcp/1.1.5/include -pthread -I/usr/local/Cellar/libxcb/1.17.0/include -I/usr/local/Cellar/libxau/1.0.12/include -I/usr/local/Cellar/libxdmcp/1.1.5/include -I/usr/local/Cellar/xorgproto/2025.1/include -I/usr/local/Cellar/libxcb/1.17.0/include -I/usr/local/Cellar/libxau/1.0.12/include -I/usr/local/Cellar/libxdmcp/1.1.5/include -I/usr/local/Cellar/xorgproto/2025.1/include -I/usr/local/Cellar/libxcb/1.17.0/include -I/usr/local/Cellar/libxau/1.0.12/include -I/usr/local/Cellar/libxdmcp/1.1.5/include -I/usr/local/Cellar/xorgproto/2025.1/include -I/usr/local/Cellar/libxcb/1.17.0/include -I/usr/local/Cellar/libxau/1.0.12/include -I/usr/local/Cellar/libxdmcp/1.1.5/include -I/usr/local/Cellar/xorgproto/2025.1/include -g -Wall -Wdisabled-optimization -Wpointer-arith -Wredundant-decls -Wwrite-strings -Wtype-limits -Wundef -Wempty-body -Wmissing-prototypes -Wstrict-prototypes -Wno-parentheses -Wno-switch -Wno-format-zero-length -Wno-pointer-sign -Wno-unused-const-variable -Wno-bool-operation -Wno-char-subscripts -Wno-implicit-const-int-float-conversion -Wno-microsoft-enum-forward-reference -O3 -fno-math-errno -fno-signed-zeros -mno-red-zone -c -o /var/folders/rv/fj31z1cj3j39vd6c2s012n7h0000gn/T//ffconf.JMIT29EY/test.o /var/folders/rv/fj31z1cj3j39vd6c2s012n7h0000gn/T//ffconf.JMIT29EY/test.c
check_cflags -mllvm -stack-alignment=16
test_cflags -mllvm -stack-alignment=16
test_cc -mllvm -stack-alignment=16
BEGIN /var/folders/rv/fj31z1cj3j39vd6c2s012n7h0000gn/T//ffconf.JMIT29EY/test.c
    1	int x;
END /var/folders/rv/fj31z1cj3j39vd6c2s012n7h0000gn/T//ffconf.JMIT29EY/test.c
gcc -D_ISOC11_SOURCE -D_FILE_OFFSET_BITS=64 -D_LARGEFILE_SOURCE -I$(SRC_PATH)/compat/dispatch_semaphore -DPIC -fPIC -arch x86_64 -mmacosx-version-min=11.0 -Wno-error=asm-operand-widths -I/Users/runner/work/ffmpeg-build/ffmpeg-build/vulkan-headers/include -std=c17 -Werror=partial-availability -fno-common -fomit-frame-pointer -fPIC -I/usr/local/Cellar/libx11/1.8.13/include -I/usr/local/Cellar/xorgproto/2025.1/include -I/usr/local/Cellar/libxcb/1.17.0/include -I/usr/local/Cellar/libxau/1.0.12/include -I/usr/local/Cellar/libxdmcp/1.1.5/include -I/usr/local/Cellar/libxext/1.3.7/include -I/usr/local/Cellar/xorgproto/2025.1/include -I/usr/local/Cellar/libx11/1.8.13/include -I/usr/local/Cellar/libxcb/1.17.0/include -I/usr/local/Cellar/libxau/1.0.12/include -I/usr/local/Cellar/libxdmcp/1.1.5/include -pthread -I/usr/local/Cellar/libxcb/1.17.0/include -I/usr/local/Cellar/libxau/1.0.12/include -I/usr/local/Cellar/libxdmcp/1.1.5/include -I/usr/local/Cellar/xorgproto/2025.1/include -I/usr/local/Cellar/libxcb/1.17.0/include -I/usr/local/Cellar/libxau/1.0.12/include -I/usr/local/Cellar/libxdmcp/1.1.5/include -I/usr/local/Cellar/xorgproto/2025.1/include -I/usr/local/Cellar/libxcb/1.17.0/include -I/usr/local/Cellar/libxau/1.0.12/include -I/usr/local/Cellar/libxdmcp/1.1.5/include -I/usr/local/Cellar/xorgproto/2025.1/include -I/usr/local/Cellar/libxcb/1.17.0/include -I/usr/local/Cellar/libxau/1.0.12/include -I/usr/local/Cellar/libxdmcp/1.1.5/include -I/usr/local/Cellar/xorgproto/2025.1/include -g -Wall -Wdisabled-optimization -Wpointer-arith -Wredundant-decls -Wwrite-strings -Wtype-limits -Wundef -Wempty-body -Wmissing-prototypes -Wstrict-prototypes -Wno-parentheses -Wno-switch -Wno-format-zero-length -Wno-pointer-sign -Wno-unused-const-variable -Wno-bool-operation -Wno-char-subscripts -Wno-implicit-const-int-float-conversion -Wno-microsoft-enum-forward-reference -O3 -fno-math-errno -fno-signed-zeros -mllvm -stack-alignment=16 -c -o /var/folders/rv/fj31z1cj3j39vd6c2s012n7h0000gn/T//ffconf.JMIT29EY/test.o /var/folders/rv/fj31z1cj3j39vd6c2s012n7h0000gn/T//ffconf.JMIT29EY/test.c
clang (LLVM option parsing): Unknown command line argument '-stack-alignment=16'.  Try: 'clang (LLVM option parsing) --help'
clang (LLVM option parsing): Did you mean '--stack-safety-print=16'?
check_cxxflags -mllvm -stack-alignment=16
test_cxxflags -mllvm -stack-alignment=16
test_cxx -mllvm -stack-alignment=16
BEGIN /var/folders/rv/fj31z1cj3j39vd6c2s012n7h0000gn/T//ffconf.JMIT29EY/test.cpp
    1	int x;
END /var/folders/rv/fj31z1cj3j39vd6c2s012n7h0000gn/T//ffconf.JMIT29EY/test.cpp
g++ -D_ISOC11_SOURCE -D_FILE_OFFSET_BITS=64 -D_LARGEFILE_SOURCE -I$(SRC_PATH)/compat/dispatch_semaphore -DPIC -D__STDC_CONSTANT_MACROS -std=c++17 -Werror=partial-availability -fomit-frame-pointer -fPIC -pthread -g -Wall -Wdisabled-optimization -Wpointer-arith -Wredundant-decls -Wwrite-strings -Wtype-limits -Wundef -Wempty-body -Wno-parentheses -Wno-switch -Wno-format-zero-length -Wno-pointer-sign -Wno-unused-const-variable -Wno-bool-operation -Wno-char-subscripts -Wno-implicit-const-int-float-conversion -Wno-microsoft-enum-forward-reference -O3 -fno-math-errno -fno-signed-zeros -mllvm -stack-alignment=16 -c -o /var/folders/rv/fj31z1cj3j39vd6c2s012n7h0000gn/T//ffconf.JMIT29EY/test.o /var/folders/rv/fj31z1cj3j39vd6c2s012n7h0000gn/T//ffconf.JMIT29EY/test.cpp
clang (LLVM option parsing): Unknown command line argument '-stack-alignment=16'.  Try: 'clang (LLVM option parsing) --help'
clang (LLVM option parsing): Did you mean '--stack-safety-print=16'?
check_objcflags -mllvm -stack-alignment=16
test_objcflags -mllvm -stack-alignment=16
test_objcc -mllvm -stack-alignment=16
BEGIN /var/folders/rv/fj31z1cj3j39vd6c2s012n7h0000gn/T//ffconf.JMIT29EY/test.m
    1	int x;
END /var/folders/rv/fj31z1cj3j39vd6c2s012n7h0000gn/T//ffconf.JMIT29EY/test.m
gcc -Werror=missing-prototypes -D_ISOC11_SOURCE -D_FILE_OFFSET_BITS=64 -D_LARGEFILE_SOURCE -I$(SRC_PATH)/compat/dispatch_semaphore -DPIC -fPIC -arch x86_64 -mmacosx-version-min=11.0 -Wno-error=asm-operand-widths -I/Users/runner/work/ffmpeg-build/ffmpeg-build/vulkan-headers/include -std=c17 -Werror=partial-availability -fno-common -fomit-frame-pointer -fPIC -I/usr/local/Cellar/libx11/1.8.13/include -I/usr/local/Cellar/xorgproto/2025.1/include -I/usr/local/Cellar/libxcb/1.17.0/include -I/usr/local/Cellar/libxau/1.0.12/include -I/usr/local/Cellar/libxdmcp/1.1.5/include -I/usr/local/Cellar/libxext/1.3.7/include -I/usr/local/Cellar/xorgproto/2025.1/include -I/usr/local/Cellar/libx11/1.8.13/include -I/usr/local/Cellar/libxcb/1.17.0/include -I/usr/local/Cellar/libxau/1.0.12/include -I/usr/local/Cellar/libxdmcp/1.1.5/include -pthread -I/usr/local/Cellar/libxcb/1.17.0/include -I/usr/local/Cellar/libxau/1.0.12/include -I/usr/local/Cellar/libxdmcp/1.1.5/include -I/usr/local/Cellar/xorgproto/2025.1/include -I/usr/local/Cellar/libxcb/1.17.0/include -I/usr/local/Cellar/libxau/1.0.12/include -I/usr/local/Cellar/libxdmcp/1.1.5/include -I/usr/local/Cellar/xorgproto/2025.1/include -I/usr/local/Cellar/libxcb/1.17.0/include -I/usr/local/Cellar/libxau/1.0.12/include -I/usr/local/Cellar/libxdmcp/1.1.5/include -I/usr/local/Cellar/xorgproto/2025.1/include -I/usr/local/Cellar/libxcb/1.17.0/include -I/usr/local/Cellar/libxau/1.0.12/include -I/usr/local/Cellar/libxdmcp/1.1.5/include -I/usr/local/Cellar/xorgproto/2025.1/include -g -Wall -Wdisabled-optimization -Wpointer-arith -Wredundant-decls -Wwrite-strings -Wtype-limits -Wundef -Wempty-body -Wmissing-prototypes -Wstrict-prototypes -Wno-parentheses -Wno-switch -Wno-format-zero-length -Wno-pointer-sign -Wno-unused-const-variable -Wno-bool-operation -Wno-char-subscripts -Wno-implicit-const-int-float-conversion -Wno-microsoft-enum-forward-reference -O3 -fno-math-errno -fno-signed-zeros -Werror=partial-availability -fomit-frame-pointer -fPIC -pthread -g -Wall -Wdisabled-optimization -Wpointer-arith -Wredundant-decls -Wwrite-strings -Wtype-limits -Wundef -Wempty-body -Wno-parentheses -Wno-switch -Wno-format-zero-length -Wno-pointer-sign -Wno-unused-const-variable -Wno-bool-operation -Wno-char-subscripts -Wno-implicit-const-int-float-conversion -Wno-microsoft-enum-forward-reference -O3 -fno-math-errno -fno-signed-zeros -mllvm -stack-alignment=16 -c -o /var/folders/rv/fj31z1cj3j39vd6c2s012n7h0000gn/T//ffconf.JMIT29EY/test.o /var/folders/rv/fj31z1cj3j39vd6c2s012n7h0000gn/T//ffconf.JMIT29EY/test.m
clang (LLVM option parsing): Unknown command line argument '-stack-alignment=16'.  Try: 'clang (LLVM option parsing) --help'
clang (LLVM option parsing): Did you mean '--stack-safety-print=16'?
check_cflags -mstack-alignment=16
test_cflags -mstack-alignment=16
test_cc -mstack-alignment=16
BEGIN /var/folders/rv/fj31z1cj3j39vd6c2s012n7h0000gn/T//ffconf.JMIT29EY/test.c
    1	int x;
END /var/folders/rv/fj31z1cj3j39vd6c2s012n7h0000gn/T//ffconf.JMIT29EY/test.c
gcc -D_ISOC11_SOURCE -D_FILE_OFFSET_BITS=64 -D_LARGEFILE_SOURCE -I$(SRC_PATH)/compat/dispatch_semaphore -DPIC -fPIC -arch x86_64 -mmacosx-version-min=11.0 -Wno-error=asm-operand-widths -I/Users/runner/work/ffmpeg-build/ffmpeg-build/vulkan-headers/include -std=c17 -Werror=partial-availability -fno-common -fomit-frame-pointer -fPIC -I/usr/local/Cellar/libx11/1.8.13/include -I/usr/local/Cellar/xorgproto/2025.1/include -I/usr/local/Cellar/libxcb/1.17.0/include -I/usr/local/Cellar/libxau/1.0.12/include -I/usr/local/Cellar/libxdmcp/1.1.5/include -I/usr/local/Cellar/libxext/1.3.7/include -I/usr/local/Cellar/xorgproto/2025.1/include -I/usr/local/Cellar/libx11/1.8.13/include -I/usr/local/Cellar/libxcb/1.17.0/include -I/usr/local/Cellar/libxau/1.0.12/include -I/usr/local/Cellar/libxdmcp/1.1.5/include -pthread -I/usr/local/Cellar/libxcb/1.17.0/include -I/usr/local/Cellar/libxau/1.0.12/include -I/usr/local/Cellar/libxdmcp/1.1.5/include -I/usr/local/Cellar/xorgproto/2025.1/include -I/usr/local/Cellar/libxcb/1.17.0/include -I/usr/local/Cellar/libxau/1.0.12/include -I/usr/local/Cellar/libxdmcp/1.1.5/include -I/usr/local/Cellar/xorgproto/2025.1/include -I/usr/local/Cellar/libxcb/1.17.0/include -I/usr/local/Cellar/libxau/1.0.12/include -I/usr/local/Cellar/libxdmcp/1.1.5/include -I/usr/local/Cellar/xorgproto/2025.1/include -I/usr/local/Cellar/libxcb/1.17.0/include -I/usr/local/Cellar/libxau/1.0.12/include -I/usr/local/Cellar/libxdmcp/1.1.5/include -I/usr/local/Cellar/xorgproto/2025.1/include -g -Wall -Wdisabled-optimization -Wpointer-arith -Wredundant-decls -Wwrite-strings -Wtype-limits -Wundef -Wempty-body -Wmissing-prototypes -Wstrict-prototypes -Wno-parentheses -Wno-switch -Wno-format-zero-length -Wno-pointer-sign -Wno-unused-const-variable -Wno-bool-operation -Wno-char-subscripts -Wno-implicit-const-int-float-conversion -Wno-microsoft-enum-forward-reference -O3 -fno-math-errno -fno-signed-zeros -mstack-alignment=16 -c -o /var/folders/rv/fj31z1cj3j39vd6c2s012n7h0000gn/T//ffconf.JMIT29EY/test.o /var/folders/rv/fj31z1cj3j39vd6c2s012n7h0000gn/T//ffconf.JMIT29EY/test.c
check_cxxflags -mstack-alignment=16
test_cxxflags -mstack-alignment=16
test_cxx -mstack-alignment=16
BEGIN /var/folders/rv/fj31z1cj3j39vd6c2s012n7h0000gn/T//ffconf.JMIT29EY/test.cpp
    1	int x;
END /var/folders/rv/fj31z1cj3j39vd6c2s012n7h0000gn/T//ffconf.JMIT29EY/test.cpp
g++ -D_ISOC11_SOURCE -D_FILE_OFFSET_BITS=64 -D_LARGEFILE_SOURCE -I$(SRC_PATH)/compat/dispatch_semaphore -DPIC -D__STDC_CONSTANT_MACROS -std=c++17 -Werror=partial-availability -fomit-frame-pointer -fPIC -pthread -g -Wall -Wdisabled-optimization -Wpointer-arith -Wredundant-decls -Wwrite-strings -Wtype-limits -Wundef -Wempty-body -Wno-parentheses -Wno-switch -Wno-format-zero-length -Wno-pointer-sign -Wno-unused-const-variable -Wno-bool-operation -Wno-char-subscripts -Wno-implicit-const-int-float-conversion -Wno-microsoft-enum-forward-reference -O3 -fno-math-errno -fno-signed-zeros -mstack-alignment=16 -c -o /var/folders/rv/fj31z1cj3j39vd6c2s012n7h0000gn/T//ffconf.JMIT29EY/test.o /var/folders/rv/fj31z1cj3j39vd6c2s012n7h0000gn/T//ffconf.JMIT29EY/test.cpp
check_objcflags -mstack-alignment=16
test_objcflags -mstack-alignment=16
test_objcc -mstack-alignment=16
BEGIN /var/folders/rv/fj31z1cj3j39vd6c2s012n7h0000gn/T//ffconf.JMIT29EY/test.m
    1	int x;
END /var/folders/rv/fj31z1cj3j39vd6c2s012n7h0000gn/T//ffconf.JMIT29EY/test.m
gcc -Werror=missing-prototypes -D_ISOC11_SOURCE -D_FILE_OFFSET_BITS=64 -D_LARGEFILE_SOURCE -I$(SRC_PATH)/compat/dispatch_semaphore -DPIC -fPIC -arch x86_64 -mmacosx-version-min=11.0 -Wno-error=asm-operand-widths -I/Users/runner/work/ffmpeg-build/ffmpeg-build/vulkan-headers/include -std=c17 -Werror=partial-availability -fno-common -fomit-frame-pointer -fPIC -I/usr/local/Cellar/libx11/1.8.13/include -I/usr/local/Cellar/xorgproto/2025.1/include -I/usr/local/Cellar/libxcb/1.17.0/include -I/usr/local/Cellar/libxau/1.0.12/include -I/usr/local/Cellar/libxdmcp/1.1.5/include -I/usr/local/Cellar/libxext/1.3.7/include -I/usr/local/Cellar/xorgproto/2025.1/include -I/usr/local/Cellar/libx11/1.8.13/include -I/usr/local/Cellar/libxcb/1.17.0/include -I/usr/local/Cellar/libxau/1.0.12/include -I/usr/local/Cellar/libxdmcp/1.1.5/include -pthread -I/usr/local/Cellar/libxcb/1.17.0/include -I/usr/local/Cellar/libxau/1.0.12/include -I/usr/local/Cellar/libxdmcp/1.1.5/include -I/usr/local/Cellar/xorgproto/2025.1/include -I/usr/local/Cellar/libxcb/1.17.0/include -I/usr/local/Cellar/libxau/1.0.12/include -I/usr/local/Cellar/libxdmcp/1.1.5/include -I/usr/local/Cellar/xorgproto/2025.1/include -I/usr/local/Cellar/libxcb/1.17.0/include -I/usr/local/Cellar/libxau/1.0.12/include -I/usr/local/Cellar/libxdmcp/1.1.5/include -I/usr/local/Cellar/xorgproto/2025.1/include -I/usr/local/Cellar/libxcb/1.17.0/include -I/usr/local/Cellar/libxau/1.0.12/include -I/usr/local/Cellar/libxdmcp/1.1.5/include -I/usr/local/Cellar/xorgproto/2025.1/include -g -Wall -Wdisabled-optimization -Wpointer-arith -Wredundant-decls -Wwrite-strings -Wtype-limits -Wundef -Wempty-body -Wmissing-prototypes -Wstrict-prototypes -Wno-parentheses -Wno-switch -Wno-format-zero-length -Wno-pointer-sign -Wno-unused-const-variable -Wno-bool-operation -Wno-char-subscripts -Wno-implicit-const-int-float-conversion -Wno-microsoft-enum-forward-reference -O3 -fno-math-errno -fno-signed-zeros -mstack-alignment=16 -Werror=partial-availability -fomit-frame-pointer -fPIC -pthread -g -Wall -Wdisabled-optimization -Wpointer-arith -Wredundant-decls -Wwrite-strings -Wtype-limits -Wundef -Wempty-body -Wno-parentheses -Wno-switch -Wno-format-zero-length -Wno-pointer-sign -Wno-unused-const-variable -Wno-bool-operation -Wno-char-subscripts -Wno-implicit-const-int-float-conversion -Wno-microsoft-enum-forward-reference -O3 -fno-math-errno -fno-signed-zeros -mstack-alignment=16 -c -o /var/folders/rv/fj31z1cj3j39vd6c2s012n7h0000gn/T//ffconf.JMIT29EY/test.o /var/folders/rv/fj31z1cj3j39vd6c2s012n7h0000gn/T//ffconf.JMIT29EY/test.m
check_cflags -Qunused-arguments
test_cflags -Qunused-arguments
test_cc -Qunused-arguments
BEGIN /var/folders/rv/fj31z1cj3j39vd6c2s012n7h0000gn/T//ffconf.JMIT29EY/test.c
    1	int x;
END /var/folders/rv/fj31z1cj3j39vd6c2s012n7h0000gn/T//ffconf.JMIT29EY/test.c
gcc -D_ISOC11_SOURCE -D_FILE_OFFSET_BITS=64 -D_LARGEFILE_SOURCE -I$(SRC_PATH)/compat/dispatch_semaphore -DPIC -fPIC -arch x86_64 -mmacosx-version-min=11.0 -Wno-error=asm-operand-widths -I/Users/runner/work/ffmpeg-build/ffmpeg-build/vulkan-headers/include -std=c17 -Werror=partial-availability -fno-common -fomit-frame-pointer -fPIC -I/usr/local/Cellar/libx11/1.8.13/include -I/usr/local/Cellar/xorgproto/2025.1/include -I/usr/local/Cellar/libxcb/1.17.0/include -I/usr/local/Cellar/libxau/1.0.12/include -I/usr/local/Cellar/libxdmcp/1.1.5/include -I/usr/local/Cellar/libxext/1.3.7/include -I/usr/local/Cellar/xorgproto/2025.1/include -I/usr/local/Cellar/libx11/1.8.13/include -I/usr/local/Cellar/libxcb/1.17.0/include -I/usr/local/Cellar/libxau/1.0.12/include -I/usr/local/Cellar/libxdmcp/1.1.5/include -pthread -I/usr/local/Cellar/libxcb/1.17.0/include -I/usr/local/Cellar/libxau/1.0.12/include -I/usr/local/Cellar/libxdmcp/1.1.5/include -I/usr/local/Cellar/xorgproto/2025.1/include -I/usr/local/Cellar/libxcb/1.17.0/include -I/usr/local/Cellar/libxau/1.0.12/include -I/usr/local/Cellar/libxdmcp/1.1.5/include -I/usr/local/Cellar/xorgproto/2025.1/include -I/usr/local/Cellar/libxcb/1.17.0/include -I/usr/local/Cellar/libxau/1.0.12/include -I/usr/local/Cellar/libxdmcp/1.1.5/include -I/usr/local/Cellar/xorgproto/2025.1/include -I/usr/local/Cellar/libxcb/1.17.0/include -I/usr/local/Cellar/libxau/1.0.12/include -I/usr/local/Cellar/libxdmcp/1.1.5/include -I/usr/local/Cellar/xorgproto/2025.1/include -g -Wall -Wdisabled-optimization -Wpointer-arith -Wredundant-decls -Wwrite-strings -Wtype-limits -Wundef -Wempty-body -Wmissing-prototypes -Wstrict-prototypes -Wno-parentheses -Wno-switch -Wno-format-zero-length -Wno-pointer-sign -Wno-unused-const-variable -Wno-bool-operation -Wno-char-subscripts -Wno-implicit-const-int-float-conversion -Wno-microsoft-enum-forward-reference -O3 -fno-math-errno -fno-signed-zeros -mstack-alignment=16 -Qunused-arguments -c -o /var/folders/rv/fj31z1cj3j39vd6c2s012n7h0000gn/T//ffconf.JMIT29EY/test.o /var/folders/rv/fj31z1cj3j39vd6c2s012n7h0000gn/T//ffconf.JMIT29EY/test.c
check_cxxflags -Qunused-arguments
test_cxxflags -Qunused-arguments
test_cxx -Qunused-arguments
BEGIN /var/folders/rv/fj31z1cj3j39vd6c2s012n7h0000gn/T//ffconf.JMIT29EY/test.cpp
    1	int x;
END /var/folders/rv/fj31z1cj3j39vd6c2s012n7h0000gn/T//ffconf.JMIT29EY/test.cpp
g++ -D_ISOC11_SOURCE -D_FILE_OFFSET_BITS=64 -D_LARGEFILE_SOURCE -I$(SRC_PATH)/compat/dispatch_semaphore -DPIC -D__STDC_CONSTANT_MACROS -std=c++17 -Werror=partial-availability -fomit-frame-pointer -fPIC -pthread -g -Wall -Wdisabled-optimization -Wpointer-arith -Wredundant-decls -Wwrite-strings -Wtype-limits -Wundef -Wempty-body -Wno-parentheses -Wno-switch -Wno-format-zero-length -Wno-pointer-sign -Wno-unused-const-variable -Wno-bool-operation -Wno-char-subscripts -Wno-implicit-const-int-float-conversion -Wno-microsoft-enum-forward-reference -O3 -fno-math-errno -fno-signed-zeros -mstack-alignment=16 -Qunused-arguments -c -o /var/folders/rv/fj31z1cj3j39vd6c2s012n7h0000gn/T//ffconf.JMIT29EY/test.o /var/folders/rv/fj31z1cj3j39vd6c2s012n7h0000gn/T//ffconf.JMIT29EY/test.cpp
check_objcflags -Qunused-arguments
test_objcflags -Qunused-arguments
test_objcc -Qunused-arguments
BEGIN /var/folders/rv/fj31z1cj3j39vd6c2s012n7h0000gn/T//ffconf.JMIT29EY/test.m
    1	int x;
END /var/folders/rv/fj31z1cj3j39vd6c2s012n7h0000gn/T//ffconf.JMIT29EY/test.m
gcc -Werror=missing-prototypes -D_ISOC11_SOURCE -D_FILE_OFFSET_BITS=64 -D_LARGEFILE_SOURCE -I$(SRC_PATH)/compat/dispatch_semaphore -DPIC -fPIC -arch x86_64 -mmacosx-version-min=11.0 -Wno-error=asm-operand-widths -I/Users/runner/work/ffmpeg-build/ffmpeg-build/vulkan-headers/include -std=c17 -Werror=partial-availability -fno-common -fomit-frame-pointer -fPIC -I/usr/local/Cellar/libx11/1.8.13/include -I/usr/local/Cellar/xorgproto/2025.1/include -I/usr/local/Cellar/libxcb/1.17.0/include -I/usr/local/Cellar/libxau/1.0.12/include -I/usr/local/Cellar/libxdmcp/1.1.5/include -I/usr/local/Cellar/libxext/1.3.7/include -I/usr/local/Cellar/xorgproto/2025.1/include -I/usr/local/Cellar/libx11/1.8.13/include -I/usr/local/Cellar/libxcb/1.17.0/include -I/usr/local/Cellar/libxau/1.0.12/include -I/usr/local/Cellar/libxdmcp/1.1.5/include -pthread -I/usr/local/Cellar/libxcb/1.17.0/include -I/usr/local/Cellar/libxau/1.0.12/include -I/usr/local/Cellar/libxdmcp/1.1.5/include -I/usr/local/Cellar/xorgproto/2025.1/include -I/usr/local/Cellar/libxcb/1.17.0/include -I/usr/local/Cellar/libxau/1.0.12/include -I/usr/local/Cellar/libxdmcp/1.1.5/include -I/usr/local/Cellar/xorgproto/2025.1/include -I/usr/local/Cellar/libxcb/1.17.0/include -I/usr/local/Cellar/libxau/1.0.12/include -I/usr/local/Cellar/libxdmcp/1.1.5/include -I/usr/local/Cellar/xorgproto/2025.1/include -I/usr/local/Cellar/libxcb/1.17.0/include -I/usr/local/Cellar/libxau/1.0.12/include -I/usr/local/Cellar/libxdmcp/1.1.5/include -I/usr/local/Cellar/xorgproto/2025.1/include -g -Wall -Wdisabled-optimization -Wpointer-arith -Wredundant-decls -Wwrite-strings -Wtype-limits -Wundef -Wempty-body -Wmissing-prototypes -Wstrict-prototypes -Wno-parentheses -Wno-switch -Wno-format-zero-length -Wno-pointer-sign -Wno-unused-const-variable -Wno-bool-operation -Wno-char-subscripts -Wno-implicit-const-int-float-conversion -Wno-microsoft-enum-forward-reference -O3 -fno-math-errno -fno-signed-zeros -mstack-alignment=16 -Qunused-arguments -Werror=partial-availability -fomit-frame-pointer -fPIC -pthread -g -Wall -Wdisabled-optimization -Wpointer-arith -Wredundant-decls -Wwrite-strings -Wtype-limits -Wundef -Wempty-body -Wno-parentheses -Wno-switch -Wno-format-zero-length -Wno-pointer-sign -Wno-unused-const-variable -Wno-bool-operation -Wno-char-subscripts -Wno-implicit-const-int-float-conversion -Wno-microsoft-enum-forward-reference -O3 -fno-math-errno -fno-signed-zeros -mstack-alignment=16 -Qunused-arguments -c -o /var/folders/rv/fj31z1cj3j39vd6c2s012n7h0000gn/T//ffconf.JMIT29EY/test.o /var/folders/rv/fj31z1cj3j39vd6c2s012n7h0000gn/T//ffconf.JMIT29EY/test.m
check_cflags -Werror=implicit-function-declaration
test_cflags -Werror=implicit-function-declaration
test_cc -Werror=implicit-function-declaration
BEGIN /var/folders/rv/fj31z1cj3j39vd6c2s012n7h0000gn/T//ffconf.JMIT29EY/test.c
    1	int x;
END /var/folders/rv/fj31z1cj3j39vd6c2s012n7h0000gn/T//ffconf.JMIT29EY/test.c
gcc -D_ISOC11_SOURCE -D_FILE_OFFSET_BITS=64 -D_LARGEFILE_SOURCE -I$(SRC_PATH)/compat/dispatch_semaphore -DPIC -fPIC -arch x86_64 -mmacosx-version-min=11.0 -Wno-error=asm-operand-widths -I/Users/runner/work/ffmpeg-build/ffmpeg-build/vulkan-headers/include -std=c17 -Werror=partial-availability -fno-common -fomit-frame-pointer -fPIC -I/usr/local/Cellar/libx11/1.8.13/include -I/usr/local/Cellar/xorgproto/2025.1/include -I/usr/local/Cellar/libxcb/1.17.0/include -I/usr/local/Cellar/libxau/1.0.12/include -I/usr/local/Cellar/libxdmcp/1.1.5/include -I/usr/local/Cellar/libxext/1.3.7/include -I/usr/local/Cellar/xorgproto/2025.1/include -I/usr/local/Cellar/libx11/1.8.13/include -I/usr/local/Cellar/libxcb/1.17.0/include -I/usr/local/Cellar/libxau/1.0.12/include -I/usr/local/Cellar/libxdmcp/1.1.5/include -pthread -I/usr/local/Cellar/libxcb/1.17.0/include -I/usr/local/Cellar/libxau/1.0.12/include -I/usr/local/Cellar/libxdmcp/1.1.5/include -I/usr/local/Cellar/xorgproto/2025.1/include -I/usr/local/Cellar/libxcb/1.17.0/include -I/usr/local/Cellar/libxau/1.0.12/include -I/usr/local/Cellar/libxdmcp/1.1.5/include -I/usr/local/Cellar/xorgproto/2025.1/include -I/usr/local/Cellar/libxcb/1.17.0/include -I/usr/local/Cellar/libxau/1.0.12/include -I/usr/local/Cellar/libxdmcp/1.1.5/include -I/usr/local/Cellar/xorgproto/2025.1/include -I/usr/local/Cellar/libxcb/1.17.0/include -I/usr/local/Cellar/libxau/1.0.12/include -I/usr/local/Cellar/libxdmcp/1.1.5/include -I/usr/local/Cellar/xorgproto/2025.1/include -g -Wall -Wdisabled-optimization -Wpointer-arith -Wredundant-decls -Wwrite-strings -Wtype-limits -Wundef -Wempty-body -Wmissing-prototypes -Wstrict-prototypes -Wno-parentheses -Wno-switch -Wno-format-zero-length -Wno-pointer-sign -Wno-unused-const-variable -Wno-bool-operation -Wno-char-subscripts -Wno-implicit-const-int-float-conversion -Wno-microsoft-enum-forward-reference -O3 -fno-math-errno -fno-signed-zeros -mstack-alignment=16 -Qunused-arguments -Werror=implicit-function-declaration -c -o /var/folders/rv/fj31z1cj3j39vd6c2s012n7h0000gn/T//ffconf.JMIT29EY/test.o /var/folders/rv/fj31z1cj3j39vd6c2s012n7h0000gn/T//ffconf.JMIT29EY/test.c
check_cxxflags -Werror=implicit-function-declaration
test_cxxflags -Werror=implicit-function-declaration
test_cxx -Werror=implicit-function-declaration
BEGIN /var/folders/rv/fj31z1cj3j39vd6c2s012n7h0000gn/T//ffconf.JMIT29EY/test.cpp
    1	int x;
END /var/folders/rv/fj31z1cj3j39vd6c2s012n7h0000gn/T//ffconf.JMIT29EY/test.cpp
g++ -D_ISOC11_SOURCE -D_FILE_OFFSET_BITS=64 -D_LARGEFILE_SOURCE -I$(SRC_PATH)/compat/dispatch_semaphore -DPIC -D__STDC_CONSTANT_MACROS -std=c++17 -Werror=partial-availability -fomit-frame-pointer -fPIC -pthread -g -Wall -Wdisabled-optimization -Wpointer-arith -Wredundant-decls -Wwrite-strings -Wtype-limits -Wundef -Wempty-body -Wno-parentheses -Wno-switch -Wno-format-zero-length -Wno-pointer-sign -Wno-unused-const-variable -Wno-bool-operation -Wno-char-subscripts -Wno-implicit-const-int-float-conversion -Wno-microsoft-enum-forward-reference -O3 -fno-math-errno -fno-signed-zeros -mstack-alignment=16 -Qunused-arguments -Werror=implicit-function-declaration -c -o /var/folders/rv/fj31z1cj3j39vd6c2s012n7h0000gn/T//ffconf.JMIT29EY/test.o /var/folders/rv/fj31z1cj3j39vd6c2s012n7h0000gn/T//ffconf.JMIT29EY/test.cpp
check_objcflags -Werror=implicit-function-declaration
test_objcflags -Werror=implicit-function-declaration
test_objcc -Werror=implicit-function-declaration
BEGIN /var/folders/rv/fj31z1cj3j39vd6c2s012n7h0000gn/T//ffconf.JMIT29EY/test.m
    1	int x;
END /var/folders/rv/fj31z1cj3j39vd6c2s012n7h0000gn/T//ffconf.JMIT29EY/test.m
gcc -Werror=missing-prototypes -D_ISOC11_SOURCE -D_FILE_OFFSET_BITS=64 -D_LARGEFILE_SOURCE -I$(SRC_PATH)/compat/dispatch_semaphore -DPIC -fPIC -arch x86_64 -mmacosx-version-min=11.0 -Wno-error=asm-operand-widths -I/Users/runner/work/ffmpeg-build/ffmpeg-build/vulkan-headers/include -std=c17 -Werror=partial-availability -fno-common -fomit-frame-pointer -fPIC -I/usr/local/Cellar/libx11/1.8.13/include -I/usr/local/Cellar/xorgproto/2025.1/include -I/usr/local/Cellar/libxcb/1.17.0/include -I/usr/local/Cellar/libxau/1.0.12/include -I/usr/local/Cellar/libxdmcp/1.1.5/include -I/usr/local/Cellar/libxext/1.3.7/include -I/usr/local/Cellar/xorgproto/2025.1/include -I/usr/local/Cellar/libx11/1.8.13/include -I/usr/local/Cellar/libxcb/1.17.0/include -I/usr/local/Cellar/libxau/1.0.12/include -I/usr/local/Cellar/libxdmcp/1.1.5/include -pthread -I/usr/local/Cellar/libxcb/1.17.0/include -I/usr/local/Cellar/libxau/1.0.12/include -I/usr/local/Cellar/libxdmcp/1.1.5/include -I/usr/local/Cellar/xorgproto/2025.1/include -I/usr/local/Cellar/libxcb/1.17.0/include -I/usr/local/Cellar/libxau/1.0.12/include -I/usr/local/Cellar/libxdmcp/1.1.5/include -I/usr/local/Cellar/xorgproto/2025.1/include -I/usr/local/Cellar/libxcb/1.17.0/include -I/usr/local/Cellar/libxau/1.0.12/include -I/usr/local/Cellar/libxdmcp/1.1.5/include -I/usr/local/Cellar/xorgproto/2025.1/include -I/usr/local/Cellar/libxcb/1.17.0/include -I/usr/local/Cellar/libxau/1.0.12/include -I/usr/local/Cellar/libxdmcp/1.1.5/include -I/usr/local/Cellar/xorgproto/2025.1/include -g -Wall -Wdisabled-optimization -Wpointer-arith -Wredundant-decls -Wwrite-strings -Wtype-limits -Wundef -Wempty-body -Wmissing-prototypes -Wstrict-prototypes -Wno-parentheses -Wno-switch -Wno-format-zero-length -Wno-pointer-sign -Wno-unused-const-variable -Wno-bool-operation -Wno-char-subscripts -Wno-implicit-const-int-float-conversion -Wno-microsoft-enum-forward-reference -O3 -fno-math-errno -fno-signed-zeros -mstack-alignment=16 -Qunused-arguments -Werror=implicit-function-declaration -Werror=partial-availability -fomit-frame-pointer -fPIC -pthread -g -Wall -Wdisabled-optimization -Wpointer-arith -Wredundant-decls -Wwrite-strings -Wtype-limits -Wundef -Wempty-body -Wno-parentheses -Wno-switch -Wno-format-zero-length -Wno-pointer-sign -Wno-unused-const-variable -Wno-bool-operation -Wno-char-subscripts -Wno-implicit-const-int-float-conversion -Wno-microsoft-enum-forward-reference -O3 -fno-math-errno -fno-signed-zeros -mstack-alignment=16 -Qunused-arguments -Werror=implicit-function-declaration -c -o /var/folders/rv/fj31z1cj3j39vd6c2s012n7h0000gn/T//ffconf.JMIT29EY/test.o /var/folders/rv/fj31z1cj3j39vd6c2s012n7h0000gn/T//ffconf.JMIT29EY/test.m
check_cflags -Werror=missing-prototypes
test_cflags -Werror=missing-prototypes
test_cc -Werror=missing-prototypes
BEGIN /var/folders/rv/fj31z1cj3j39vd6c2s012n7h0000gn/T//ffconf.JMIT29EY/test.c
    1	int x;
END /var/folders/rv/fj31z1cj3j39vd6c2s012n7h0000gn/T//ffconf.JMIT29EY/test.c
gcc -D_ISOC11_SOURCE -D_FILE_OFFSET_BITS=64 -D_LARGEFILE_SOURCE -I$(SRC_PATH)/compat/dispatch_semaphore -DPIC -fPIC -arch x86_64 -mmacosx-version-min=11.0 -Wno-error=asm-operand-widths -I/Users/runner/work/ffmpeg-build/ffmpeg-build/vulkan-headers/include -std=c17 -Werror=partial-availability -fno-common -fomit-frame-pointer -fPIC -I/usr/local/Cellar/libx11/1.8.13/include -I/usr/local/Cellar/xorgproto/2025.1/include -I/usr/local/Cellar/libxcb/1.17.0/include -I/usr/local/Cellar/libxau/1.0.12/include -I/usr/local/Cellar/libxdmcp/1.1.5/include -I/usr/local/Cellar/libxext/1.3.7/include -I/usr/local/Cellar/xorgproto/2025.1/include -I/usr/local/Cellar/libx11/1.8.13/include -I/usr/local/Cellar/libxcb/1.17.0/include -I/usr/local/Cellar/libxau/1.0.12/include -I/usr/local/Cellar/libxdmcp/1.1.5/include -pthread -I/usr/local/Cellar/libxcb/1.17.0/include -I/usr/local/Cellar/libxau/1.0.12/include -I/usr/local/Cellar/libxdmcp/1.1.5/include -I/usr/local/Cellar/xorgproto/2025.1/include -I/usr/local/Cellar/libxcb/1.17.0/include -I/usr/local/Cellar/libxau/1.0.12/include -I/usr/local/Cellar/libxdmcp/1.1.5/include -I/usr/local/Cellar/xorgproto/2025.1/include -I/usr/local/Cellar/libxcb/1.17.0/include -I/usr/local/Cellar/libxau/1.0.12/include -I/usr/local/Cellar/libxdmcp/1.1.5/include -I/usr/local/Cellar/xorgproto/2025.1/include -I/usr/local/Cellar/libxcb/1.17.0/include -I/usr/local/Cellar/libxau/1.0.12/include -I/usr/local/Cellar/libxdmcp/1.1.5/include -I/usr/local/Cellar/xorgproto/2025.1/include -g -Wall -Wdisabled-optimization -Wpointer-arith -Wredundant-decls -Wwrite-strings -Wtype-limits -Wundef -Wempty-body -Wmissing-prototypes -Wstrict-prototypes -Wno-parentheses -Wno-switch -Wno-format-zero-length -Wno-pointer-sign -Wno-unused-const-variable -Wno-bool-operation -Wno-char-subscripts -Wno-implicit-const-int-float-conversion -Wno-microsoft-enum-forward-reference -O3 -fno-math-errno -fno-signed-zeros -mstack-alignment=16 -Qunused-arguments -Werror=implicit-function-declaration -Werror=missing-prototypes -c -o /var/folders/rv/fj31z1cj3j39vd6c2s012n7h0000gn/T//ffconf.JMIT29EY/test.o /var/folders/rv/fj31z1cj3j39vd6c2s012n7h0000gn/T//ffconf.JMIT29EY/test.c
check_cxxflags -Werror=missing-prototypes
test_cxxflags -Werror=missing-prototypes
test_cxx -Werror=missing-prototypes
BEGIN /var/folders/rv/fj31z1cj3j39vd6c2s012n7h0000gn/T//ffconf.JMIT29EY/test.cpp
    1	int x;
END /var/folders/rv/fj31z1cj3j39vd6c2s012n7h0000gn/T//ffconf.JMIT29EY/test.cpp
g++ -D_ISOC11_SOURCE -D_FILE_OFFSET_BITS=64 -D_LARGEFILE_SOURCE -I$(SRC_PATH)/compat/dispatch_semaphore -DPIC -D__STDC_CONSTANT_MACROS -std=c++17 -Werror=partial-availability -fomit-frame-pointer -fPIC -pthread -g -Wall -Wdisabled-optimization -Wpointer-arith -Wredundant-decls -Wwrite-strings -Wtype-limits -Wundef -Wempty-body -Wno-parentheses -Wno-switch -Wno-format-zero-length -Wno-pointer-sign -Wno-unused-const-variable -Wno-bool-operation -Wno-char-subscripts -Wno-implicit-const-int-float-conversion -Wno-microsoft-enum-forward-reference -O3 -fno-math-errno -fno-signed-zeros -mstack-alignment=16 -Qunused-arguments -Werror=implicit-function-declaration -Werror=missing-prototypes -c -o /var/folders/rv/fj31z1cj3j39vd6c2s012n7h0000gn/T//ffconf.JMIT29EY/test.o /var/folders/rv/fj31z1cj3j39vd6c2s012n7h0000gn/T//ffconf.JMIT29EY/test.cpp
check_objcflags -Werror=missing-prototypes
test_objcflags -Werror=missing-prototypes
test_objcc -Werror=missing-prototypes
BEGIN /var/folders/rv/fj31z1cj3j39vd6c2s012n7h0000gn/T//ffconf.JMIT29EY/test.m
    1	int x;
END /var/folders/rv/fj31z1cj3j39vd6c2s012n7h0000gn/T//ffconf.JMIT29EY/test.m
gcc -Werror=missing-prototypes -D_ISOC11_SOURCE -D_FILE_OFFSET_BITS=64 -D_LARGEFILE_SOURCE -I$(SRC_PATH)/compat/dispatch_semaphore -DPIC -fPIC -arch x86_64 -mmacosx-version-min=11.0 -Wno-error=asm-operand-widths -I/Users/runner/work/ffmpeg-build/ffmpeg-build/vulkan-headers/include -std=c17 -Werror=partial-availability -fno-common -fomit-frame-pointer -fPIC -I/usr/local/Cellar/libx11/1.8.13/include -I/usr/local/Cellar/xorgproto/2025.1/include -I/usr/local/Cellar/libxcb/1.17.0/include -I/usr/local/Cellar/libxau/1.0.12/include -I/usr/local/Cellar/libxdmcp/1.1.5/include -I/usr/local/Cellar/libxext/1.3.7/include -I/usr/local/Cellar/xorgproto/2025.1/include -I/usr/local/Cellar/libx11/1.8.13/include -I/usr/local/Cellar/libxcb/1.17.0/include -I/usr/local/Cellar/libxau/1.0.12/include -I/usr/local/Cellar/libxdmcp/1.1.5/include -pthread -I/usr/local/Cellar/libxcb/1.17.0/include -I/usr/local/Cellar/libxau/1.0.12/include -I/usr/local/Cellar/libxdmcp/1.1.5/include -I/usr/local/Cellar/xorgproto/2025.1/include -I/usr/local/Cellar/libxcb/1.17.0/include -I/usr/local/Cellar/libxau/1.0.12/include -I/usr/local/Cellar/libxdmcp/1.1.5/include -I/usr/local/Cellar/xorgproto/2025.1/include -I/usr/local/Cellar/libxcb/1.17.0/include -I/usr/local/Cellar/libxau/1.0.12/include -I/usr/local/Cellar/libxdmcp/1.1.5/include -I/usr/local/Cellar/xorgproto/2025.1/include -I/usr/local/Cellar/libxcb/1.17.0/include -I/usr/local/Cellar/libxau/1.0.12/include -I/usr/local/Cellar/libxdmcp/1.1.5/include -I/usr/local/Cellar/xorgproto/2025.1/include -g -Wall -Wdisabled-optimization -Wpointer-arith -Wredundant-decls -Wwrite-strings -Wtype-limits -Wundef -Wempty-body -Wmissing-prototypes -Wstrict-prototypes -Wno-parentheses -Wno-switch -Wno-format-zero-length -Wno-pointer-sign -Wno-unused-const-variable -Wno-bool-operation -Wno-char-subscripts -Wno-implicit-const-int-float-conversion -Wno-microsoft-enum-forward-reference -O3 -fno-math-errno -fno-signed-zeros -mstack-alignment=16 -Qunused-arguments -Werror=implicit-function-declaration -Werror=missing-prototypes -Werror=partial-availability -fomit-frame-pointer -fPIC -pthread -g -Wall -Wdisabled-optimization -Wpointer-arith -Wredundant-decls -Wwrite-strings -Wtype-limits -Wundef -Wempty-body -Wno-parentheses -Wno-switch -Wno-format-zero-length -Wno-pointer-sign -Wno-unused-const-variable -Wno-bool-operation -Wno-char-subscripts -Wno-implicit-const-int-float-conversion -Wno-microsoft-enum-forward-reference -O3 -fno-math-errno -fno-signed-zeros -mstack-alignment=16 -Qunused-arguments -Werror=implicit-function-declaration -Werror=missing-prototypes -c -o /var/folders/rv/fj31z1cj3j39vd6c2s012n7h0000gn/T//ffconf.JMIT29EY/test.o /var/folders/rv/fj31z1cj3j39vd6c2s012n7h0000gn/T//ffconf.JMIT29EY/test.m
check_cflags -Werror=return-type
test_cflags -Werror=return-type
test_cc -Werror=return-type
BEGIN /var/folders/rv/fj31z1cj3j39vd6c2s012n7h0000gn/T//ffconf.JMIT29EY/test.c
    1	int x;
END /var/folders/rv/fj31z1cj3j39vd6c2s012n7h0000gn/T//ffconf.JMIT29EY/test.c
gcc -D_ISOC11_SOURCE -D_FILE_OFFSET_BITS=64 -D_LARGEFILE_SOURCE -I$(SRC_PATH)/compat/dispatch_semaphore -DPIC -fPIC -arch x86_64 -mmacosx-version-min=11.0 -Wno-error=asm-operand-widths -I/Users/runner/work/ffmpeg-build/ffmpeg-build/vulkan-headers/include -std=c17 -Werror=partial-availability -fno-common -fomit-frame-pointer -fPIC -I/usr/local/Cellar/libx11/1.8.13/include -I/usr/local/Cellar/xorgproto/2025.1/include -I/usr/local/Cellar/libxcb/1.17.0/include -I/usr/local/Cellar/libxau/1.0.12/include -I/usr/local/Cellar/libxdmcp/1.1.5/include -I/usr/local/Cellar/libxext/1.3.7/include -I/usr/local/Cellar/xorgproto/2025.1/include -I/usr/local/Cellar/libx11/1.8.13/include -I/usr/local/Cellar/libxcb/1.17.0/include -I/usr/local/Cellar/libxau/1.0.12/include -I/usr/local/Cellar/libxdmcp/1.1.5/include -pthread -I/usr/local/Cellar/libxcb/1.17.0/include -I/usr/local/Cellar/libxau/1.0.12/include -I/usr/local/Cellar/libxdmcp/1.1.5/include -I/usr/local/Cellar/xorgproto/2025.1/include -I/usr/local/Cellar/libxcb/1.17.0/include -I/usr/local/Cellar/libxau/1.0.12/include -I/usr/local/Cellar/libxdmcp/1.1.5/include -I/usr/local/Cellar/xorgproto/2025.1/include -I/usr/local/Cellar/libxcb/1.17.0/include -I/usr/local/Cellar/libxau/1.0.12/include -I/usr/local/Cellar/libxdmcp/1.1.5/include -I/usr/local/Cellar/xorgproto/2025.1/include -I/usr/local/Cellar/libxcb/1.17.0/include -I/usr/local/Cellar/libxau/1.0.12/include -I/usr/local/Cellar/libxdmcp/1.1.5/include -I/usr/local/Cellar/xorgproto/2025.1/include -g -Wall -Wdisabled-optimization -Wpointer-arith -Wredundant-decls -Wwrite-strings -Wtype-limits -Wundef -Wempty-body -Wmissing-prototypes -Wstrict-prototypes -Wno-parentheses -Wno-switch -Wno-format-zero-length -Wno-pointer-sign -Wno-unused-const-variable -Wno-bool-operation -Wno-char-subscripts -Wno-implicit-const-int-float-conversion -Wno-microsoft-enum-forward-reference -O3 -fno-math-errno -fno-signed-zeros -mstack-alignment=16 -Qunused-arguments -Werror=implicit-function-declaration -Werror=missing-prototypes -Werror=return-type -c -o /var/folders/rv/fj31z1cj3j39vd6c2s012n7h0000gn/T//ffconf.JMIT29EY/test.o /var/folders/rv/fj31z1cj3j39vd6c2s012n7h0000gn/T//ffconf.JMIT29EY/test.c
check_cxxflags -Werror=return-type
test_cxxflags -Werror=return-type
test_cxx -Werror=return-type
BEGIN /var/folders/rv/fj31z1cj3j39vd6c2s012n7h0000gn/T//ffconf.JMIT29EY/test.cpp
    1	int x;
END /var/folders/rv/fj31z1cj3j39vd6c2s012n7h0000gn/T//ffconf.JMIT29EY/test.cpp
g++ -D_ISOC11_SOURCE -D_FILE_OFFSET_BITS=64 -D_LARGEFILE_SOURCE -I$(SRC_PATH)/compat/dispatch_semaphore -DPIC -D__STDC_CONSTANT_MACROS -std=c++17 -Werror=partial-availability -fomit-frame-pointer -fPIC -pthread -g -Wall -Wdisabled-optimization -Wpointer-arith -Wredundant-decls -Wwrite-strings -Wtype-limits -Wundef -Wempty-body -Wno-parentheses -Wno-switch -Wno-format-zero-length -Wno-pointer-sign -Wno-unused-const-variable -Wno-bool-operation -Wno-char-subscripts -Wno-implicit-const-int-float-conversion -Wno-microsoft-enum-forward-reference -O3 -fno-math-errno -fno-signed-zeros -mstack-alignment=16 -Qunused-arguments -Werror=implicit-function-declaration -Werror=missing-prototypes -Werror=return-type -c -o /var/folders/rv/fj31z1cj3j39vd6c2s012n7h0000gn/T//ffconf.JMIT29EY/test.o /var/folders/rv/fj31z1cj3j39vd6c2s012n7h0000gn/T//ffconf.JMIT29EY/test.cpp
check_objcflags -Werror=return-type
test_objcflags -Werror=return-type
test_objcc -Werror=return-type
BEGIN /var/folders/rv/fj31z1cj3j39vd6c2s012n7h0000gn/T//ffconf.JMIT29EY/test.m
    1	int x;
END /var/folders/rv/fj31z1cj3j39vd6c2s012n7h0000gn/T//ffconf.JMIT29EY/test.m
gcc -Werror=missing-prototypes -D_ISOC11_SOURCE -D_FILE_OFFSET_BITS=64 -D_LARGEFILE_SOURCE -I$(SRC_PATH)/compat/dispatch_semaphore -DPIC -fPIC -arch x86_64 -mmacosx-version-min=11.0 -Wno-error=asm-operand-widths -I/Users/runner/work/ffmpeg-build/ffmpeg-build/vulkan-headers/include -std=c17 -Werror=partial-availability -fno-common -fomit-frame-pointer -fPIC -I/usr/local/Cellar/libx11/1.8.13/include -I/usr/local/Cellar/xorgproto/2025.1/include -I/usr/local/Cellar/libxcb/1.17.0/include -I/usr/local/Cellar/libxau/1.0.12/include -I/usr/local/Cellar/libxdmcp/1.1.5/include -I/usr/local/Cellar/libxext/1.3.7/include -I/usr/local/Cellar/xorgproto/2025.1/include -I/usr/local/Cellar/libx11/1.8.13/include -I/usr/local/Cellar/libxcb/1.17.0/include -I/usr/local/Cellar/libxau/1.0.12/include -I/usr/local/Cellar/libxdmcp/1.1.5/include -pthread -I/usr/local/Cellar/libxcb/1.17.0/include -I/usr/local/Cellar/libxau/1.0.12/include -I/usr/local/Cellar/libxdmcp/1.1.5/include -I/usr/local/Cellar/xorgproto/2025.1/include -I/usr/local/Cellar/libxcb/1.17.0/include -I/usr/local/Cellar/libxau/1.0.12/include -I/usr/local/Cellar/libxdmcp/1.1.5/include -I/usr/local/Cellar/xorgproto/2025.1/include -I/usr/local/Cellar/libxcb/1.17.0/include -I/usr/local/Cellar/libxau/1.0.12/include -I/usr/local/Cellar/libxdmcp/1.1.5/include -I/usr/local/Cellar/xorgproto/2025.1/include -I/usr/local/Cellar/libxcb/1.17.0/include -I/usr/local/Cellar/libxau/1.0.12/include -I/usr/local/Cellar/libxdmcp/1.1.5/include -I/usr/local/Cellar/xorgproto/2025.1/include -g -Wall -Wdisabled-optimization -Wpointer-arith -Wredundant-decls -Wwrite-strings -Wtype-limits -Wundef -Wempty-body -Wmissing-prototypes -Wstrict-prototypes -Wno-parentheses -Wno-switch -Wno-format-zero-length -Wno-pointer-sign -Wno-unused-const-variable -Wno-bool-operation -Wno-char-subscripts -Wno-implicit-const-int-float-conversion -Wno-microsoft-enum-forward-reference -O3 -fno-math-errno -fno-signed-zeros -mstack-alignment=16 -Qunused-arguments -Werror=implicit-function-declaration -Werror=missing-prototypes -Werror=return-type -Werror=partial-availability -fomit-frame-pointer -fPIC -pthread -g -Wall -Wdisabled-optimization -Wpointer-arith -Wredundant-decls -Wwrite-strings -Wtype-limits -Wundef -Wempty-body -Wno-parentheses -Wno-switch -Wno-format-zero-length -Wno-pointer-sign -Wno-unused-const-variable -Wno-bool-operation -Wno-char-subscripts -Wno-implicit-const-int-float-conversion -Wno-microsoft-enum-forward-reference -O3 -fno-math-errno -fno-signed-zeros -mstack-alignment=16 -Qunused-arguments -Werror=implicit-function-declaration -Werror=missing-prototypes -Werror=return-type -c -o /var/folders/rv/fj31z1cj3j39vd6c2s012n7h0000gn/T//ffconf.JMIT29EY/test.o /var/folders/rv/fj31z1cj3j39vd6c2s012n7h0000gn/T//ffconf.JMIT29EY/test.m
check_ldflags -Qunused-arguments
test_ldflags -Qunused-arguments
test_ld cc -Qunused-arguments
test_cc -Qunused-arguments
BEGIN /var/folders/rv/fj31z1cj3j39vd6c2s012n7h0000gn/T//ffconf.JMIT29EY/test.c
    1	int main(void){ return 0; }
END /var/folders/rv/fj31z1cj3j39vd6c2s012n7h0000gn/T//ffconf.JMIT29EY/test.c
gcc -D_ISOC11_SOURCE -D_FILE_OFFSET_BITS=64 -D_LARGEFILE_SOURCE -I$(SRC_PATH)/compat/dispatch_semaphore -DPIC -fPIC -arch x86_64 -mmacosx-version-min=11.0 -Wno-error=asm-operand-widths -I/Users/runner/work/ffmpeg-build/ffmpeg-build/vulkan-headers/include -std=c17 -Werror=partial-availability -fno-common -fomit-frame-pointer -fPIC -I/usr/local/Cellar/libx11/1.8.13/include -I/usr/local/Cellar/xorgproto/2025.1/include -I/usr/local/Cellar/libxcb/1.17.0/include -I/usr/local/Cellar/libxau/1.0.12/include -I/usr/local/Cellar/libxdmcp/1.1.5/include -I/usr/local/Cellar/libxext/1.3.7/include -I/usr/local/Cellar/xorgproto/2025.1/include -I/usr/local/Cellar/libx11/1.8.13/include -I/usr/local/Cellar/libxcb/1.17.0/include -I/usr/local/Cellar/libxau/1.0.12/include -I/usr/local/Cellar/libxdmcp/1.1.5/include -pthread -I/usr/local/Cellar/libxcb/1.17.0/include -I/usr/local/Cellar/libxau/1.0.12/include -I/usr/local/Cellar/libxdmcp/1.1.5/include -I/usr/local/Cellar/xorgproto/2025.1/include -I/usr/local/Cellar/libxcb/1.17.0/include -I/usr/local/Cellar/libxau/1.0.12/include -I/usr/local/Cellar/libxdmcp/1.1.5/include -I/usr/local/Cellar/xorgproto/2025.1/include -I/usr/local/Cellar/libxcb/1.17.0/include -I/usr/local/Cellar/libxau/1.0.12/include -I/usr/local/Cellar/libxdmcp/1.1.5/include -I/usr/local/Cellar/xorgproto/2025.1/include -I/usr/local/Cellar/libxcb/1.17.0/include -I/usr/local/Cellar/libxau/1.0.12/include -I/usr/local/Cellar/libxdmcp/1.1.5/include -I/usr/local/Cellar/xorgproto/2025.1/include -g -Wall -Wdisabled-optimization -Wpointer-arith -Wredundant-decls -Wwrite-strings -Wtype-limits -Wundef -Wempty-body -Wmissing-prototypes -Wstrict-prototypes -Wno-parentheses -Wno-switch -Wno-format-zero-length -Wno-pointer-sign -Wno-unused-const-variable -Wno-bool-operation -Wno-char-subscripts -Wno-implicit-const-int-float-conversion -Wno-microsoft-enum-forward-reference -O3 -fno-math-errno -fno-signed-zeros -mstack-alignment=16 -Qunused-arguments -Werror=implicit-function-declaration -Werror=missing-prototypes -Werror=return-type -Qunused-arguments -c -o /var/folders/rv/fj31z1cj3j39vd6c2s012n7h0000gn/T//ffconf.JMIT29EY/test.o /var/folders/rv/fj31z1cj3j39vd6c2s012n7h0000gn/T//ffconf.JMIT29EY/test.c
gcc -arch x86_64 -mmacosx-version-min=11.0 -Wl,-dynamic,-search_paths_first -Wl,-no_warn_duplicate_libraries -Qunused-arguments -o /var/folders/rv/fj31z1cj3j39vd6c2s012n7h0000gn/T//ffconf.JMIT29EY/test /var/folders/rv/fj31z1cj3j39vd6c2s012n7h0000gn/T//ffconf.JMIT29EY/test.o
ar rc /var/folders/rv/fj31z1cj3j39vd6c2s012n7h0000gn/T//ffconf.JMIT29EY/test.a @/dev/null
ar: @/dev/null: No such file or directory
check_builtin stdbit stdbit.h assert.h static_assert(__STDC_VERSION_STDBIT_H__ >= 202311L, "Compiler lacks stdbit.h")
test_code ld stdbit.h assert.h static_assert(__STDC_VERSION_STDBIT_H__ >= 202311L, "Compiler lacks stdbit.h") cc
test_ld cc
test_cc
BEGIN /var/folders/rv/fj31z1cj3j39vd6c2s012n7h0000gn/T//ffconf.JMIT29EY/test.c
    1	#include <stdbit.h>
    2	#include <assert.h>
    3	int main(void) { static_assert(__STDC_VERSION_STDBIT_H__ >= 202311L, "Compiler lacks stdbit.h"); return 0; }
END /var/folders/rv/fj31z1cj3j39vd6c2s012n7h0000gn/T//ffconf.JMIT29EY/test.c
gcc -D_ISOC11_SOURCE -D_FILE_OFFSET_BITS=64 -D_LARGEFILE_SOURCE -I$(SRC_PATH)/compat/dispatch_semaphore -DPIC -fPIC -arch x86_64 -mmacosx-version-min=11.0 -Wno-error=asm-operand-widths -I/Users/runner/work/ffmpeg-build/ffmpeg-build/vulkan-headers/include -std=c17 -Werror=partial-availability -fno-common -fomit-frame-pointer -fPIC -I/usr/local/Cellar/libx11/1.8.13/include -I/usr/local/Cellar/xorgproto/2025.1/include -I/usr/local/Cellar/libxcb/1.17.0/include -I/usr/local/Cellar/libxau/1.0.12/include -I/usr/local/Cellar/libxdmcp/1.1.5/include -I/usr/local/Cellar/libxext/1.3.7/include -I/usr/local/Cellar/xorgproto/2025.1/include -I/usr/local/Cellar/libx11/1.8.13/include -I/usr/local/Cellar/libxcb/1.17.0/include -I/usr/local/Cellar/libxau/1.0.12/include -I/usr/local/Cellar/libxdmcp/1.1.5/include -pthread -I/usr/local/Cellar/libxcb/1.17.0/include -I/usr/local/Cellar/libxau/1.0.12/include -I/usr/local/Cellar/libxdmcp/1.1.5/include -I/usr/local/Cellar/xorgproto/2025.1/include -I/usr/local/Cellar/libxcb/1.17.0/include -I/usr/local/Cellar/libxau/1.0.12/include -I/usr/local/Cellar/libxdmcp/1.1.5/include -I/usr/local/Cellar/xorgproto/2025.1/include -I/usr/local/Cellar/libxcb/1.17.0/include -I/usr/local/Cellar/libxau/1.0.12/include -I/usr/local/Cellar/libxdmcp/1.1.5/include -I/usr/local/Cellar/xorgproto/2025.1/include -I/usr/local/Cellar/libxcb/1.17.0/include -I/usr/local/Cellar/libxau/1.0.12/include -I/usr/local/Cellar/libxdmcp/1.1.5/include -I/usr/local/Cellar/xorgproto/2025.1/include -g -Wall -Wdisabled-optimization -Wpointer-arith -Wredundant-decls -Wwrite-strings -Wtype-limits -Wundef -Wempty-body -Wmissing-prototypes -Wstrict-prototypes -Wno-parentheses -Wno-switch -Wno-format-zero-length -Wno-pointer-sign -Wno-unused-const-variable -Wno-bool-operation -Wno-char-subscripts -Wno-implicit-const-int-float-conversion -Wno-microsoft-enum-forward-reference -O3 -fno-math-errno -fno-signed-zeros -mstack-alignment=16 -Qunused-arguments -Werror=implicit-function-declaration -Werror=missing-prototypes -Werror=return-type -c -o /var/folders/rv/fj31z1cj3j39vd6c2s012n7h0000gn/T//ffconf.JMIT29EY/test.o /var/folders/rv/fj31z1cj3j39vd6c2s012n7h0000gn/T//ffconf.JMIT29EY/test.c
/var/folders/rv/fj31z1cj3j39vd6c2s012n7h0000gn/T//ffconf.JMIT29EY/test.c:1:10: fatal error: 'stdbit.h' file not found
#include <stdbit.h>
         ^~~~~~~~~~
1 error generated.
